,topic_id,agree,size,intercoder_reliability,krippendorff
0,51,85,100,0.85,0.654153632255822
1,55,90,100,0.9,0.647413182140326
2,76,82,100,0.82,0.4781468531468531
3,81,91,100,0.91,0.6750136091453456
4,100,87,100,0.87,0.6890251232119244
5,all,435,500,0.87,0.636647995926384
