{"chalk": 0.9872317910194397, "no person": 0.9770821928977966, "writing": 0.967363178730011, "business": 0.9637735486030579, "achievement": 0.947273313999176, "education": 0.9422071576118469, "chalkboard": 0.9395126700401306, "conceptual": 0.9139472246170044, "quality": 0.9033327698707581, "texture": 0.8864748477935791, "handwriting": 0.8676113486289978, "strategy": 0.847682535648346, "school": 0.8319151997566223, "text": 0.8217003345489502, "retro": 0.8187366724014282, "display": 0.7989967465400696, "empty": 0.7958924174308777, "handwritten": 0.7644501328468323, "accomplishment": 0.7629403471946716, "wear": 0.7435040473937988}