{"telephone": 0.9859951138496399, "electronics": 0.9829756617546082, "business": 0.9790014028549194, "technology": 0.972505509853363, "internet": 0.9649208784103394, "no person": 0.959378719329834, "screen": 0.9559181332588196, "data": 0.9515095353126526, "touch": 0.9488728046417236, "cellular telephone": 0.9457564353942871, "isolated": 0.9405117630958557, "service": 0.9385119080543518, "spherical": 0.9281991124153137, "display": 0.9121964573860168, "wireless": 0.910639226436615, "portable": 0.9026837944984436, "connection": 0.9016900062561035, "graphic design": 0.8962979912757874, "cellular": 0.8889919519424438, "equipment": 0.8879556655883789}