{"no person": 0.9951494336128235, "cropland": 0.993618369102478, "agriculture": 0.9911676645278931, "travel": 0.9881921410560608, "outdoors": 0.9843013882637024, "architecture": 0.9690279960632324, "farm": 0.9651597738265991, "daylight": 0.9542967081069946, "summer": 0.953774094581604, "landscape": 0.9508118629455566, "nature": 0.9373428225517273, "vineyard": 0.933007538318634, "irrigation": 0.9328287243843079, "water": 0.9300681352615356, "grass": 0.9292405843734741, "sky": 0.924355149269104, "road": 0.9220160245895386, "countryside": 0.9189724922180176, "tree": 0.9103679060935974, "growth": 0.9051617383956909}