{"soil": 0.9997835755348206, "ball-shaped": 0.9989581108093262, "sprout": 0.9979180693626404, "growth": 0.9978637099266052, "ground": 0.9972708821296692, "leaf": 0.9944449067115784, "agriculture": 0.9910455346107483, "root": 0.988764762878418, "no person": 0.9781488180160522, "fertility": 0.9728734493255615, "bud": 0.9719773530960083, "little": 0.968525230884552, "flora": 0.9669496417045593, "nature": 0.9658426642417908, "sapling": 0.9562880992889404, "farm": 0.955354630947113, "garden": 0.9506028294563293, "maturation": 0.9424442648887634, "grow": 0.9388206005096436, "environment": 0.9309177398681641}