{"corn": 0.9997286200523376, "hazelnut": 0.9942935109138489, "corncob": 0.9917749166488647, "grow": 0.9882556200027466, "cereal": 0.9848239421844482, "food": 0.9835008382797241, "no person": 0.9795296788215637, "gold": 0.9783692955970764, "agriculture": 0.9748247861862183, "popcorn": 0.9728397130966187, "meat": 0.9697440266609192, "straw": 0.9645159244537354, "pasture": 0.9589786529541016, "crop": 0.9432889223098755, "still life": 0.9426608681678772, "vegetable": 0.9395973086357117, "confection": 0.9345946907997131, "labyrinth": 0.929519534111023, "farm": 0.9140723943710327, "fodder": 0.8745418190956116}