{"growth": 0.9939182996749878, "corn": 0.9818331599235535, "rural": 0.9787275195121765, "no person": 0.9782477021217346, "cereal": 0.9764927625656128, "pasture": 0.9755187630653381, "farmland": 0.9748356342315674, "sun": 0.9730619192123413, "field": 0.9714838862419128, "leaf": 0.9685407280921936, "farm": 0.9654273390769958, "agriculture": 0.9649770259857178, "summer": 0.9568445086479187, "countryside": 0.9497104287147522, "nature": 0.9478166103363037, "grass": 0.9284250140190125, "flora": 0.9143022298812866, "fair weather": 0.912123441696167, "crop": 0.9087731838226318, "wheat": 0.8885947465896606}