{"art": 0.9906079769134521, "flame": 0.9830611348152161, "fantasy": 0.9670887589454651, "illustration": 0.9654801487922668, "painting": 0.954836368560791, "science": 0.9414340853691101, "artistic": 0.9291943907737732, "religion": 0.9261564016342163, "abstract": 0.9248456358909607, "visuals": 0.9131511449813843, "surreal": 0.9120787382125854, "imagery": 0.8869466781616211, "robot": 0.884300947189331, "monster": 0.8733813762664795, "light": 0.8730877637863159, "culture": 0.8663861751556396, "dreaming": 0.8636828660964966, "gold": 0.8623231649398804, "chaos": 0.8509851098060608, "danger": 0.8503657579421997}