{"grass": 0.9891877770423889, "field": 0.979115903377533, "lawn": 0.9688116908073425, "summer": 0.9670103788375854, "nature": 0.9640675187110901, "golf": 0.9614484310150146, "hayfield": 0.9573050141334534, "leisure": 0.9485841989517212, "outdoors": 0.9306007027626038, "putt": 0.9018897414207458, "garden": 0.8840152621269226, "flora": 0.8796188831329346, "outside": 0.8641721606254578, "growth": 0.8566036224365234, "course": 0.8464215397834778, "relaxation": 0.8365497589111328, "fun": 0.8258800506591797, "recreation": 0.7999517917633057, "person": 0.7782976031303406, "yard": 0.7739025354385376}