{"room": 0.9901110529899597, "interior design": 0.9875723123550415, "house": 0.9842459559440613, "painting": 0.9840812683105469, "indoors": 0.9809685349464417, "museum": 0.9726395010948181, "family": 0.9691912531852722, "door": 0.968512237071991, "minimalist": 0.968189537525177, "wall": 0.9619662165641785, "furniture": 0.95828777551651, "exhibition": 0.9493560791015625, "apartment": 0.9473999738693237, "home": 0.9460342526435852, "inside": 0.9431766867637634, "mirror": 0.9418264627456665, "trading floor": 0.9361158609390259, "contemporary": 0.9331806302070618, "architecture": 0.9144639372825623, "window": 0.9100469350814819}