{"agriculture": 0.9966726303100586, "tractor": 0.9963588118553162, "machine": 0.9961076378822327, "farm": 0.9942517280578613, "soil": 0.9929125905036926, "field": 0.9885526895523071, "crop": 0.9865211248397827, "equipment": 0.9757091999053955, "machinery": 0.9750531911849976, "straw": 0.9717168211936951, "cropland": 0.9499716758728027, "rural": 0.9426217675209045, "cereal": 0.9423609375953674, "vehicle": 0.9416437745094299, "farming": 0.9388629198074341, "industry": 0.933941662311554, "pasture": 0.9310819506645203, "grow": 0.9236356019973755, "horizontal plane": 0.9205334782600403, "dust": 0.919897198677063}