{"water": 0.9944887161254883, "no person": 0.992295503616333, "tree": 0.9836766123771667, "nature": 0.9818617105484009, "outdoors": 0.9691573977470398, "wood": 0.9614837169647217, "travel": 0.9603550434112549, "park": 0.9350992441177368, "landscape": 0.9293645620346069, "garden": 0.9261795282363892, "waterfall": 0.9232145547866821, "leaf": 0.9202663898468018, "river": 0.9156674146652222, "pool": 0.913805365562439, "flora": 0.9126598238945007, "moss": 0.9033784866333008, "stream": 0.8943625092506409, "environment": 0.8869782090187073, "lush": 0.8815832138061523, "daylight": 0.8783512115478516}