{"barn": 0.9931901097297668, "farm": 0.9883634448051453, "house": 0.9842929244041443, "sky": 0.9802643060684204, "landscape": 0.9798373579978943, "field": 0.9744219779968262, "outdoors": 0.9722785949707031, "horizontal plane": 0.971535325050354, "nature": 0.9695265889167786, "agriculture": 0.9692031145095825, "cloud": 0.9676663875579834, "rural": 0.962157666683197, "tree": 0.9500009417533875, "road": 0.9462366104125977, "wood": 0.9438221454620361, "building": 0.9396487474441528, "country": 0.9366666674613953, "fence": 0.9298052191734314, "grass": 0.9278958439826965, "farmhouse": 0.9238561391830444}