{"nature": 0.9908610582351685, "little": 0.9675443768501282, "fly": 0.966390073299408, "insect": 0.964931070804596, "animal": 0.9507627487182617, "wildlife": 0.946483314037323, "no person": 0.9403543472290039, "water": 0.9366022944450378, "summer": 0.9186316728591919, "outdoors": 0.8844757080078125, "biology": 0.8772447109222412, "eye": 0.8538734316825867, "reflection": 0.8532367944717407, "one": 0.8390166163444519, "sky": 0.8267353773117065, "sea": 0.8219517469406128, "sun": 0.8193296194076538, "travel": 0.818111777305603, "color": 0.7919270992279053, "pest": 0.777255117893219}