{"health": 0.9964441657066345, "syringe": 0.9937782287597656, "medicine": 0.9853188991546631, "science": 0.9717828035354614, "healthcare": 0.9716976881027222, "no person": 0.9695800542831421, "injection": 0.9663615822792053, "research": 0.9438811540603638, "hypodermic": 0.9248071908950806, "food": 0.9189119935035706, "still life": 0.9086814522743225, "isolated": 0.899599015712738, "cure": 0.8710212707519531, "nutrition": 0.8707607984542847, "laboratory": 0.8701606392860413, "treatment": 0.8614534735679626, "equipment": 0.8573079109191895, "illness": 0.8562615513801575, "vaccination": 0.8532915711402893, "needle": 0.8291285037994385}