{"cereal": 0.9876706600189209, "bean": 0.9859042763710022, "vegetable": 0.9851888418197632, "seed": 0.9833047389984131, "healthy": 0.9778964519500732, "legume": 0.973937451839447, "food": 0.9735642075538635, "nutrition": 0.9734096527099609, "dry": 0.9730232954025269, "health": 0.9633059501647949, "desktop": 0.9625378847122192, "uncooked": 0.9602497220039368, "farming": 0.9570866227149963, "closeup": 0.9524838328361511, "ingredients": 0.9519582986831665, "pulse": 0.942003071308136, "pea": 0.9416518807411194, "cooking": 0.9397709369659424, "batch": 0.9390084147453308, "lentil": 0.9323646426200867}