{"no person": 0.9847823977470398, "gift": 0.9647573828697205, "decoration": 0.9610210061073303, "bright": 0.9542056322097778, "color": 0.9491466283798218, "kind": 0.9444161057472229, "many": 0.9309101104736328, "desktop": 0.9257456660270691, "celebration": 0.9188523888587952, "market": 0.9104877710342407, "box": 0.9041228294372559, "pattern": 0.9000406861305237, "festival": 0.8980832695960999, "Christmas": 0.892467200756073, "displayed": 0.8851839900016785, "motley": 0.8739725351333618, "design": 0.8624047040939331, "shining": 0.8568889498710632, "abundance": 0.8562309741973877, "interior design": 0.8522104024887085}