{"corn": 0.9992227554321289, "hazelnut": 0.9951790571212769, "corncob": 0.9904478788375854, "straw": 0.988884449005127, "food": 0.9884428381919861, "agriculture": 0.982961118221283, "cereal": 0.9803786277770996, "crop": 0.9709774255752563, "pasture": 0.9681601524353027, "gold": 0.9638112187385559, "vegetable": 0.9592301845550537, "farm": 0.9591876268386841, "color": 0.9533665180206299, "desktop": 0.929477334022522, "grow": 0.9262537956237793, "nature": 0.9252581596374512, "confection": 0.9212343692779541, "flora": 0.9189521670341492, "nutrition": 0.9073015451431274, "no person": 0.9026778936386108}