{"tractor": 0.9986357092857361, "machine": 0.9932830333709717, "machinery": 0.9912717938423157, "vehicle": 0.9853866100311279, "agriculture": 0.9578019976615906, "equipment": 0.951694667339325, "farm": 0.9490243196487427, "soil": 0.9475964307785034, "wheel": 0.938660204410553, "pasture": 0.9090428352355957, "plow": 0.9080780744552612, "transportation system": 0.8862905502319336, "rural": 0.8834078907966614, "no person": 0.8780568838119507, "power": 0.8718303442001343, "field": 0.866229236125946, "heavy": 0.8618561625480652, "summer": 0.8460433483123779, "exert": 0.8441807627677917, "industry": 0.8380364179611206}