{"currency": 0.991298496723175, "wealth": 0.9908210635185242, "business": 0.9864582419395447, "finance": 0.9834573268890381, "savings": 0.9829058647155762, "paper": 0.9813224077224731, "money": 0.9720028042793274, "investment": 0.9418185949325562, "pay": 0.9410281181335449, "no person": 0.9375708103179932, "achievement": 0.9284344911575317, "shopping": 0.9269243478775024, "horizontal": 0.907369077205658, "stacks": 0.8696282505989075, "security": 0.8630560636520386, "financial": 0.8587177991867065, "indoors": 0.8584935069084167, "cash": 0.8480644226074219, "abundance": 0.8438740968704224, "number": 0.8402284979820251}