{"chalk": 0.9999467134475708, "chalkboard": 0.9991542100906372, "handwriting": 0.9960994720458984, "writing": 0.9959307312965393, "education": 0.9942983984947205, "handwritten": 0.9934359788894653, "school": 0.9824129343032837, "text": 0.9812104105949402, "conceptual": 0.9776475429534912, "creativity": 0.9735017418861389, "display": 0.9732624888420105, "business": 0.9586744904518127, "send message": 0.9545729756355286, "write": 0.9519224166870117, "alphabet": 0.9406962394714355, "no person": 0.9352613687515259, "crayon": 0.9275676012039185, "knowledge": 0.9241594076156616, "lesson": 0.9227637648582458, "motivation": 0.9158071875572205}