{"electronics": 0.9917790293693542, "technology": 0.9876126646995544, "no person": 0.9820298552513123, "business": 0.9795538187026978, "portable": 0.9711382985115051, "touch": 0.9707695245742798, "internet": 0.9603373408317566, "indoors": 0.9599587321281433, "machinery": 0.958426296710968, "data": 0.9567180275917053, "telephone": 0.9461258053779602, "computer": 0.9180318713188171, "security": 0.9160035252571106, "connection": 0.9060702919960022, "facts": 0.9056412577629089, "detail": 0.9032526016235352, "shopping": 0.8988402485847473, "blur": 0.8916260600090027, "paper": 0.88890141248703, "wireless": 0.8861998915672302}