{"indoors": 0.9954954385757446, "no person": 0.9890724420547485, "transportation system": 0.9756528735160828, "architecture": 0.9685220718383789, "modern": 0.9632766246795654, "business": 0.9576888084411621, "industry": 0.9550467133522034, "horizontal": 0.9424861073493958, "travel": 0.9368902444839478, "horizontal plane": 0.9201361536979675, "hospital": 0.9165018796920776, "grinder": 0.9161796569824219, "window": 0.9093959331512451, "contemporary": 0.904603123664856, "empty": 0.9041287899017334, "airport": 0.8944481611251831, "outdoors": 0.8924247622489929, "light": 0.8806520700454712, "door": 0.8763364553451538, "technology": 0.8668076395988464}