{"no person": 0.9662114381790161, "stripe": 0.9609452486038208, "design": 0.9547379016876221, "illustration": 0.9513248205184937, "retro": 0.9459648132324219, "flat": 0.9452331066131592, "pattern": 0.9398409724235535, "desktop": 0.9369896650314331, "vector": 0.919296383857727, "stadium": 0.9013964533805847, "horizontal": 0.8718989491462708, "technology": 0.8697740435600281, "geometric": 0.841998279094696, "texture": 0.8392189741134644, "business": 0.8345690369606018, "square": 0.8311301469802856, "graphic design": 0.8287157416343689, "electronics": 0.826509952545166, "abstract": 0.8243891596794128, "data": 0.8204101324081421}