{"electronics": 0.9872511625289917, "technology": 0.9871308207511902, "touch": 0.9845067858695984, "computer": 0.981315553188324, "business": 0.9800282716751099, "portable": 0.9742509126663208, "internet": 0.9705443382263184, "no person": 0.9701813459396362, "data": 0.9685732126235962, "connection": 0.9600578546524048, "telephone": 0.9503543972969055, "machinery": 0.9412297010421753, "wireless": 0.9396461248397827, "screen": 0.9165468811988831, "facts": 0.8783444166183472, "access": 0.8667352795600891, "laptop": 0.8580689430236816, "contemporary": 0.8488368988037109, "indoors": 0.8247853517532349, "isolated": 0.812596321105957}