{"rally": 0.9975839853286743, "healthcare": 0.978507399559021, "picket": 0.9779120683670044, "drag race": 0.9645418524742126, "austerity": 0.9541767835617065, "crisis": 0.9441672563552856, "education": 0.938521683216095, "dig": 0.9299864768981934, "offense": 0.9285494089126587, "administration": 0.9231522679328918, "police": 0.9222415089607239, "battle": 0.9102298021316528, "action": 0.9089898467063904, "democracy": 0.9087350964546204, "parliament": 0.9077371954917908, "teacher": 0.9068641066551208, "bill": 0.8967351913452148, "school": 0.8938859105110168, "fossil fuel": 0.8854424953460693, "medical practitioner": 0.8754336833953857}