{"old": 0.9726731777191162, "architecture": 0.9654291272163391, "street": 0.964859127998352, "building": 0.9515583515167236, "urban": 0.9485035538673401, "retro": 0.9336773157119751, "graffiti": 0.9315961599349976, "vintage": 0.9244903326034546, "business": 0.9177329540252686, "art": 0.9175317287445068, "family": 0.9144077301025391, "no person": 0.9058998227119446, "city": 0.8981560468673706, "window": 0.8899334669113159, "wall": 0.8809159994125366, "house": 0.8770980834960938, "signalise": 0.8765630722045898, "hanging": 0.8700131773948669, "dirty": 0.8641504049301147, "design": 0.8539389967918396}