{"machine": 0.9971407651901245, "tractor": 0.9966000914573669, "soil": 0.9957610964775085, "machinery": 0.9903719425201416, "equipment": 0.973152756690979, "plow": 0.966516375541687, "farm": 0.9656071662902832, "agriculture": 0.9630814790725708, "vehicle": 0.9577643871307373, "rural": 0.9572944045066833, "field": 0.9567146301269531, "engine": 0.9286918640136719, "summer": 0.9030567407608032, "farming": 0.8990389704704285, "country": 0.8935351371765137, "industry": 0.8877450823783875, "countryside": 0.8849055171012878, "heavy": 0.8840214014053345, "ground": 0.8783379793167114, "wheel": 0.8770210146903992}