{"map": 0.9980626702308655, "vector": 0.9952749013900757, "outline": 0.9943209886550903, "silhouette": 0.9937724471092224, "illustration": 0.9930054545402527, "geography": 0.9896591305732727, "country": 0.9895288348197937, "cartography": 0.9865940809249878, "ball-shaped": 0.9777231812477112, "travel": 0.9734019041061401, "graphic": 0.9699109792709351, "margin": 0.9679237604141235, "dirty": 0.9673619866371155, "soil": 0.9614852666854858, "Continent": 0.9594483971595764, "design": 0.9523859620094299, "splash": 0.9519871473312378, "International": 0.94761723279953, "desktop": 0.9472241997718811, "contour": 0.9454593658447266}