{"seed": 0.9976578950881958, "dietary": 0.9971657395362854, "dry": 0.9968171715736389, "variation": 0.9951058626174927, "food": 0.9940195083618164, "bowl": 0.9931119680404663, "batch": 0.987318217754364, "rice": 0.9853771328926086, "cereal": 0.9852579236030579, "freshness": 0.9694103002548218, "groats": 0.9669672250747681, "meal": 0.9661220908164978, "epicure": 0.9657177925109863, "crop": 0.9632734656333923, "healthy": 0.9606409668922424, "staple": 0.9591271877288818, "cooking": 0.9591248035430908, "fiber": 0.9555848240852356, "wheat": 0.9503640532493591, "spoon": 0.949343204498291}