{"agriculture": 0.9966811537742615, "farm": 0.9912399649620056, "soil": 0.9897157549858093, "rural": 0.9895477294921875, "farmland": 0.9774613976478577, "growth": 0.9758478999137878, "no person": 0.9756839871406555, "countryside": 0.9706004858016968, "row": 0.9680588245391846, "pasture": 0.9638234972953796, "field": 0.9559402465820312, "nature": 0.9535021781921387, "crop": 0.9428094029426575, "flora": 0.942392110824585, "food": 0.9412539601325989, "summer": 0.9411482810974121, "ground": 0.9296717643737793, "outdoors": 0.9276868104934692, "maturation": 0.9244620203971863, "cropland": 0.9232795834541321}