{"outdoors": 0.9693896174430847, "illustration": 0.9670397043228149, "horizontal plane": 0.9373654127120972, "horizontal": 0.9086263179779053, "bill": 0.9070902466773987, "vector": 0.8965801000595093, "text": 0.8905454874038696, "dirty": 0.881172239780426, "shape": 0.8764899373054504, "nature": 0.8651372790336609, "no person": 0.8590784668922424, "abstract": 0.8524231910705566, "street": 0.8487194180488586, "vertical": 0.8476321697235107, "road": 0.8460738062858582, "pattern": 0.8413135409355164, "desktop": 0.83376145362854, "design": 0.8308833837509155, "creativity": 0.8293441534042358, "city": 0.8120509386062622}