{"no person": 0.9878061413764954, "Christmas": 0.9563257098197937, "winter": 0.9503552317619324, "retro": 0.9333089590072632, "woman": 0.930748462677002, "travel": 0.9186195731163025, "traditional": 0.9051703214645386, "sepia": 0.897276759147644, "nature": 0.896159827709198, "fun": 0.8939483761787415, "elegant": 0.8845275640487671, "H2O": 0.8811905384063721, "fashion": 0.8771561980247498, "outdoors": 0.8714552521705627, "old": 0.852945864200592, "dark": 0.8400350213050842, "vacation": 0.8387738466262817, "antique": 0.8373329043388367, "art": 0.8348559737205505, "fall": 0.831378698348999}