{"no person": 0.9746307730674744, "illustration": 0.9324083924293518, "isolated": 0.9169243574142456, "plastic": 0.9076161980628967, "graphic design": 0.9039880633354187, "designing": 0.8919268846511841, "vectors": 0.8797182440757751, "business": 0.8672100901603699, "vector": 0.8500505089759827, "glazed": 0.8454938530921936, "internet": 0.8427965044975281, "health": 0.8344361782073975, "technology": 0.8044814467430115, "banner": 0.7960695624351501, "World Wide Web": 0.7933362126350403, "paper": 0.7896468043327332, "design": 0.7729531526565552, "label": 0.7612277269363403, "text": 0.7495783567428589, "service": 0.7495677471160889}