{"tree": 0.9859541058540344, "outdoors": 0.9548047184944153, "nature": 0.9277121424674988, "grass": 0.899994432926178, "guidance": 0.8978613615036011, "road": 0.8932532072067261, "sky": 0.8709973096847534, "travel": 0.8621475696563721, "architecture": 0.8554094433784485, "old": 0.8465895652770996, "summer": 0.8390454053878784, "wood": 0.8375120759010315, "flora": 0.834077775478363, "agriculture": 0.8127745389938354, "landscape": 0.7860355377197266, "religion": 0.7499710917472839, "park": 0.7444511651992798, "tourism": 0.7368372678756714, "cloud": 0.7261490225791931, "field": 0.716903030872345}