{"currency": 0.9974284768104553, "money": 0.9957603812217712, "finance": 0.9954028129577637, "business": 0.9950997233390808, "wealth": 0.9944135546684265, "dollar": 0.9932710528373718, "cash": 0.9905000329017639, "savings": 0.9898686408996582, "abundance": 0.9837207794189453, "bank": 0.9733057618141174, "century": 0.9676095843315125, "investment": 0.9625587463378906, "paper": 0.9568098187446594, "achievement": 0.9527791738510132, "loan": 0.9524856805801392, "financial": 0.95208340883255, "number": 0.9435216784477234, "prosperity": 0.9390339255332947, "commerce": 0.938370406627655, "pay": 0.9376668930053711}