{"togetherness": 0.9946011304855347, "child": 0.985421895980835, "enjoyment": 0.9804080128669739, "multicultural": 0.9779676198959351, "man": 0.9777007699012756, "fun": 0.9776136875152588, "woman": 0.9772922992706299, "love": 0.9683036208152771, "family": 0.9680731892585754, "leisure": 0.9665780663490295, "affection": 0.9657338857650757, "embrace": 0.9614342451095581, "indoors": 0.9605579972267151, "relaxation": 0.9397643208503723, "joy": 0.9351451992988586, "friendship": 0.9334341287612915, "adolescent": 0.932624876499176, "laughing": 0.9283021688461304, "Afro": 0.9165431261062622, "sit": 0.9139649271965027}