{"corn": 0.9999845027923584, "hazelnut": 0.9998719692230225, "corncob": 0.9998681545257568, "popcorn": 0.9963527917861938, "cereal": 0.9944435954093933, "agriculture": 0.9940353631973267, "pasture": 0.9928943514823914, "food": 0.992466390132904, "vegetable": 0.9899335503578186, "straw": 0.9886188507080078, "grow": 0.9885030388832092, "crop": 0.9855836629867554, "farm": 0.9841173887252808, "closeup": 0.9824228286743164, "healthy": 0.9813258647918701, "meat": 0.9812933802604675, "gold": 0.9808492064476013, "nutrition": 0.973212718963623, "desktop": 0.9692413210868835, "confection": 0.9686446785926819}