{"no person": 0.9842286109924316, "graphic design": 0.9818890690803528, "business": 0.9755316972732544, "danger": 0.941346287727356, "shopping": 0.9413374066352844, "paper": 0.915338397026062, "warning": 0.9132694005966187, "merchandise": 0.9018365740776062, "internet": 0.8980394601821899, "isolated": 0.8870809078216553, "retail sales": 0.8690757751464844, "safety": 0.8644987344741821, "option": 0.8489649891853333, "conceptual": 0.8470041751861572, "designing": 0.8443618416786194, "retail": 0.8392688632011414, "facts": 0.8355407118797302, "glazed": 0.8170093894004822, "banner": 0.81601482629776, "cheap": 0.8136072158813477}