{"leaf": 0.9966843724250793, "flora": 0.977743923664093, "design": 0.9736961126327515, "ornate": 0.9734276533126831, "decoration": 0.9688721895217896, "no person": 0.965268611907959, "vector": 0.9618356227874756, "illustration": 0.959010660648346, "nature": 0.9576054215431213, "desktop": 0.9422224164009094, "flower": 0.9314228296279907, "element": 0.9296125769615173, "growth": 0.9149372577667236, "retro": 0.9135898947715759, "picture frame": 0.9119269251823425, "ecology": 0.9093669056892395, "floral": 0.9088408350944519, "graphic design": 0.9072459936141968, "disjunct": 0.8998197913169861, "tree": 0.8948537707328796}