{"illustration": 0.9956049919128418, "panoramic": 0.9537253975868225, "outdoors": 0.9354413747787476, "text": 0.9147903323173523, "vertical": 0.9108638763427734, "nature": 0.8737115859985352, "tree": 0.862611711025238, "horizontal": 0.8368240594863892, "desktop": 0.8300489187240601, "print": 0.802563488483429, "flora": 0.8022345900535583, "landscape": 0.7764202952384949, "travel": 0.7685226798057556, "flower": 0.766890287399292, "art": 0.7663992643356323, "growth": 0.7620357275009155, "paper": 0.7546426653862, "tourism": 0.7485067248344421, "sky": 0.7483800053596497, "water": 0.7401576638221741}