{"outdoors": 0.9887654781341553, "architecture": 0.9824642539024353, "sky": 0.9805353283882141, "horizontal plane": 0.9745792150497437, "city": 0.9740755558013916, "travel": 0.9697270393371582, "business": 0.9634941816329956, "modern": 0.9571332931518555, "building": 0.9537613987922668, "street": 0.9505706429481506, "hotel": 0.9480023384094238, "no person": 0.9395147562026978, "tourism": 0.923991858959198, "tree": 0.8931209444999695, "facade": 0.8781319260597229, "signal": 0.8698870539665222, "urban": 0.8614692091941833, "daylight": 0.8575678467750549, "sunny": 0.8527907133102417, "horizontal": 0.8522793650627136}