{"tractor": 0.9980899691581726, "machinery": 0.9966291785240173, "machine": 0.9943939447402954, "vehicle": 0.994042694568634, "equipment": 0.9814939498901367, "transportation system": 0.9748270511627197, "soil": 0.9737605452537537, "no person": 0.9683776497840881, "agriculture": 0.9626014828681946, "wheel": 0.960637092590332, "heavy": 0.9549943208694458, "power": 0.9529284238815308, "tire": 0.9527069926261902, "outdoors": 0.9378343224525452, "truck": 0.93643718957901, "rural": 0.9173099994659424, "industry": 0.9090463519096375, "farm": 0.8794434070587158, "pasture": 0.8794052600860596, "summer": 0.8779647350311279}