{"no person": 0.991814911365509, "health": 0.9896730184555054, "food": 0.9886307716369629, "fruit": 0.9807507395744324, "medicine": 0.9615874290466309, "nutrition": 0.9465782046318054, "still life": 0.943908154964447, "healthcare": 0.92724609375, "grow": 0.9260672330856323, "syringe": 0.9095661044120789, "farming": 0.8948140740394592, "juicy": 0.8789629340171814, "delicious": 0.8761979341506958, "one": 0.8755022287368774, "science": 0.8676102161407471, "ingredients": 0.8183742165565491, "acute": 0.8183016777038574, "vitamin": 0.8047962784767151, "cutout": 0.8029913306236267, "needle": 0.7744207382202148}