{"apple": 0.9986826777458191, "food": 0.9943011999130249, "fruit": 0.9925532937049866, "confection": 0.9899435043334961, "sweet": 0.9898490905761719, "healthy": 0.9842419028282166, "freshness": 0.9807847738265991, "delicious": 0.9791081547737122, "color": 0.9763554930686951, "refreshment": 0.9736329317092896, "diet": 0.9702638387680054, "desktop": 0.9699302911758423, "bright": 0.9657435417175293, "health": 0.960385799407959, "nutrition": 0.9581723213195801, "no person": 0.9455617666244507, "tasty": 0.9384388327598572, "closeup": 0.913191556930542, "vibrant": 0.8970838785171509, "summer": 0.8751645684242249}