{"no person": 0.989899218082428, "outdoors": 0.9715230464935303, "rural": 0.9680233597755432, "sky": 0.9665369391441345, "countryside": 0.9582945704460144, "architecture": 0.9441034197807312, "summer": 0.9419997930526733, "grass": 0.928503155708313, "nature": 0.926198422908783, "landscape": 0.9235410094261169, "agriculture": 0.9216038584709167, "house": 0.9120681285858154, "travel": 0.9023130536079407, "wood": 0.8782476782798767, "farm": 0.8693556189537048, "family": 0.8314111232757568, "barn": 0.8277092576026917, "building": 0.8224350214004517, "sun": 0.7926501631736755, "lighthouse": 0.7887548804283142}