{"illustration": 0.9969521760940552, "vector": 0.9876101016998291, "sketch": 0.9870734214782715, "graphic": 0.9723278880119324, "art": 0.9528335928916931, "bat": 0.9493641257286072, "design": 0.9424615502357483, "Halloween": 0.9365123510360718, "pattern": 0.9173555374145508, "skittish": 0.9171130061149597, "skull": 0.9161080121994019, "desktop": 0.8983975052833557, "wallpaper": 0.8977929353713989, "decoration": 0.8964804410934448, "monster": 0.8895074725151062, "cute": 0.8812675476074219, "moon": 0.8679754734039307, "animal": 0.8674413561820984, "ghost": 0.8591979146003723, "fear": 0.8585790395736694}