{"tree": 0.9904704093933105, "house": 0.9653146266937256, "Christmas": 0.9626349806785583, "no person": 0.9532907605171204, "winter": 0.9518994092941284, "nature": 0.9512806534767151, "family": 0.9501269459724426, "illustration": 0.9390754699707031, "architecture": 0.9386865496635437, "christmas tree": 0.9363274574279785, "vector": 0.935627818107605, "sky": 0.8928040862083435, "snow": 0.885860025882721, "decoration": 0.8809459805488586, "building": 0.8788636922836304, "season": 0.8787323832511902, "image": 0.8730045557022095, "grass": 0.8700315952301025, "desktop": 0.854241669178009, "celebration": 0.8513403534889221}