{"landscape": 0.989612877368927, "agriculture": 0.9838207960128784, "field": 0.9837432503700256, "farm": 0.9756537079811096, "nature": 0.9742902517318726, "rural": 0.974095344543457, "sky": 0.965162992477417, "no person": 0.9642309546470642, "soil": 0.9625371098518372, "countryside": 0.9596131443977356, "cropland": 0.9594957232475281, "cloud": 0.9564737677574158, "grass": 0.9471877217292786, "farmland": 0.9458290338516235, "pasture": 0.9412985444068909, "growth": 0.9308121204376221, "horizon": 0.9196500182151794, "outdoors": 0.9163974523544312, "rain": 0.9112457633018494, "weather": 0.9083707928657532}