{"template": 0.9955726861953735, "World Wide Web": 0.9927298426628113, "layout": 0.992354154586792, "page": 0.9870883226394653, "presentation": 0.9801274538040161, "form": 0.9797734022140503, "set": 0.9746925830841064, "label": 0.9721807241439819, "information": 0.9602802991867065, "vectors": 0.9547824859619141, "banner": 0.9533595442771912, "site": 0.9491567015647888, "company": 0.9459219574928284, "booklet": 0.9421631693840027, "diagram": 0.9375553727149963, "arrow": 0.9373596906661987, "business": 0.9320053458213806, "navigation": 0.9167435765266418, "graph": 0.9135106205940247, "card": 0.90919029712677}