{"illustration": 0.9903239011764526, "sketch": 0.9845709204673767, "art": 0.9479772448539734, "graphic": 0.9390893578529358, "vector": 0.9353333115577698, "design": 0.9153236150741577, "desktop": 0.9077016115188599, "animal": 0.9064470529556274, "humor": 0.89423006772995, "funny": 0.8920871019363403, "amusing": 0.8807616233825684, "character": 0.8732010126113892, "smile": 0.858469545841217, "image": 0.8454267382621765, "visuals": 0.8417713046073914, "fantasy": 0.8308461308479309, "monster": 0.8226040005683899, "color": 0.8215546011924744, "narrative": 0.8212891817092896, "fish": 0.8086084127426147}