{"health": 0.994899570941925, "juicy": 0.9895897507667542, "no person": 0.9872302412986755, "nutrition": 0.9784234166145325, "isolated": 0.9693830013275146, "juice": 0.9657520055770874, "delicious": 0.9627833366394043, "freshness": 0.9409289360046387, "disjunct": 0.9366952180862427, "vitamin": 0.9355831742286682, "taste": 0.9293921589851379, "fruit": 0.9176303744316101, "bright": 0.9134816527366638, "apple": 0.8827244639396667, "food": 0.8624662160873413, "balanced diet": 0.8624194264411926, "round out": 0.8590261936187744, "summer": 0.8532149195671082, "tropical": 0.8531683683395386, "wet": 0.8160229921340942}