{"no person": 0.9884137511253357, "horizontal": 0.9880498051643372, "graphic design": 0.9714757800102234, "internet": 0.9617182016372681, "business": 0.9558078050613403, "illustration": 0.9247840642929077, "vector": 0.92242830991745, "abstract": 0.9087293744087219, "technology": 0.8986819982528687, "text": 0.8944846987724304, "simplicity": 0.8879339694976807, "World Wide Web": 0.8852754235267639, "contemporary": 0.8849495649337769, "facts": 0.8821498155593872, "creativity": 0.8584735989570618, "paper": 0.8499478697776794, "data": 0.8415995240211487, "design": 0.8403217196464539, "template": 0.8311125040054321, "banner": 0.826085090637207}