{"growth": 0.9893361330032349, "rural": 0.9790590405464172, "no person": 0.9774417281150818, "leaf": 0.9730727076530457, "field": 0.9725403785705566, "summer": 0.9697405695915222, "grass": 0.9687698483467102, "farm": 0.9623188972473145, "pasture": 0.9615157842636108, "nature": 0.9612137079238892, "sun": 0.9588191509246826, "agriculture": 0.9570033550262451, "farmland": 0.9521176815032959, "flora": 0.9441244602203369, "hayfield": 0.9352357983589172, "bright": 0.9345723986625671, "fair weather": 0.932569146156311, "soil": 0.9237886667251587, "environment": 0.9217342138290405, "countryside": 0.9089287519454956}