{"tractor": 0.9987019300460815, "machine": 0.9937554597854614, "agriculture": 0.991081178188324, "farm": 0.9900479316711426, "soil": 0.9843080639839172, "plow": 0.9791608452796936, "field": 0.9758412837982178, "crop": 0.9749729633331299, "cropland": 0.9664322733879089, "landscape": 0.9625869989395142, "agronomy": 0.9518270492553711, "ball-shaped": 0.9507316946983337, "industry": 0.9429223537445068, "machinery": 0.9412755370140076, "pasture": 0.9255186915397644, "country": 0.9089159369468689, "food": 0.8988354206085205, "harrow": 0.8836119174957275, "arable": 0.8832170367240906, "nature": 0.8830642700195312}