{"no person": 0.9880207180976868, "internet": 0.983029305934906, "business": 0.9796814918518066, "technology": 0.9765726923942566, "electronics": 0.9727299213409424, "telephone": 0.948538064956665, "touch": 0.9423795938491821, "screen": 0.935484766960144, "World Wide Web": 0.9213060140609741, "machinery": 0.9208372235298157, "wireless": 0.9195443987846375, "display": 0.9190601706504822, "computer": 0.9077486395835876, "portable": 0.89239501953125, "equipment": 0.8903239965438843, "connection": 0.8889439105987549, "data": 0.8874921798706055, "spherical": 0.8719413876533508, "facts": 0.8412981033325195, "money": 0.8136662244796753}