{"fun": 0.9239805936813354, "desktop": 0.9012951254844666, "bill": 0.8867157101631165, "illustration": 0.8609848618507385, "fast": 0.8602866530418396, "no person": 0.8454475402832031, "sport": 0.8454049229621887, "competition": 0.8401039838790894, "man": 0.8010901808738708, "winner": 0.7944977879524231, "party": 0.7851970791816711, "action": 0.7791121006011963, "bike": 0.770144522190094, "retro": 0.7606143355369568, "travel": 0.75393146276474, "art": 0.7439478635787964, "Halloween": 0.7337877154350281, "business": 0.7280290126800537, "football": 0.7233637571334839, "soccer": 0.7184633612632751}