{"child": 0.999099612236023, "education": 0.9962779879570007, "indoors": 0.9864177703857422, "classroom": 0.9853324294090271, "elementary school": 0.9822929501533508, "school": 0.9779987335205078, "togetherness": 0.9778474569320679, "teacher": 0.967769980430603, "class": 0.9664535522460938, "family": 0.9594153761863708, "adolescent": 0.9530609250068665, "sit": 0.9419211745262146, "student": 0.9355422854423523, "room": 0.9355272650718689, "man": 0.9329493045806885, "son": 0.9316841959953308, "friendship": 0.9312255382537842, "woman": 0.9291975498199463, "fun": 0.9291114211082458, "knowledge": 0.9163601398468018}