{"chalkboard": 0.999201238155365, "chalk": 0.9989367127418518, "handwriting": 0.9929169416427612, "education": 0.9916120767593384, "writing": 0.9904497265815735, "school": 0.9846498370170593, "display": 0.9773783683776855, "classroom": 0.9754133820533752, "teacher": 0.9714183211326599, "business": 0.9684054851531982, "text": 0.9662427306175232, "solution": 0.9647202491760254, "class": 0.9554303884506226, "strategy": 0.9423917531967163, "inspirational": 0.9043565392494202, "diagram": 0.8984622955322266, "presentation": 0.8976199626922607, "communication": 0.8935161232948303, "motivation": 0.8873804807662964, "lesson": 0.8848451375961304}