{"field": 0.9930203557014465, "flower": 0.9888491630554199, "sky": 0.9816800355911255, "tulip": 0.9789478182792664, "nature": 0.9769510626792908, "agriculture": 0.9673556089401245, "cloud": 0.9645070433616638, "outdoors": 0.9542455077171326, "cropland": 0.9473625421524048, "fair weather": 0.9330329298973083, "sun": 0.9325801730155945, "summer": 0.9046702980995178, "growth": 0.9008005857467651, "farm": 0.8998889327049255, "rural": 0.8969061374664307, "landscape": 0.8964414596557617, "countryside": 0.8918127417564392, "flora": 0.880153477191925, "no person": 0.877290666103363, "hayfield": 0.8718509674072266}