{"business": 0.9771559238433838, "internet": 0.9761664271354675, "touch": 0.9583073854446411, "technology": 0.9578483700752258, "electronics": 0.9526540637016296, "machinery": 0.9443389177322388, "connection": 0.9382642507553101, "portable": 0.9348269701004028, "computer": 0.9327180981636047, "data": 0.9159693121910095, "woman": 0.9152474403381348, "contemporary": 0.9015491008758545, "shopping": 0.8991696238517761, "wireless": 0.8871650695800781, "money": 0.8796395659446716, "telephone": 0.8671110272407532, "indoors": 0.8656504154205322, "paper": 0.8620998859405518, "service": 0.8596071004867554, "laptop": 0.8450134992599487}