{"screen": 0.9964678287506104, "computer": 0.9875097274780273, "monitor": 0.9874812960624695, "display": 0.9874610304832458, "World Wide Web": 0.9858435988426208, "internet": 0.9833877086639404, "laptop": 0.9791212677955627, "technology": 0.9790376424789429, "business": 0.9560436606407166, "pill": 0.9465473294258118, "touch": 0.9441331624984741, "electronics": 0.939105749130249, "data": 0.9374202489852905, "facts": 0.9130271077156067, "network": 0.9030921459197998, "communication": 0.8988184332847595, "device": 0.8943250775337219, "portable": 0.8878092765808105, "connection": 0.8808560371398926, "multimedia": 0.8755242824554443}