{"child": 0.9958444237709045, "togetherness": 0.9921367168426514, "woman": 0.9889609217643738, "indoors": 0.985469400882721, "enjoyment": 0.9767285585403442, "lunch": 0.9736103415489197, "family": 0.9619943499565125, "sit": 0.9548186659812927, "adolescent": 0.9498211741447449, "fun": 0.9462277293205261, "multicultural": 0.9454882144927979, "man": 0.9377588033676147, "friendship": 0.9163084030151367, "offspring": 0.9087633490562439, "hungry": 0.9008411169052124, "laughing": 0.8966226577758789, "breakfast": 0.8847885131835938, "four": 0.8749467730522156, "baking": 0.873435378074646, "generous": 0.8698009252548218}