{"business": 0.9940396547317505, "finance": 0.9899954795837402, "currency": 0.9875823259353638, "wealth": 0.985776960849762, "savings": 0.9823030829429626, "money": 0.9813565015792847, "achievement": 0.9707275629043579, "pay": 0.9547131657600403, "cash": 0.9495337009429932, "financial": 0.9460967183113098, "dollar": 0.9434958100318909, "bank": 0.9430615305900574, "investment": 0.9417983293533325, "paper": 0.9035876989364624, "tax": 0.897337019443512, "desktop": 0.8926928639411926, "income": 0.8881444931030273, "spherical": 0.8720152378082275, "economy": 0.8577617406845093, "gain": 0.8538732528686523}