{"field": 0.9968699812889099, "agriculture": 0.9913778305053711, "farm": 0.9888123273849487, "crop": 0.9847550392150879, "landscape": 0.9813269972801208, "growth": 0.9791233539581299, "grass": 0.9747864007949829, "nature": 0.9720744490623474, "outdoors": 0.9677571654319763, "rural": 0.9651306867599487, "soil": 0.9649668335914612, "cereal": 0.9605379104614258, "countryside": 0.9571576118469238, "panoramic": 0.9568312168121338, "hayfield": 0.9541803598403931, "flora": 0.9509111046791077, "pasture": 0.9468427300453186, "wheat": 0.9406738877296448, "season": 0.9384788274765015, "summer": 0.9376866817474365}