{"page": 0.9979673027992249, "text": 0.9921459555625916, "form": 0.9912870526313782, "template": 0.9818404316902161, "World Wide Web": 0.974879264831543, "layout": 0.9693230390548706, "document": 0.9628939628601074, "presentation": 0.9611077308654785, "booklet": 0.9589504599571228, "information": 0.9548950791358948, "business": 0.9520860910415649, "abstract": 0.9442554712295532, "facts": 0.9386284351348877, "sequence": 0.9357824325561523, "desktop": 0.917903482913971, "donation": 0.9172840118408203, "company": 0.909267008304596, "blank": 0.9023386240005493, "promotion": 0.8933561444282532, "no person": 0.8928284645080566}