{"business": 0.9931703805923462, "hand": 0.9863016605377197, "electronics": 0.9824981093406677, "telephone": 0.9776225686073303, "money": 0.9683729410171509, "shopping": 0.9663047194480896, "technology": 0.9643118977546692, "touch": 0.9511289000511169, "currency": 0.9219393134117126, "no person": 0.919629693031311, "machinery": 0.9186435341835022, "one": 0.9101287722587585, "connection": 0.902752697467804, "finance": 0.8995745182037354, "woman": 0.8973537087440491, "wealth": 0.8973313570022583, "equipment": 0.8919333219528198, "commerce": 0.8913880586624146, "pay": 0.8883159160614014, "credit card": 0.8735710978507996}