{"no person": 0.996566653251648, "architecture": 0.9731341600418091, "outdoors": 0.9489964842796326, "sky": 0.929570198059082, "travel": 0.919184684753418, "business": 0.91550213098526, "summer": 0.901541531085968, "grass": 0.8847393989562988, "building": 0.8558616638183594, "nature": 0.8500810265541077, "agriculture": 0.8407624363899231, "flower": 0.8341033458709717, "tree": 0.8291126489639282, "fall": 0.8208640217781067, "growth": 0.7807964086532593, "landscape": 0.7773657441139221, "commercial": 0.7756489515304565, "blue sky": 0.7674619555473328, "house": 0.7665497064590454, "city": 0.7395630478858948}