{"growth": 0.9965928196907043, "business": 0.9956877827644348, "progress": 0.9943609833717346, "graph": 0.9898005127906799, "finance": 0.9897651672363281, "achievement": 0.9868244528770447, "diagram": 0.980355978012085, "stripe": 0.9795786142349243, "no person": 0.9761605262756348, "money": 0.9761284589767456, "accomplishment": 0.9708787798881531, "financial": 0.9658463001251221, "savings": 0.9654785990715027, "currency": 0.9641799926757812, "disjunct": 0.9628991484642029, "wealth": 0.9614599347114563, "economy": 0.9599937796592712, "graphic design": 0.9582613110542297, "shares": 0.950456440448761, "improvement": 0.94405198097229}