{"no person": 0.9965468049049377, "graphic design": 0.9597672820091248, "retro": 0.95460045337677, "illustration": 0.949906587600708, "internet": 0.9438276290893555, "technology": 0.9371770620346069, "fun": 0.9251344799995422, "funny": 0.9184210300445557, "business": 0.9109433889389038, "wireless": 0.8942780494689941, "isolated": 0.8781276941299438, "connection": 0.870966374874115, "facts": 0.8695335984230042, "leisure": 0.8672187924385071, "vector": 0.8619444370269775, "design": 0.8574175238609314, "machinery": 0.8532923460006714, "graphic": 0.84617018699646, "email": 0.8406904935836792, "desktop": 0.8331415057182312}