{"machine": 0.9983499050140381, "tractor": 0.9948882460594177, "crop": 0.9802454113960266, "agriculture": 0.974536120891571, "machinery": 0.9713916778564453, "field": 0.965432345867157, "landscape": 0.9630317091941833, "farm": 0.9617168307304382, "wheat": 0.959308385848999, "vehicle": 0.9520838260650635, "straw": 0.9294981956481934, "equipment": 0.9182347655296326, "rural": 0.9087537527084351, "soil": 0.9061298966407776, "industry": 0.8934375047683716, "cropland": 0.8862700462341309, "cereal": 0.8644441366195679, "agronomy": 0.8593075275421143, "summer": 0.8494358658790588, "fall": 0.8492929339408875}