{"no person": 0.9942046999931335, "business": 0.9861128926277161, "writing": 0.9852898716926575, "conceptual": 0.9795655012130737, "text": 0.9765881299972534, "alphabet": 0.9761644005775452, "paper": 0.9715304970741272, "handwritten": 0.9706399440765381, "education": 0.9426549077033997, "creativity": 0.9354321956634521, "facts": 0.9328140020370483, "number": 0.9192739129066467, "typography": 0.915732204914093, "aid": 0.9092741012573242, "sign": 0.9055837392807007, "achievement": 0.9028820991516113, "letter": 0.9016016125679016, "communication": 0.8873478174209595, "support": 0.8711102604866028, "wood": 0.8582483530044556}