{"chalkboard": 0.9999951124191284, "chalk": 0.9999908208847046, "school": 0.9990248680114746, "education": 0.9990230798721313, "handwriting": 0.9988672733306885, "classroom": 0.9984720349311829, "display": 0.996557891368866, "mathematics": 0.9954755902290344, "writing": 0.995427131652832, "teacher": 0.9936687350273132, "lesson": 0.993449866771698, "handwritten": 0.9928469061851501, "slate tablet": 0.9911216497421265, "class": 0.989262044429779, "algebra": 0.9852501749992371, "text": 0.9826831817626953, "study": 0.9752380847930908, "solution": 0.9716889262199402, "physics": 0.9674652814865112, "business": 0.9658868908882141}