{"agriculture": 0.9980543851852417, "farm": 0.9905030727386475, "rural": 0.9838273525238037, "soil": 0.9797928333282471, "field": 0.9788545370101929, "no person": 0.9767189025878906, "cropland": 0.9735845327377319, "growth": 0.9715822339057922, "crop": 0.9714335799217224, "farmland": 0.9712153077125549, "pasture": 0.9618948698043823, "nature": 0.9613250494003296, "countryside": 0.9611330628395081, "row": 0.9557927846908569, "vineyard": 0.9540891051292419, "landscape": 0.9525558948516846, "wine": 0.9367105960845947, "viticulture": 0.9255959987640381, "flora": 0.9182962775230408, "summer": 0.9117974042892456}