{"architecture": 0.9937849044799805, "reflection": 0.9916117191314697, "city": 0.9910776615142822, "water": 0.9906049370765686, "river": 0.980933666229248, "building": 0.9787534475326538, "bridge": 0.9701238870620728, "travel": 0.9670795798301697, "modern": 0.9644498229026794, "no person": 0.9622750878334045, "museum": 0.9611565470695496, "urban": 0.9588818550109863, "daylight": 0.932058572769165, "park": 0.9306175708770752, "cityscape": 0.9209185838699341, "skyline": 0.9197040796279907, "waterfront": 0.9178619980812073, "outdoors": 0.9098013043403625, "sky": 0.899177074432373, "light": 0.8937067985534668}