{"dark": 0.9506257772445679, "shining": 0.948294460773468, "vector": 0.9425001740455627, "illustration": 0.9374532103538513, "no person": 0.931509256362915, "bright": 0.9218201041221619, "graphic design": 0.9113777875900269, "Christmas": 0.9086642265319824, "celebration": 0.8998957872390747, "winter": 0.8881465196609497, "contemporary": 0.8765717148780823, "illuminated": 0.8594319820404053, "nature": 0.8524860143661499, "sparkling": 0.8474417328834534, "design": 0.8401520848274231, "silhouette": 0.8396395444869995, "party": 0.8315020799636841, "outdoors": 0.8264518976211548, "light": 0.8207859396934509, "elegant": 0.8169934749603271}