{"telephone": 0.989421546459198, "business": 0.9862380027770996, "technology": 0.985595703125, "computer": 0.9763138890266418, "laptop": 0.9634582996368408, "indoors": 0.9614651799201965, "internet": 0.9587807655334473, "communication": 0.9551702737808228, "no person": 0.9484899044036865, "connection": 0.9467906951904297, "horizontal": 0.9389148354530334, "electronics": 0.930206835269928, "portable": 0.9157835841178894, "data": 0.9138148427009583, "touch": 0.9096936583518982, "office": 0.8964799046516418, "wireless": 0.8954876661300659, "machinery": 0.8915102481842041, "screen": 0.8698329329490662, "display": 0.8418506979942322}