{"illustration": 0.9980736970901489, "no person": 0.9838475584983826, "vector": 0.9836049675941467, "graphic design": 0.959968626499176, "round": 0.9429500102996826, "design": 0.9112139940261841, "sketch": 0.8740341067314148, "danger": 0.8730300664901733, "round out": 0.8682802319526672, "business": 0.8456528186798096, "target": 0.8403118252754211, "creativity": 0.8364737629890442, "child": 0.8294469714164734, "art": 0.8121493458747864, "nature": 0.802498996257782, "image": 0.7993340492248535, "accuracy": 0.7754615545272827, "internet": 0.7715920805931091, "graphic": 0.7700653076171875, "eyesight": 0.769743800163269}