{"corn": 0.9978165626525879, "agriculture": 0.9970253109931946, "farm": 0.9968935251235962, "hazelnut": 0.9911553859710693, "pasture": 0.9882340431213379, "cereal": 0.9877752065658569, "food": 0.9873003363609314, "crop": 0.9871950745582581, "summer": 0.9779723882675171, "straw": 0.9771459102630615, "nature": 0.9754600524902344, "corncob": 0.9725152254104614, "grow": 0.9693286418914795, "flora": 0.9592240452766418, "rural": 0.9580776691436768, "growth": 0.9523040056228638, "vegetable": 0.9507286548614502, "field": 0.9475841522216797, "outdoors": 0.9450783729553223, "closeup": 0.9403941035270691}