{"no person": 0.9929746389389038, "condom": 0.9821351766586304, "plastic": 0.9704626202583313, "contraceptive": 0.957656979560852, "health": 0.9512902498245239, "financial security ": 0.9436554312705994, "control": 0.9198346734046936, "healthcare": 0.9151486158370972, "lubrication": 0.9082006216049194, "medicine": 0.9058836698532104, "paper": 0.9033824801445007, "isolated": 0.9011073112487793, "business": 0.8889437317848206, "indoors": 0.8834442496299744, "horizontal": 0.8823859095573425, "treatment": 0.8585576415061951, "detail": 0.8426992893218994, "safety": 0.8320922255516052, "equipment": 0.8220400810241699, "still life": 0.8057132959365845}