{"text": 0.9560935497283936, "abstract": 0.9226248264312744, "illustration": 0.916380763053894, "business": 0.896571695804596, "graphic": 0.888286292552948, "desktop": 0.872645378112793, "design": 0.8486419916152954, "paper": 0.8472188115119934, "page": 0.810195803642273, "horizontal": 0.8101412653923035, "education": 0.8087483644485474, "pattern": 0.8029282093048096, "element": 0.7874947190284729, "creativity": 0.775977373123169, "facts": 0.7750731110572815, "document": 0.7742434740066528, "picture frame": 0.7736458778381348, "vector": 0.7716750502586365, "no person": 0.7705804109573364, "template": 0.7609407901763916}