{"wheat": 0.9992978572845459, "cereal": 0.9988540410995483, "rye": 0.9986845850944519, "straw": 0.998372495174408, "barley": 0.9974768757820129, "bread": 0.9971359968185425, "pasture": 0.9946452379226685, "corn": 0.9911475777626038, "crop": 0.9888535737991333, "rural": 0.984443187713623, "gold": 0.9834179282188416, "seed": 0.9823633432388306, "barley cereal": 0.979504406452179, "flour": 0.9736834168434143, "spike": 0.972334623336792, "farmland": 0.970045804977417, "field": 0.9659172892570496, "agriculture": 0.9451581239700317, "farm": 0.9358113408088684, "no person": 0.93349289894104}