{"corn": 0.9979780316352844, "agriculture": 0.9958009123802185, "farm": 0.9949390888214111, "pasture": 0.9864472150802612, "cereal": 0.9848368763923645, "food": 0.9838361144065857, "crop": 0.9804497957229614, "no person": 0.9713850021362305, "summer": 0.9703094959259033, "grow": 0.9700049757957458, "corncob": 0.9623064398765564, "field": 0.9597019553184509, "nature": 0.9587399959564209, "outdoors": 0.9582327604293823, "growth": 0.9490079879760742, "straw": 0.9442662000656128, "meat": 0.9275150895118713, "rural": 0.9211429953575134, "sun": 0.91729736328125, "hazelnut": 0.9170721769332886}