{"internet": 0.9821005463600159, "technology": 0.9780623316764832, "illustration": 0.9679048657417297, "device": 0.9626113176345825, "spherical": 0.9570446014404297, "screen": 0.9539536833763123, "multimedia": 0.9537861943244934, "pill": 0.942454993724823, "portable": 0.9423094987869263, "no person": 0.9385684728622437, "wireless": 0.9354704022407532, "desktop": 0.9333194494247437, "communication": 0.9312164187431335, "machinery": 0.926487922668457, "touch": 0.9239853620529175, "electronics": 0.9207905530929565, "app": 0.9178972840309143, "isolated": 0.9178621172904968, "World Wide Web": 0.9147548079490662, "computer": 0.913644015789032}