{"pattern": 0.9863452315330505, "abstract": 0.9784436225891113, "shape": 0.9663671255111694, "industry": 0.9572837948799133, "desktop": 0.9563626646995544, "old": 0.9401472806930542, "no person": 0.9358787536621094, "design": 0.9343702793121338, "dirty": 0.9319750666618347, "texture": 0.9300002455711365, "nature": 0.922258198261261, "science": 0.9133500456809998, "dark": 0.9122061729431152, "paper": 0.9088319540023804, "wallpaper": 0.8911964893341064, "show": 0.8888598084449768, "rough": 0.8888580799102783, "obsolete": 0.8878819346427917, "glazed": 0.8768125772476196, "creativity": 0.8764418363571167}