{"scribble": 0.9793030619621277, "text": 0.9727301597595215, "illustration": 0.9604490399360657, "chalk out": 0.9414898753166199, "desktop": 0.9200001358985901, "design": 0.9126107096672058, "handwritten": 0.9075126051902771, "art": 0.8876726031303406, "education": 0.8798781037330627, "graphic": 0.8756934404373169, "baptismal font": 0.8754622340202332, "letter": 0.8701492547988892, "hand": 0.8624902963638306, "no person": 0.855955183506012, "sign": 0.8536145091056824, "business": 0.8443119525909424, "visuals": 0.8396416902542114, "handwriting": 0.8369697332382202, "disjunct": 0.8309879899024963, "school": 0.8290468454360962}