{"control": 0.9857243895530701, "joystick": 0.9857198596000671, "no person": 0.983913004398346, "electronics": 0.9784268140792847, "technology": 0.9761421084403992, "console": 0.9513363242149353, "plastic": 0.942672073841095, "machinery": 0.9402129054069519, "isolated": 0.9371017813682556, "power": 0.9354177117347717, "connection": 0.9286181330680847, "video": 0.9159988760948181, "equipment": 0.8984176516532898, "car": 0.892228364944458, "safety": 0.8846408128738403, "electricity": 0.8675989508628845, "wire": 0.857925295829773, "chrome": 0.8504474759101868, "steel": 0.8498563170433044, "computer": 0.8402791619300842}