{"graphic design": 0.9759610891342163, "no person": 0.9745665788650513, "business": 0.9667506814002991, "facts": 0.962443470954895, "template": 0.9337330460548401, "presentation": 0.916680634021759, "vector": 0.9117689728736877, "stripe": 0.9070165753364563, "internet": 0.9062221050262451, "progress": 0.9055204391479492, "data": 0.9026577472686768, "connection": 0.9021716117858887, "paper": 0.9011670351028442, "banner": 0.8943917751312256, "illustration": 0.8880423903465271, "creativity": 0.8869657516479492, "vectors": 0.8735570907592773, "diagram": 0.8626925349235535, "vertical": 0.8545514941215515, "designing": 0.847027063369751}