{"ketchup": 0.994762122631073, "unhealthy": 0.9928308129310608, "fast": 0.9843872785568237, "food": 0.9821090698242188, "french fries": 0.9771646857261658, "junk": 0.9664851427078247, "lunch": 0.9540687799453735, "meat": 0.9492207169532776, "no person": 0.9456226229667664, "mustard": 0.9340429306030273, "hungry": 0.9336390495300293, "bun": 0.9307212233543396, "refreshment": 0.9218961000442505, "delicious": 0.9166693687438965, "nutrition": 0.9117838144302368, "beef": 0.9084046483039856, "burger": 0.9041977524757385, "dinner": 0.8887232542037964, "lettuce": 0.8880354166030884, "meal": 0.8765056729316711}