{"no person": 0.9903462529182434, "still life": 0.9817802309989929, "wealth": 0.9727546572685242, "business": 0.9680260419845581, "old": 0.9662335515022278, "currency": 0.9595797657966614, "copper": 0.9593914747238159, "money": 0.9580623507499695, "gold": 0.9432141184806824, "antique": 0.9203052520751953, "savings": 0.918181300163269, "one": 0.9108544588088989, "brass": 0.8966137766838074, "round out": 0.8963339328765869, "indoors": 0.8943324685096741, "finance": 0.8893603682518005, "retro": 0.8820145726203918, "vintage": 0.881639838218689, "desktop": 0.8798989057540894, "glazed": 0.8715944290161133}