{"woman": 0.987932026386261, "influenza": 0.9803433418273926, "health": 0.9687906503677368, "isolated": 0.9672329425811768, "cute": 0.9531551599502563, "skin": 0.9529761672019958, "sneezing": 0.9525315165519714, "adolescent": 0.9490350484848022, "eye": 0.9465383291244507, "pretty": 0.9430121779441833, "treatment": 0.9427053332328796, "pain": 0.933733344078064, "healthcare": 0.930432915687561, "young": 0.9205349087715149, "lips": 0.9163808226585388, "clean": 0.9147109985351562, "fever": 0.9141740202903748, "fashion": 0.9018144011497498, "worried": 0.8812415599822998, "placid": 0.8780525922775269}