{"corn": 0.9970982074737549, "food": 0.9808278679847717, "no person": 0.9805933237075806, "straw": 0.9793338179588318, "cereal": 0.9792992472648621, "disjunct": 0.9791170954704285, "popcorn": 0.9714435338973999, "corncob": 0.9672592282295227, "hazelnut": 0.9631822109222412, "agriculture": 0.958221435546875, "growth": 0.9550225734710693, "gold": 0.9533190727233887, "nature": 0.9530266523361206, "leaf": 0.9504551887512207, "nutrition": 0.9231863021850586, "health": 0.9191694855690002, "flora": 0.9094474911689758, "isolate": 0.8836710453033447, "traditional": 0.8832387924194336, "grow": 0.8682952523231506}