{"wealth": 0.9939938187599182, "business": 0.9939072728157043, "money": 0.992803156375885, "currency": 0.9905564785003662, "dollar": 0.9896870255470276, "finance": 0.9892182350158691, "paper": 0.9815024733543396, "savings": 0.9770876169204712, "achievement": 0.9722210168838501, "financial": 0.9642648100852966, "bank": 0.9619324803352356, "cash": 0.9576290249824524, "no person": 0.9415790438652039, "investment": 0.9277486801147461, "abundance": 0.8920932412147522, "century": 0.8885368704795837, "economy": 0.887599527835846, "desktop": 0.8868023753166199, "pay": 0.8762826919555664, "market": 0.8688726425170898}