{"field": 0.9882579445838928, "landscape": 0.9846060276031494, "nature": 0.9788819551467896, "rural": 0.9762296676635742, "grass": 0.96998131275177, "agriculture": 0.9692756533622742, "no person": 0.9571813344955444, "sky": 0.9565711617469788, "country": 0.9489298462867737, "countryside": 0.9464119076728821, "hayfield": 0.9444640874862671, "farm": 0.9348994493484497, "summer": 0.9207650423049927, "farmland": 0.9161339402198792, "outdoors": 0.9055626392364502, "crop": 0.905501663684845, "environment": 0.902090847492218, "fall": 0.9003980755805969, "flora": 0.8926637172698975, "tree": 0.89075767993927}