{"tree": 0.9940821528434753, "nature": 0.9918907880783081, "water": 0.9850678443908691, "landscape": 0.9806832075119019, "outdoors": 0.9756221175193787, "river": 0.9738394021987915, "wood": 0.9736570119857788, "summer": 0.9716643691062927, "park": 0.9663828611373901, "fair weather": 0.9619392156600952, "leaf": 0.9592874646186829, "season": 0.955595076084137, "sun": 0.9514481425285339, "grass": 0.9514113068580627, "dawn": 0.949182391166687, "lake": 0.9439278841018677, "no person": 0.940060555934906, "flora": 0.9369062781333923, "environment": 0.9325170516967773, "scenic": 0.9277746677398682}