{"tree": 0.9867944121360779, "illustration": 0.9721100926399231, "nature": 0.9680545330047607, "art": 0.9584787487983704, "sketch": 0.9536759257316589, "vector": 0.9481226205825806, "painting": 0.9469403028488159, "no person": 0.941347062587738, "wood": 0.9318168759346008, "food": 0.9219679236412048, "design": 0.9208182096481323, "trunk": 0.9203680157661438, "landscape": 0.906852126121521, "desktop": 0.9000014066696167, "tropical": 0.8932868838310242, "leaf": 0.8890659809112549, "flora": 0.8890413045883179, "graphic": 0.8886687159538269, "fall": 0.8808029890060425, "summer": 0.8773860931396484}