{"template": 0.996517539024353, "World Wide Web": 0.9934007525444031, "presentation": 0.9878678321838379, "layout": 0.9870633482933044, "page": 0.9828352332115173, "form": 0.9782271385192871, "promotion": 0.9718526005744934, "information": 0.9697906970977783, "navigation": 0.9689571261405945, "booklet": 0.9663291573524475, "banner": 0.9608316421508789, "facts": 0.9551081657409668, "business": 0.9549975991249084, "label": 0.9534056186676025, "procedure": 0.9443231821060181, "tag": 0.9438498616218567, "option (finance)": 0.9407324194908142, "advertising": 0.939426600933075, "vectors": 0.9380136132240295, "restaurant check": 0.9350402355194092}