{"currency": 0.9992989301681519, "money": 0.9989173412322998, "cash": 0.998126208782196, "finance": 0.9975581169128418, "dollar": 0.99736088514328, "bank": 0.9970780611038208, "paper": 0.9944908618927002, "wealth": 0.9936747550964355, "savings": 0.992133378982544, "business": 0.9890921115875244, "century": 0.9865763187408447, "financial": 0.9851976037025452, "achievement": 0.9840964078903198, "investment": 0.979032039642334, "payment": 0.9779604077339172, "note": 0.975752055644989, "banknote": 0.9674403071403503, "commerce": 0.9668319225311279, "economy": 0.9644807577133179, "pay": 0.9630897641181946}