{"no person": 0.9492939710617065, "business": 0.9047978520393372, "illustration": 0.8969138264656067, "internet": 0.8916711807250977, "contemporary": 0.8758556246757507, "facts": 0.8751249313354492, "design": 0.8703455328941345, "technology": 0.8686963319778442, "graph": 0.8484266996383667, "travel": 0.8478766083717346, "desktop": 0.8309784531593323, "data": 0.8216323256492615, "stripe": 0.8207893371582031, "vector": 0.8174102306365967, "vectors": 0.8160696029663086, "wallpaper": 0.7996369004249573, "World Wide Web": 0.7991260886192322, "computer": 0.7821337580680847, "graphic": 0.7812409996986389, "retro": 0.7739593386650085}