{"desktop": 0.9229941964149475, "illustration": 0.9217218160629272, "business": 0.8724209070205688, "communication": 0.8638467192649841, "grinder": 0.8450279831886292, "bill": 0.8411290049552917, "industry": 0.8251441717147827, "text": 0.8218618035316467, "collage": 0.8200910687446594, "card": 0.8158526420593262, "technology": 0.8156018853187561, "company": 0.7922092080116272, "collection": 0.7900165915489197, "paper": 0.7845710515975952, "color": 0.7432560920715332, "vintage": 0.7417380213737488, "image": 0.7332304120063782, "layout": 0.7324767708778381, "pattern": 0.7129591703414917, "modern": 0.7105168700218201}