{"business": 0.97511225938797, "technology": 0.9684026837348938, "internet": 0.9672948122024536, "telephone": 0.9595568180084229, "screen": 0.9507560133934021, "communication": 0.9450300335884094, "illustration": 0.9307252168655396, "connection": 0.9194517731666565, "computer": 0.9162163138389587, "World Wide Web": 0.9046273827552795, "isolated": 0.9025511145591736, "designing": 0.8971216678619385, "online": 0.8966631293296814, "facts": 0.896647036075592, "desktop": 0.8939050436019897, "text": 0.8937637209892273, "data": 0.8866158723831177, "network": 0.8818416595458984, "display": 0.8708808422088623, "signalise": 0.8694123029708862}