{"no person": 0.9982091188430786, "food": 0.993873119354248, "grow": 0.9934706687927246, "vegetable": 0.9873676896095276, "health": 0.9788388609886169, "leaf": 0.9498945474624634, "nutrition": 0.9439285397529602, "ingredients": 0.9332044124603271, "cooking": 0.9172549843788147, "wood": 0.906102180480957, "traditional": 0.9038900136947632, "pasture": 0.9003156423568726, "farming": 0.8970901370048523, "delicious": 0.881516695022583, "rustic": 0.8800228834152222, "courgette": 0.8772075772285461, "healthy": 0.8742802739143372, "cabbage": 0.8625750541687012, "nature": 0.8564261198043823, "garlic": 0.8340940475463867}