{"no person": 0.9837518930435181, "business": 0.9664689302444458, "health": 0.9437291026115417, "horizontal": 0.9216916561126709, "aid": 0.9056949019432068, "blood": 0.9006314277648926, "fish": 0.8793087601661682, "isolated": 0.8638238310813904, "danger": 0.8581673502922058, "seafood": 0.8324939012527466, "food": 0.8189646005630493, "merchandise": 0.8134804368019104, "conceptual": 0.8086471557617188, "delicious": 0.8066295981407166, "service": 0.7955634593963623, "achievement": 0.7849436402320862, "paper": 0.7778743505477905, "financial security ": 0.756076455116272, "plastic": 0.7559199333190918, "indoors": 0.7542337775230408}