{"supermarket": 0.998062789440155, "shopping": 0.996847927570343, "shop": 0.9889093041419983, "market": 0.9868224859237671, "shopping cart": 0.9858481884002686, "stock": 0.979586660861969, "mall": 0.9785758852958679, "no person": 0.9735317826271057, "shelf": 0.9700161218643188, "merchandise": 0.9695983529090881, "business": 0.9601221084594727, "blur": 0.9595638513565063, "sale": 0.9542654752731323, "food": 0.9501206874847412, "aisle": 0.9443284273147583, "kind": 0.9391908049583435, "commerce": 0.9336766004562378, "bargain": 0.9232738614082336, "color": 0.9120749831199646, "marketplace": 0.9035409688949585}