{"illustration": 0.9749583601951599, "design": 0.973614513874054, "blank": 0.9697095155715942, "paper": 0.9671242833137512, "empty": 0.9541071057319641, "no person": 0.9527551531791687, "square": 0.9420575499534607, "desktop": 0.9394044876098633, "vector": 0.9376757740974426, "devoid": 0.9221394658088684, "pattern": 0.9038282632827759, "business": 0.8718505501747131, "abstract": 0.8651069402694702, "template": 0.8591647744178772, "picture frame": 0.854198157787323, "graphic": 0.8527435660362244, "note": 0.8515375256538391, "disjunct": 0.847099781036377, "art": 0.8340595960617065, "reminder": 0.8292731046676636}