{"layout": 0.9865346550941467, "template": 0.9825356006622314, "booklet": 0.9804743528366089, "presentation": 0.9728097915649414, "navigation": 0.971609354019165, "page": 0.9611148834228516, "facts": 0.9610167741775513, "banner": 0.948324978351593, "set": 0.9455103874206543, "no person": 0.9401489496231079, "information": 0.9396026730537415, "World Wide Web": 0.9385062456130981, "text": 0.9380578994750977, "bill": 0.9317416548728943, "business": 0.9299893379211426, "menu": 0.9260771870613098, "stripe": 0.9179621338844299, "card": 0.8936173915863037, "label": 0.8854065537452698, "diagram": 0.884977400302887}