{"kind": 0.9948337078094482, "banana": 0.9881104230880737, "market": 0.9878567457199097, "abundance": 0.9852004051208496, "variation": 0.9707547426223755, "health": 0.9697525501251221, "apple": 0.9633169174194336, "ingredients": 0.9572040438652039, "garlic": 0.9546289443969727, "no person": 0.9536455869674683, "fall": 0.946092963218689, "cabbage": 0.9426175355911255, "food": 0.9369685053825378, "fruit": 0.9253144860267639, "stall": 0.9237653613090515, "option": 0.9195330739021301, "pasture": 0.9134128093719482, "assortment": 0.8996948599815369, "carrot": 0.8884390592575073, "pimento": 0.8881155252456665}