{"illustration": 0.9979293346405029, "sketch": 0.9765561819076538, "funny": 0.9694352746009827, "vector": 0.9657494425773621, "amusing": 0.9516335725784302, "humor": 0.9462247490882874, "caricature": 0.9461683034896851, "woman": 0.9457152485847473, "angry": 0.9401670098304749, "set": 0.9377502202987671, "art": 0.9369779229164124, "man": 0.9365361928939819, "shaggy": 0.9305782914161682, "hair": 0.9297229051589966, "mascot": 0.9179349541664124, "character": 0.9145123958587646, "fun": 0.9128750562667847, "face": 0.9104066491127014, "embodiment": 0.9087644219398499, "graphic": 0.9025879502296448}