{"desktop": 0.9858884215354919, "nature": 0.9847965240478516, "flower": 0.9786460995674133, "summer": 0.974277675151825, "flora": 0.9688835144042969, "color": 0.9581671953201294, "no person": 0.9478766918182373, "closeup": 0.9470165371894836, "fruit": 0.9277442693710327, "perfume": 0.9254267811775208, "disjunct": 0.9186511635780334, "bright": 0.9155930876731873, "tropical": 0.9144457578659058, "season": 0.9137213230133057, "beautiful": 0.9132636785507202, "freshness": 0.9059698581695557, "confection": 0.8830533623695374, "food": 0.87630695104599, "sweet": 0.8730784058570862, "close": 0.855477511882782}