{"abandoned": 0.9986304044723511, "house": 0.9957075119018555, "rustic": 0.9813827872276306, "family": 0.9809354543685913, "barn": 0.9803146123886108, "farm": 0.9789816737174988, "old": 0.9732827544212341, "home": 0.9704576730728149, "derelict": 0.9669850468635559, "landscape": 0.9666993618011475, "decay": 0.9655457139015198, "building": 0.9654019474983215, "country": 0.9641438722610474, "wood": 0.9613725543022156, "reside": 0.9583736062049866, "shed": 0.9556466341018677, "tree": 0.9522359371185303, "decomposition": 0.9500582814216614, "rural": 0.9484097361564636, "no person": 0.946942150592804}