{"business": 0.9760309457778931, "shopping": 0.9732953906059265, "telephone": 0.9492167234420776, "market": 0.9439574480056763, "shop": 0.9436532258987427, "stock": 0.9407780170440674, "indoors": 0.9363142848014832, "city": 0.9175664186477661, "travel": 0.9160277247428894, "no person": 0.8997109532356262, "gambling": 0.8980744481086731, "service": 0.8971205949783325, "horizontal": 0.8850070834159851, "commerce": 0.8808274865150452, "bar": 0.8655384182929993, "display": 0.8602907061576843, "communication": 0.8587320446968079, "horizontal plane": 0.8553677797317505, "casino": 0.8548480868339539, "illuminated": 0.8405374884605408}