{"vegetable": 0.9982969164848328, "food": 0.9955938458442688, "healthy": 0.9930437803268433, "flora": 0.9917639493942261, "agriculture": 0.9905912280082703, "desktop": 0.990151047706604, "grow": 0.9879016876220703, "crop": 0.9870251417160034, "nature": 0.9852812886238098, "pod": 0.9803968667984009, "closeup": 0.9797154664993286, "legume": 0.9796335697174072, "farm": 0.9789808392524719, "health": 0.9777927398681641, "bean": 0.9769288897514343, "pasture": 0.9729835391044617, "freshness": 0.9658252000808716, "farming": 0.9618755578994751, "fruit": 0.9558207392692566, "texture": 0.9422459006309509}