{"money": 0.9900659322738647, "business": 0.9802907705307007, "currency": 0.9792742133140564, "wealth": 0.9738364815711975, "no person": 0.9726184010505676, "savings": 0.9648728966712952, "paper": 0.9537471532821655, "cash": 0.9392430782318115, "finance": 0.9317038655281067, "roll": 0.919114887714386, "isolated": 0.9147167801856995, "bank": 0.8978279829025269, "euro": 0.8969226479530334, "investment": 0.8930222392082214, "desktop": 0.8707886934280396, "container": 0.8680983781814575, "financial": 0.8659253716468811, "value": 0.8587632179260254, "shopping": 0.856621503829956, "family": 0.8511365652084351}