{"rice": 0.9972381591796875, "no person": 0.9955947995185852, "ingredients": 0.9863780736923218, "health": 0.9807367324829102, "nutrition": 0.9798709750175476, "traditional": 0.9647232294082642, "cooking": 0.963537335395813, "cereal": 0.939548134803772, "dinner": 0.9381706714630127, "lunch": 0.9365381598472595, "food": 0.9298554062843323, "dry": 0.9247210621833801, "delicious": 0.9232046604156494, "wood": 0.8609803915023804, "wheat": 0.8591510057449341, "taste": 0.8579339385032654, "bamboo": 0.8548548817634583, "kind": 0.8542952537536621, "ready": 0.8006455302238464, "jasmine": 0.7979061007499695}