{"hair": 0.9898940920829773, "fashion": 0.9897378087043762, "woman": 0.9876526594161987, "girl": 0.985169529914856, "beautiful": 0.9850560426712036, "illustration": 0.9834747910499573, "young": 0.9803358912467957, "art": 0.9786973595619202, "sexy": 0.9785772562026978, "style": 0.9752644896507263, "glamour": 0.9712439775466919, "retro": 0.965945303440094, "lady": 0.961834192276001, "vector": 0.9604882001876831, "desktop": 0.9535484313964844, "person": 0.9480404853820801, "disco": 0.9419180154800415, "face": 0.9379950761795044, "party": 0.9344350099563599, "pretty": 0.9313235282897949}