{"leaf": 0.9951131939888, "agriculture": 0.9946660995483398, "banana": 0.9937815070152283, "growth": 0.9931507110595703, "nature": 0.9877881407737732, "tropical": 0.9866205453872681, "no person": 0.9852908849716187, "farm": 0.9850393533706665, "flora": 0.9819856882095337, "pasture": 0.9786595702171326, "plantation": 0.9780043959617615, "grow": 0.9690249562263489, "tree": 0.9681516289710999, "food": 0.9638525247573853, "summer": 0.9432599544525146, "unripe": 0.938139796257019, "fruit": 0.9317532181739807, "farmland": 0.9283818006515503, "crop": 0.9260629415512085, "lush": 0.9141238927841187}