{"nature": 0.9766715168952942, "no person": 0.972077488899231, "sky": 0.9578479528427124, "fun": 0.9443137049674988, "funny": 0.9416090846061707, "illustration": 0.941421627998352, "outdoors": 0.93719881772995, "cute": 0.9321150183677673, "vector": 0.9312583208084106, "sketch": 0.9274976849555969, "wood": 0.9134374856948853, "summer": 0.9016479849815369, "water": 0.885263204574585, "child": 0.8756334781646729, "travel": 0.8641965389251709, "grass": 0.861457347869873, "leaf": 0.8461663722991943, "animal": 0.8386298418045044, "scarf": 0.8365628719329834, "fantasy": 0.8244767189025879}