{"city": 0.9654362797737122, "glass items": 0.9582957625389099, "business": 0.9567448496818542, "urban": 0.9465934634208679, "architecture": 0.9455928802490234, "building": 0.9342899322509766, "steel": 0.9243361949920654, "downtown": 0.9105039834976196, "window": 0.9078359007835388, "reflection": 0.9059966802597046, "sky": 0.900544285774231, "modern": 0.8967832922935486, "light": 0.8934133052825928, "perspective": 0.881020724773407, "futuristic": 0.8804457783699036, "commercial": 0.8802293539047241, "no person": 0.8729146718978882, "office": 0.8704798221588135, "technology": 0.8407765030860901, "construction": 0.8207554817199707}