{"agriculture": 0.9987917542457581, "farm": 0.9972527623176575, "field": 0.9925711750984192, "growth": 0.9883238077163696, "crop": 0.9879561066627502, "pasture": 0.9868196845054626, "soil": 0.9853965640068054, "rural": 0.9728831648826599, "corn": 0.9726623892784119, "grow": 0.9664310812950134, "landscape": 0.9641739130020142, "flora": 0.9615619778633118, "countryside": 0.9596605896949768, "nature": 0.9578070044517517, "outdoors": 0.9540731310844421, "cropland": 0.951651930809021, "farmland": 0.9508146643638611, "food": 0.9502109885215759, "plantation": 0.9412424564361572, "leaf": 0.9280282855033875}