{"illustration": 0.9842200875282288, "desktop": 0.9593011736869812, "moon": 0.956811785697937, "no person": 0.9546855688095093, "space": 0.9535728693008423, "mystery": 0.9108113646507263, "science": 0.9085930585861206, "fantasy": 0.8924834132194519, "abstract": 0.8906550407409668, "astronomy": 0.8871196508407593, "light": 0.8710579872131348, "design": 0.8592621684074402, "art": 0.8410829305648804, "dark": 0.8408385515213013, "astrology": 0.8390576243400574, "galaxy": 0.8292492032051086, "technology": 0.8211588859558105, "planet": 0.8099356293678284, "insubstantial": 0.7962387800216675, "futuristic": 0.7958669066429138}