{"stacks": 0.9952055215835571, "no person": 0.9912524819374084, "paper": 0.9854674339294434, "order": 0.9752750396728516, "business": 0.9670172929763794, "abundance": 0.911970853805542, "corporation": 0.8978481888771057, "contemporary": 0.8965761065483093, "batch": 0.8736526370048523, "graphic design": 0.8732801675796509, "indoors": 0.8712180852890015, "horizontal": 0.8637077808380127, "data": 0.8603222370147705, "kind": 0.8457444906234741, "growth": 0.8152039051055908, "plastic": 0.8056344985961914, "isolated": 0.8044641017913818, "organization": 0.779269278049469, "savings": 0.7740273475646973, "achievement": 0.7733808159828186}