{"agriculture": 0.9945250749588013, "tractor": 0.993596076965332, "soil": 0.9934803247451782, "machine": 0.9873906373977661, "farm": 0.9838827848434448, "rural": 0.9824076294898987, "machinery": 0.981925368309021, "pasture": 0.977719247341156, "no person": 0.9775290489196777, "field": 0.970032811164856, "countryside": 0.9667788743972778, "plow": 0.9613316655158997, "ground": 0.9604169130325317, "farmland": 0.9598979949951172, "vehicle": 0.9393136501312256, "outdoors": 0.9386693239212036, "grass": 0.932913064956665, "summer": 0.9225330948829651, "cropland": 0.9021342396736145, "ball-shaped": 0.9005123972892761}