{"wood": 0.9791727066040039, "no person": 0.9738070964813232, "desktop": 0.9532692432403564, "wooden": 0.9488168358802795, "display": 0.9415416717529297, "retro": 0.928328275680542, "health": 0.9024894833564758, "healthy": 0.8986111879348755, "business": 0.8978166580200195, "food": 0.8600439429283142, "old": 0.8574166893959045, "nutrition": 0.8322795629501343, "board": 0.8291239142417908, "blank": 0.8261952996253967, "color": 0.8259955644607544, "vintage": 0.8238314986228943, "conceptual": 0.817761242389679, "design": 0.7966696619987488, "texture": 0.7931138277053833, "closeup": 0.7893353700637817}