{"no person": 0.9821013808250427, "Halloween": 0.961772084236145, "text": 0.9379960894584656, "horror": 0.9192026257514954, "danger": 0.9158928990364075, "retro": 0.9069125056266785, "bill": 0.9034070372581482, "vicious": 0.8982647657394409, "illustration": 0.867143452167511, "one": 0.851139485836029, "skittish": 0.8439611792564392, "vintage": 0.8318033814430237, "dark": 0.829247772693634, "creativity": 0.810337245464325, "scary": 0.8063728213310242, "flame": 0.7671390771865845, "design": 0.7623692154884338, "sign": 0.7604602575302124, "outdoors": 0.756930947303772, "fear": 0.752588152885437}