{"food": 0.9958523511886597, "healthy": 0.9890570044517517, "apple": 0.9880475997924805, "fruit": 0.985271692276001, "kind": 0.9812636375427246, "tomato": 0.9781226515769958, "pepper": 0.9713818430900574, "no person": 0.9703089594841003, "banana": 0.966996967792511, "cucumber": 0.9637337327003479, "cheese": 0.9632100462913513, "various": 0.9592204093933105, "health": 0.9577090740203857, "market": 0.9573537111282349, "arrangement": 0.9567775130271912, "variation": 0.9567173719406128, "vegetable": 0.9564359784126282, "assortment": 0.956330418586731, "color": 0.9539495706558228, "grape": 0.9533299803733826}