{"soil": 0.9999412298202515, "ball-shaped": 0.999466598033905, "ground": 0.9986067414283752, "agriculture": 0.9967148303985596, "growth": 0.996658205986023, "leaf": 0.9916558265686035, "nature": 0.9916467070579529, "sprout": 0.9808427095413208, "mud": 0.9798054099082947, "farmland": 0.9792115688323975, "no person": 0.9736625552177429, "compost": 0.9728751182556152, "farm": 0.9688000679016113, "flora": 0.9675832390785217, "maturation": 0.9587722420692444, "environment": 0.9581597447395325, "sow": 0.9435564875602722, "little": 0.9409312605857849, "fertility": 0.9362248182296753, "rural": 0.9210410714149475}