{"finance": 0.9998558759689331, "currency": 0.9998177886009216, "money": 0.9997337460517883, "wealth": 0.9996265172958374, "business": 0.9996139407157898, "cash": 0.9994327425956726, "investment": 0.9985284805297852, "savings": 0.9983910918235779, "dollar": 0.9982477426528931, "financial": 0.9976663589477539, "bank": 0.9976033568382263, "century": 0.9971537590026855, "paper": 0.9970118999481201, "sale": 0.9970064759254456, "abundance": 0.9969903230667114, "economy": 0.9964898228645325, "number": 0.99473637342453, "pay": 0.9921655654907227, "achievement": 0.9918689727783203, "market": 0.9913751482963562}