{"portable": 0.9905683398246765, "electronics": 0.9860915541648865, "internet": 0.9823855757713318, "technology": 0.9823097586631775, "touch": 0.9814120531082153, "wireless": 0.9790493249893188, "isolated": 0.978004515171051, "business": 0.9569320678710938, "screen": 0.9542617797851562, "equipment": 0.9375998973846436, "connection": 0.9375303387641907, "computer": 0.9357028603553772, "display": 0.9341428279876709, "data": 0.9330247640609741, "telephone": 0.9254162907600403, "no person": 0.9189260005950928, "appliance": 0.915133535861969, "machinery": 0.9049028754234314, "device": 0.8978680372238159, "contemporary": 0.8885520100593567}