{"strawberry": 0.9985806941986084, "fruit": 0.9946305751800537, "berry": 0.9908828139305115, "juicy": 0.9881773591041565, "food": 0.9851980805397034, "disjunct": 0.9827529191970825, "sweet": 0.9788224101066589, "no person": 0.9735438823699951, "delicious": 0.9726356267929077, "healthy": 0.9606190919876099, "freshness": 0.9603245854377747, "confection": 0.9568871855735779, "health": 0.9556270837783813, "tasty": 0.9547414779663086, "refreshment": 0.9489593505859375, "nature": 0.945588231086731, "leaf": 0.9404492378234863, "diet": 0.9297617673873901, "nutrition": 0.928162157535553, "summer": 0.9253007173538208}