{"food": 0.9918768405914307, "no person": 0.974987268447876, "desktop": 0.9161456823348999, "potato": 0.8966739177703857, "nature": 0.8918172717094421, "still life": 0.8894479870796204, "grow": 0.8810996413230896, "carbohydrate": 0.8794956207275391, "refreshment": 0.8698908686637878, "meal": 0.8698485493659973, "breakfast": 0.8472573757171631, "bread": 0.8324991464614868, "delicious": 0.8252783417701721, "root": 0.8228753209114075, "vegetable": 0.8211992383003235, "tasty": 0.8168197274208069, "batch": 0.7970620393753052, "cooking": 0.7960380911827087, "fruit": 0.7911210656166077, "starch": 0.7883596420288086}