{"woman": 0.9947478175163269, "fashion": 0.994645357131958, "sexy": 0.9932916164398193, "young": 0.9905576705932617, "pretty": 0.9890473484992981, "isolated": 0.9811663031578064, "glamour": 0.9788121581077576, "gloves": 0.9697973132133484, "erotic": 0.9656296372413635, "elegant": 0.9546467661857605, "manga": 0.9412269592285156, "cute": 0.9346457123756409, "beautiful": 0.9319995045661926, "hair": 0.9308565258979797, "leather": 0.9220782518386841, "attractive": 0.9179468750953674, "style": 0.910855770111084, "love": 0.8970324397087097, "two": 0.8758725523948669, "fun": 0.8721723556518555}