{"landscape": 0.9920583367347717, "nature": 0.9904893636703491, "grass": 0.983723521232605, "rural": 0.9818090796470642, "sky": 0.9776884317398071, "summer": 0.9673292636871338, "countryside": 0.9641556143760681, "fair weather": 0.9630293846130371, "no person": 0.9584624171257019, "pasture": 0.9577758312225342, "hayfield": 0.9520392417907715, "field": 0.9505963921546936, "cloud": 0.9479259252548218, "outdoors": 0.9473301768302917, "horizon": 0.9445144534111023, "weather": 0.9432961344718933, "cloudscape": 0.9344826936721802, "soil": 0.9326913952827454, "farm": 0.926423966884613, "sun": 0.9235773086547852}