{"sketch": 0.9853875041007996, "funny": 0.98274165391922, "illustration": 0.9737352132797241, "fun": 0.9667053818702698, "cute": 0.963083803653717, "child": 0.9325874447822571, "vector": 0.926503598690033, "man": 0.9083830118179321, "isolated": 0.906167209148407, "graphic design": 0.8833141326904297, "no person": 0.8628908395767212, "humor": 0.8613849878311157, "cheerful": 0.8575290441513062, "art": 0.8543237447738647, "retro": 0.8482800126075745, "character": 0.8379874229431152, "education": 0.8202988505363464, "family": 0.8160561323165894, "son": 0.815987765789032, "business": 0.8112566471099854}