{"machinery": 0.9690913558006287, "tractor": 0.969063937664032, "no person": 0.9672415256500244, "pasture": 0.9610294699668884, "soil": 0.9598369002342224, "rural": 0.9432322978973389, "fall": 0.9243860840797424, "ball-shaped": 0.9231694340705872, "leaf": 0.9135204553604126, "agriculture": 0.9133771061897278, "nature": 0.9053036570549011, "summer": 0.8994514346122742, "growth": 0.8671075105667114, "machine": 0.8644806146621704, "flora": 0.8572713136672974, "farmland": 0.8549308776855469, "ground": 0.8537793755531311, "wheat": 0.8481033444404602, "farm": 0.845211386680603, "retro": 0.8448466062545776}