{"architecture": 0.9978874325752258, "house": 0.9976938366889954, "illustration": 0.9936409592628479, "city": 0.9899610280990601, "footpath": 0.9877054691314697, "tree": 0.9833364486694336, "outdoors": 0.9815050959587097, "building": 0.9732779860496521, "fence": 0.970990777015686, "apartment": 0.9708252549171448, "grass": 0.964301347732544, "skyscraper": 0.9620211720466614, "sky": 0.9612924456596375, "town": 0.9595013856887817, "lawn": 0.9541202187538147, "cloud": 0.9536206722259521, "family": 0.9505834579467773, "window": 0.9500152468681335, "cityscape": 0.9489815831184387, "horizontal": 0.9304271340370178}