{"illustration": 0.9774453639984131, "vector": 0.9640398025512695, "sketch": 0.9586301445960999, "funny": 0.923248291015625, "map": 0.8994921445846558, "no person": 0.8952492475509644, "graphic design": 0.8682931661605835, "travel": 0.8548523783683777, "child": 0.836509644985199, "cute": 0.835942268371582, "cartography": 0.8351464867591858, "geography": 0.8044348359107971, "animal": 0.7749788165092468, "fun": 0.7663247585296631, "man": 0.7301331758499146, "outline": 0.7114947438240051, "retro": 0.6819174885749817, "isolated": 0.6335577368736267, "art": 0.6295304894447327, "humor": 0.61508709192276}