{"collage": 0.9921811819076538, "set": 0.9844622611999512, "collection": 0.9793397188186646, "food": 0.970356285572052, "broccoli": 0.9674959778785706, "tomato": 0.9620574712753296, "vegetable": 0.9588735103607178, "cucumber": 0.9550995826721191, "health": 0.9535138607025146, "healthy": 0.9401577115058899, "cabbage": 0.9388955235481262, "pepper": 0.9326623678207397, "market": 0.9258650541305542, "courgette": 0.9249072074890137, "onion": 0.9207512140274048, "garlic": 0.9197195172309875, "fruit": 0.9162905812263489, "lettuce": 0.9057074189186096, "desktop": 0.903181791305542, "carrot": 0.9024770259857178}