{"industry": 0.996368408203125, "technology": 0.9902228116989136, "steel": 0.984503984451294, "grinder": 0.9811546206474304, "power": 0.977796733379364, "pipe": 0.9755204916000366, "engine": 0.9657012224197388, "machine": 0.9615923762321472, "iron": 0.9562387466430664, "condensation": 0.950876772403717, "valve": 0.9468055367469788, "production": 0.9440305233001709, "equipment": 0.934467077255249, "petroleum": 0.931615948677063, "no person": 0.9214851260185242, "machinery": 0.9185523986816406, "transportation system": 0.9183281660079956, "pressure": 0.9171890020370483, "fuel": 0.914854884147644, "natural gas": 0.8966169357299805}