{"fall": 0.9973311424255371, "pasture": 0.9959337115287781, "pumpkin": 0.9899908304214478, "market": 0.9891256093978882, "basket": 0.9859808683395386, "vegetable": 0.9837724566459656, "Thanksgiving": 0.9835811853408813, "food": 0.9823526740074158, "no person": 0.9818398356437683, "grow": 0.9703487753868103, "fruit": 0.9616133570671082, "agriculture": 0.9593470096588135, "leaf": 0.9557232856750488, "kind": 0.9530973434448242, "nature": 0.9512883424758911, "garden": 0.9437488317489624, "summer": 0.9278998374938965, "farm": 0.9268021583557129, "color": 0.9258650541305542, "carrot": 0.9219905138015747}