{"research": 0.9874336123466492, "health": 0.9873470067977905, "healthcare": 0.9754500389099121, "indoors": 0.9602622389793396, "woman": 0.9601351022720337, "science": 0.9581605195999146, "biology": 0.9564577341079712, "medicine": 0.9528587460517883, "chemistry": 0.9528041481971741, "laboratory": 0.9471983909606934, "treatment": 0.9333292841911316, "microbiology": 0.9151829481124878, "man": 0.9063234329223633, "test": 0.8880108594894409, "pharmacology": 0.8836461901664734, "gloves": 0.8769494295120239, "biochemistry": 0.8765517473220825, "sterile": 0.8592904210090637, "medical": 0.8499021530151367, "scientific": 0.7951406240463257}