{"dollar": 0.9949668049812317, "currency": 0.9879207611083984, "paper": 0.982883632183075, "money": 0.9795281887054443, "century": 0.9762791991233826, "wealth": 0.9700444936752319, "savings": 0.9646212458610535, "finance": 0.9559552669525146, "bank": 0.953926682472229, "cash": 0.9400287866592407, "payment": 0.9387136697769165, "vintage": 0.9342887997627258, "achievement": 0.9264875054359436, "business": 0.9256010055541992, "chair": 0.9036527276039124, "old": 0.9026941061019897, "stamp": 0.8985409140586853, "collection": 0.8839480876922607, "united": 0.8832469582557678, "monetary": 0.8819063901901245}