{"agriculture": 0.9986329674720764, "rural": 0.9923986792564392, "growth": 0.9910195469856262, "no person": 0.990204930305481, "farm": 0.9890810251235962, "field": 0.9880586266517639, "farmland": 0.9868654608726501, "countryside": 0.9863291382789612, "crop": 0.9862502813339233, "vineyard": 0.9822853803634644, "cropland": 0.9818634986877441, "viticulture": 0.9795015454292297, "pasture": 0.976155161857605, "nature": 0.9742588996887207, "wine": 0.9730858206748962, "outdoors": 0.9658184051513672, "soil": 0.9484388828277588, "vine": 0.9409444332122803, "summer": 0.9399756789207458, "flora": 0.9357300996780396}