{"isolated": 0.9930135607719421, "currency": 0.9923956394195557, "security": 0.9921860694885254, "no person": 0.9909569621086121, "wealth": 0.9900349974632263, "financial security ": 0.9851383566856384, "savings": 0.9817413687705994, "business": 0.981172502040863, "money": 0.9729998111724854, "safety": 0.9695252776145935, "finance": 0.9671697020530701, "access": 0.9483397006988525, "paper": 0.9449153542518616, "data": 0.942773699760437, "secrecy": 0.9393190145492554, "pay": 0.938530683517456, "achievement": 0.9293287396430969, "theft": 0.9256568551063538, "lock": 0.9227073192596436, "one": 0.9054810404777527}