{"cloud": 0.9930357336997986, "business": 0.9884578585624695, "conceptual": 0.9871987700462341, "text": 0.9868180751800537, "strategy": 0.9829817414283752, "definition": 0.9806477427482605, "management": 0.9733675122261047, "online": 0.9553173184394836, "tag": 0.9523467421531677, "facts": 0.9522249102592468, "squad": 0.9518654942512512, "service": 0.9493188858032227, "analysis": 0.9469234347343445, "invention": 0.9441862106323242, "research": 0.9376909136772156, "internet": 0.933384895324707, "designing": 0.928077757358551, "achievement": 0.9276080131530762, "system": 0.9229394793510437, "leadership": 0.9143143892288208}