{"technology": 0.9771603345870972, "agriculture": 0.9627740383148193, "machinery": 0.9482806324958801, "machine": 0.9376434087753296, "sky": 0.9373852610588074, "vehicle": 0.9354384541511536, "industry": 0.9313056468963623, "outdoors": 0.9285240769386292, "power": 0.9272993803024292, "field": 0.9067568778991699, "soil": 0.9009164571762085, "grass": 0.8936092257499695, "summer": 0.8877952098846436, "countryside": 0.8846186995506287, "business": 0.8818618655204773, "rural": 0.8710072636604309, "farm": 0.8659594655036926, "nature": 0.8648841381072998, "equipment": 0.8570842742919922, "growth": 0.8440383076667786}