{"food": 0.988617479801178, "horizontal": 0.9827290773391724, "nature": 0.9726779460906982, "freshness": 0.9699873924255371, "vegetable": 0.9580388069152832, "flora": 0.9567111730575562, "leaf": 0.9476434588432312, "fruit": 0.9422851800918579, "indoors": 0.9346426129341125, "vertical": 0.9270557761192322, "no person": 0.8992310166358948, "banana": 0.8927725553512573, "health": 0.8764081597328186, "cooking": 0.8607789874076843, "still life": 0.8571567535400391, "isolated": 0.8482998609542847, "cut": 0.8473190665245056, "ingredients": 0.8471951484680176, "exotic": 0.8385682106018066, "nutrition": 0.7916637063026428}