{"chalk": 0.9998394250869751, "chalkboard": 0.9994572997093201, "education": 0.9932262301445007, "handwriting": 0.9930592775344849, "writing": 0.9898669719696045, "display": 0.9893858432769775, "business": 0.9892974495887756, "handwritten": 0.9882094860076904, "school": 0.9853858947753906, "conceptual": 0.9783597588539124, "text": 0.9700233936309814, "classroom": 0.9452531933784485, "achievement": 0.9387203454971313, "no person": 0.9320226907730103, "solution": 0.9215699434280396, "motivation": 0.9166848659515381, "teacher": 0.9161855578422546, "lesson": 0.9106528162956238, "sign": 0.908549964427948, "strategy": 0.9063855409622192}