{"architecture": 0.9911792874336243, "travel": 0.9901069402694702, "city": 0.9876301884651184, "no person": 0.9858303666114807, "outdoors": 0.9837461709976196, "building": 0.9777926206588745, "modern": 0.9729115962982178, "daylight": 0.969480574131012, "cityscape": 0.9475564360618591, "transportation system": 0.9379039406776428, "sky": 0.9298996329307556, "urban": 0.9275936484336853, "water": 0.9251524806022644, "business": 0.924919068813324, "skyline": 0.9052305817604065, "railway": 0.8815125226974487, "house": 0.8800259232521057, "town": 0.8746457695960999, "contemporary": 0.8679966926574707, "vehicle": 0.8491884469985962}