{"tropical": 0.9985059499740601, "juicy": 0.9975593090057373, "game half": 0.9948098659515381, "juice": 0.9901190996170044, "exotic": 0.9873162508010864, "fruit": 0.9872681498527527, "health": 0.984650731086731, "no person": 0.9770663380622864, "kiwi": 0.9683346152305603, "disjunct": 0.9653919339179993, "half": 0.9579105973243713, "vitamin": 0.9484816789627075, "leaf": 0.9476817846298218, "confection": 0.945677638053894, "food": 0.9434718489646912, "farming": 0.942916989326477, "nutrition": 0.9365730881690979, "section": 0.9341672658920288, "citrus": 0.921440601348877, "summer": 0.911977231502533}