{"business": 0.9607460498809814, "woman": 0.9472660422325134, "hand": 0.9337785243988037, "medicine": 0.8663192987442017, "health": 0.8632286190986633, "care": 0.8628714680671692, "paper": 0.85453861951828, "no person": 0.8460249304771423, "aid": 0.8295921087265015, "horizontal": 0.8125473260879517, "document": 0.808416485786438, "healthcare": 0.8052083253860474, "adult": 0.7867096662521362, "office": 0.7791629433631897, "money": 0.7708720564842224, "financial security ": 0.7515520453453064, "service": 0.7491006255149841, "balance": 0.7478627562522888, "treatment": 0.7475171089172363, "wealth": 0.7428217530250549}