{"education": 0.9991204142570496, "chalk": 0.9991025924682617, "knowledge": 0.9989645481109619, "chalkboard": 0.9989192485809326, "school": 0.9979569911956787, "college": 0.9973822236061096, "classroom": 0.9934225678443909, "study": 0.9923226237297058, "writing": 0.9907061457633972, "no person": 0.9860718846321106, "university": 0.9800829291343689, "mathematics": 0.979001522064209, "class": 0.9754815697669983, "wisdom": 0.9697999954223633, "research": 0.9690619111061096, "book": 0.9683859944343567, "teacher": 0.959604024887085, "elementary school": 0.947676420211792, "lesson": 0.9453534483909607, "intelligence": 0.9412265419960022}