{"chalk": 0.9981096982955933, "education": 0.9953299760818481, "chalkboard": 0.993751585483551, "writing": 0.9915382862091064, "school": 0.9911852478981018, "college": 0.9844234585762024, "classroom": 0.984006941318512, "knowledge": 0.9819085597991943, "class": 0.9765447378158569, "apple": 0.9731215238571167, "no person": 0.9652584791183472, "elementary school": 0.9528313279151917, "teacher": 0.9374397397041321, "study": 0.926503598690033, "science": 0.9207327365875244, "research": 0.9150747060775757, "handwriting": 0.9109987020492554, "university": 0.9068651795387268, "mathematics": 0.9054229855537415, "elementary": 0.8886663913726807}