{"book": 0.9983048439025879, "text": 0.9937974810600281, "document": 0.9875521659851074, "dictionary": 0.981960654258728, "page": 0.9813038110733032, "no person": 0.9804280400276184, "focus": 0.9758521914482117, "definition": 0.9651148319244385, "wisdom": 0.9650037884712219, "paper": 0.9629330039024353, "education": 0.9588838219642639, "horizontal": 0.957133412361145, "business": 0.9542375802993774, "poetry": 0.9487168192863464, "research": 0.9483555555343628, "vocabulary": 0.9474793672561646, "print": 0.9455478191375732, "facts": 0.943748950958252, "newspaper": 0.9416851997375488, "data": 0.9391688108444214}