{"no person": 0.9903354644775391, "milk": 0.8742029666900635, "luxury": 0.8356450796127319, "elegant": 0.8007717132568359, "retro": 0.800038754940033, "health": 0.7883733510971069, "paper": 0.7819153070449829, "food": 0.7621460556983948, "bright": 0.7550559043884277, "shining": 0.7550413012504578, "ingredients": 0.7477765083312988, "merchandise": 0.74522864818573, "cream": 0.7345112562179565, "Christmas": 0.7302361726760864, "empty": 0.7213518619537354, "still life": 0.7208232879638672, "one": 0.7205237150192261, "fashion": 0.7008903622627258, "moisturize": 0.6824864745140076, "vacation": 0.6823120713233948}