{"landscape": 0.9765949845314026, "vehicle": 0.9731959104537964, "water": 0.9683514833450317, "travel": 0.9623041152954102, "agriculture": 0.9600831866264343, "outdoors": 0.955950140953064, "environment": 0.9487977027893066, "house": 0.9398188591003418, "no person": 0.9323194622993469, "smoke": 0.9298866391181946, "river": 0.9288972020149231, "transportation system": 0.9147447347640991, "tree": 0.9091781973838806, "cropland": 0.8899995684623718, "farm": 0.8893606662750244, "track": 0.8832334876060486, "lake": 0.8791991472244263, "building": 0.8747739195823669, "competition": 0.8609625697135925, "daylight": 0.8606629371643066}