{"tomato": 0.9910250902175903, "food": 0.9874719977378845, "no person": 0.9749471545219421, "shining": 0.9718039631843567, "vegetable": 0.9680694341659546, "healthy": 0.9630814790725708, "health": 0.9588796496391296, "cooking": 0.9544996619224548, "nutrition": 0.9533511400222778, "fruit": 0.9512092471122742, "freshness": 0.9419829845428467, "cherry": 0.9396906495094299, "round out": 0.9319295287132263, "diet": 0.9311087131500244, "juicy": 0.9303976893424988, "delicious": 0.9200955629348755, "closeup": 0.9111015796661377, "leaf": 0.8955698013305664, "salad": 0.8923647403717041, "husk": 0.8877209424972534}