{"agriculture": 0.994550883769989, "no person": 0.9934513568878174, "leaf": 0.9886780381202698, "soil": 0.9813477993011475, "farm": 0.9808641076087952, "pasture": 0.9778887033462524, "nature": 0.9754480123519897, "food": 0.9710975885391235, "grow": 0.9647678136825562, "outdoors": 0.9542986750602722, "growth": 0.9453765749931335, "rural": 0.9361142516136169, "flora": 0.9351291656494141, "crop": 0.9318612217903137, "ball-shaped": 0.931567907333374, "farmland": 0.917708158493042, "landscape": 0.916672945022583, "ground": 0.9147071242332458, "vegetable": 0.9107359647750854, "grass": 0.9077168703079224}