{"security": 0.9967267513275146, "no person": 0.9929445385932922, "secrecy": 0.990948498249054, "contemporary": 0.9855335354804993, "financial security ": 0.9845848679542542, "safety": 0.9839887022972107, "access": 0.982029139995575, "electronics": 0.9673746824264526, "indoors": 0.964889645576477, "machinery": 0.963161289691925, "technology": 0.9623059630393982, "business": 0.9559912085533142, "family": 0.9533630609512329, "lock": 0.9528965950012207, "private": 0.9511495232582092, "isolated": 0.948106586933136, "surveillance": 0.9434266090393066, "steel": 0.9410810470581055, "trade protection": 0.9327176809310913, "power": 0.9322547316551208}