{"basket": 0.9951735138893127, "fruit": 0.9851037859916687, "food": 0.9816815257072449, "apple": 0.9682979583740234, "wood": 0.9596065282821655, "no person": 0.9595335721969604, "health": 0.9505584239959717, "market": 0.9454298615455627, "healthy": 0.941533088684082, "family": 0.9399497509002686, "pasture": 0.9341368675231934, "grow": 0.9285340905189514, "nutrition": 0.9267264008522034, "vegetable": 0.9214850068092346, "wooden": 0.9061040282249451, "table": 0.9003511071205139, "box": 0.8964397311210632, "indoors": 0.891113817691803, "nature": 0.8874815702438354, "fall": 0.8757379651069641}