{"no person": 0.9668954610824585, "poultry": 0.9547498822212219, "food": 0.9404144883155823, "one": 0.9324266314506531, "bird": 0.9282759428024292, "influenza": 0.9178627133369446, "chicken": 0.9061567187309265, "health": 0.9036920070648193, "medicine": 0.8922836184501648, "dame": 0.8838387131690979, "isolated": 0.8699319958686829, "nature": 0.8470299243927002, "cute": 0.8153566718101501, "animal": 0.797215461730957, "portrait": 0.7942391633987427, "healthcare": 0.7844316959381104, "plastic": 0.7827792763710022, "nutrition": 0.7651045918464661, "science": 0.7439300417900085, "little": 0.741028904914856}