{"corn": 0.9994435906410217, "hazelnut": 0.9971113204956055, "corncob": 0.9931043982505798, "straw": 0.9895426034927368, "food": 0.9883859157562256, "agriculture": 0.9819684624671936, "vegetable": 0.9716567397117615, "pasture": 0.9657340049743652, "cereal": 0.9639281630516052, "confection": 0.9627896547317505, "crop": 0.9621357917785645, "gold": 0.9609817862510681, "farm": 0.9590032696723938, "color": 0.954658567905426, "nature": 0.9445782899856567, "flora": 0.9421687722206116, "grow": 0.9415021538734436, "popcorn": 0.9363444447517395, "desktop": 0.9334793090820312, "nutrition": 0.9329452514648438}