{"glass items": 0.9985974431037903, "window": 0.9928730726242065, "modern": 0.9927093982696533, "architecture": 0.9922135472297668, "business": 0.991289496421814, "office": 0.9880290627479553, "no person": 0.9859862327575684, "building": 0.9810437560081482, "facade": 0.9710001349449158, "reflection": 0.969173789024353, "contemporary": 0.9663633704185486, "city": 0.9660112857818604, "urban": 0.9572655558586121, "finance": 0.953170120716095, "futuristic": 0.9427762627601624, "steel": 0.9399586319923401, "tallest": 0.9337961077690125, "travel": 0.9333525896072388, "downtown": 0.929387629032135, "expression": 0.9289292097091675}