{"vehicle": 0.9946097135543823, "truck": 0.9810280203819275, "transportation system": 0.9789937734603882, "machine": 0.9680292010307312, "tractor": 0.9523717761039734, "machinery": 0.9245883822441101, "soil": 0.9187200665473938, "no person": 0.9166899919509888, "industry": 0.907667338848114, "equipment": 0.8967914581298828, "wheel": 0.8762862682342529, "heavy": 0.8627951741218567, "outdoors": 0.8489530682563782, "battle": 0.8242084383964539, "veteran": 0.8236199021339417, "power": 0.8138983845710754, "horizontal plane": 0.7993823289871216, "car": 0.7710118889808655, "flag": 0.7678706645965576, "action": 0.7629503607749939}