{"corn": 0.9995355606079102, "corncob": 0.9979335069656372, "popcorn": 0.9907726049423218, "no person": 0.9880337119102478, "straw": 0.9854043126106262, "cereal": 0.9818305373191833, "hazelnut": 0.9804163575172424, "grow": 0.9593432545661926, "agriculture": 0.9586821794509888, "food": 0.9488246440887451, "health": 0.944775402545929, "silk": 0.9355862140655518, "pasture": 0.9339414834976196, "gold": 0.9332921504974365, "nutrition": 0.9305791258811951, "meat": 0.903782308101654, "blur": 0.9003911018371582, "nature": 0.8887225985527039, "vegetable": 0.8757774233818054, "crop": 0.874336302280426}