{"World Wide Web": 0.997847318649292, "template": 0.997498095035553, "layout": 0.994265615940094, "navigation": 0.9940891265869141, "form": 0.9935896396636963, "label": 0.993126392364502, "presentation": 0.9927740097045898, "arrow": 0.9908478260040283, "site": 0.9904841184616089, "banner": 0.9899182915687561, "page": 0.9890331029891968, "graph": 0.980079710483551, "number": 0.975692868232727, "facts": 0.9696201086044312, "vectors": 0.9670578837394714, "stripe": 0.9665584564208984, "menu (food)": 0.9642192125320435, "diagram": 0.9631717801094055, "steps": 0.961336612701416, "information": 0.957520604133606}