{"no person": 0.9952327609062195, "food": 0.9933733940124512, "health": 0.9890946745872498, "nutrition": 0.9771379232406616, "ingredients": 0.9758152961730957, "grow": 0.9692322015762329, "tomato": 0.9682158827781677, "fruit": 0.9670071601867676, "vegetable": 0.9648829102516174, "juicy": 0.9642406105995178, "delicious": 0.9580445885658264, "leaf": 0.9505882859230042, "cooking": 0.9494113922119141, "farming": 0.9479182362556458, "round out": 0.9330430030822754, "wet": 0.914391279220581, "fall": 0.907068133354187, "still life": 0.9023659825325012, "healthy": 0.8938779234886169, "nature": 0.8838005661964417}