{"basket": 0.9985546469688416, "wicker": 0.9932177662849426, "handmade": 0.9924983382225037, "weaving": 0.9908422231674194, "handicraft": 0.9883798360824585, "isolated": 0.9861046671867371, "no person": 0.9830402731895447, "desktop": 0.9826289415359497, "color": 0.9742276668548584, "craft": 0.9663564562797546, "handle": 0.9588713049888611, "disjunct": 0.9510267972946167, "arts and crafts": 0.9499167799949646, "single": 0.9491807818412781, "traditional": 0.9479236602783203, "fashion": 0.932341456413269, "decoration": 0.9321880340576172, "shopping": 0.9254021048545837, "design": 0.9228656888008118, "container": 0.9115227460861206}