{"agriculture": 0.9896467328071594, "machine": 0.9872111082077026, "tractor": 0.9852848649024963, "crop": 0.9846541285514832, "farm": 0.982604444026947, "cereal": 0.9815649390220642, "field": 0.9765971302986145, "straw": 0.974486768245697, "corn": 0.9739645719528198, "wheat": 0.9732075333595276, "machinery": 0.9719138741493225, "pasture": 0.9689568281173706, "rural": 0.9564551711082458, "no person": 0.924072265625, "industry": 0.9228770136833191, "cropland": 0.9189980030059814, "summer": 0.9187409281730652, "outdoors": 0.9015106558799744, "soil": 0.897794246673584, "rye": 0.8962353467941284}