{"love": 0.996619462966919, "fall": 0.9960629343986511, "nature": 0.9950029253959656, "park": 0.9941721558570862, "outdoors": 0.9900919795036316, "embrace": 0.9836979508399963, "happiness": 0.9828099012374878, "affection": 0.9779112935066223, "togetherness": 0.9754564166069031, "lifestyle": 0.9731701612472534, "family": 0.9686033725738525, "couple": 0.9644654393196106, "outside": 0.955467939376831, "leisure": 0.954380452632904, "woman": 0.9538500905036926, "romance": 0.9526812434196472, "hug": 0.947483241558075, "summer": 0.9461816549301147, "tree": 0.9457510113716125, "relationship": 0.9452047348022461}