{"sketch": 0.9958058595657349, "illustration": 0.9936814308166504, "gentleman": 0.9867339134216309, "vector": 0.9833506941795349, "graphic": 0.9824494123458862, "child": 0.9701825976371765, "movie": 0.9651989936828613, "brownie": 0.9588937759399414, "weed": 0.9563413858413696, "fun": 0.9377630352973938, "lid": 0.9306047558784485, "character": 0.9285744428634644, "art": 0.9215897917747498, "son": 0.9156456589698792, "tree log": 0.9060584306716919, "dwarf": 0.902952253818512, "smile": 0.8973796367645264, "cute": 0.8841380476951599, "cap": 0.8822754621505737, "leprechaun": 0.8818517923355103}