{"business": 0.9883062243461609, "text": 0.9787142872810364, "strategy": 0.9786696434020996, "education": 0.9761742353439331, "motivation": 0.9750849604606628, "achievement": 0.972733199596405, "designing": 0.9680611491203308, "illustration": 0.960005521774292, "handwriting": 0.9541763663291931, "writing": 0.9486784934997559, "vision": 0.9480695724487305, "chalkboard": 0.9471206665039062, "solution": 0.9451760053634644, "improvement": 0.9405784606933594, "leadership": 0.9381805062294006, "chalk": 0.9371986389160156, "conceptual": 0.9353489875793457, "sign": 0.9335623979568481, "vectors": 0.9325968623161316, "management": 0.930247962474823}