{"health": 0.9969358444213867, "juicy": 0.9968825578689575, "no person": 0.9964917302131653, "nature": 0.9962582588195801, "leaf": 0.9962359070777893, "delicious": 0.9937246441841125, "food": 0.9877986907958984, "vitamin": 0.9877029061317444, "nutrition": 0.9845549464225769, "fruit": 0.9803022146224976, "pasture": 0.9772169589996338, "summer": 0.9759578108787537, "ingredients": 0.9640263319015503, "strawberry": 0.9636317491531372, "confection": 0.9602400660514832, "farming": 0.942872166633606, "balanced diet": 0.9293208718299866, "berry": 0.9242926239967346, "taste": 0.9240071177482605, "garden": 0.9055724143981934}