{"tractor": 0.9868040680885315, "transportation system": 0.9810845851898193, "vehicle": 0.9808339476585388, "machinery": 0.9802624583244324, "heavy": 0.974388599395752, "industry": 0.9617683291435242, "machine": 0.9581791162490845, "truck": 0.9559347033500671, "no person": 0.9526278972625732, "car": 0.9462813138961792, "wheel": 0.9415360689163208, "equipment": 0.9266143441200256, "soil": 0.9226790070533752, "agriculture": 0.9199512600898743, "outdoors": 0.9173974394798279, "tire": 0.9141800999641418, "power": 0.896748423576355, "sky": 0.8872072696685791, "expression": 0.8523836135864258, "large": 0.8456460237503052}