{"vector": 0.9847514033317566, "fun": 0.9704470038414001, "illustration": 0.9703585505485535, "sketch": 0.9498825073242188, "Halloween": 0.9469988942146301, "cute": 0.9113602638244629, "graphic": 0.8937298059463501, "retro": 0.8791606426239014, "celebration": 0.8708863258361816, "party": 0.8696780800819397, "child": 0.8668388724327087, "traditional": 0.8665123581886292, "funny": 0.8655928373336792, "design": 0.8645294308662415, "banner": 0.8617733120918274, "costume": 0.859255313873291, "man": 0.8569087386131287, "character": 0.8531184792518616, "art": 0.8499516248703003, "no person": 0.8422254323959351}