{"business": 0.9956116080284119, "security": 0.9875528812408447, "text": 0.9853891730308533, "technology": 0.9812476634979248, "internet": 0.9749726057052612, "communication": 0.9702793955802917, "computer": 0.9686447381973267, "signalise": 0.9686278700828552, "key": 0.9618646502494812, "data": 0.9552122354507446, "secrecy": 0.9510327577590942, "World Wide Web": 0.9468434453010559, "offense": 0.9396876692771912, "service": 0.9391356706619263, "online": 0.9356232285499573, "control": 0.9334756731987, "access": 0.9185616374015808, "strategy": 0.9065327644348145, "conceptual": 0.9046886563301086, "laptop": 0.8978270292282104}