{"illustration": 0.9980220794677734, "sketch": 0.9973805546760559, "funny": 0.9936281442642212, "cute": 0.9801187515258789, "character": 0.977760910987854, "cheerful": 0.9518009424209595, "child": 0.9509031772613525, "fun": 0.9434929490089417, "art": 0.9397137761116028, "man": 0.9223844408988953, "vector": 0.9133758544921875, "humor": 0.8948299288749695, "friendship": 0.889378547668457, "animal": 0.8833893537521362, "son": 0.8760063648223877, "clip": 0.8752231001853943, "isolated": 0.8615540266036987, "happiness": 0.8191129565238953, "family": 0.7960469126701355, "nature": 0.766520082950592}