{"graphic design": 0.9310654997825623, "no person": 0.9172951579093933, "glazed": 0.8987093567848206, "horizontal": 0.8785209059715271, "technology": 0.8710413575172424, "electronics": 0.8502916097640991, "eyesight": 0.8375536203384399, "internet": 0.8351935744285583, "navigation": 0.8285097479820251, "business": 0.7937830686569214, "creativity": 0.7807700037956238, "security": 0.7666874527931213, "equipment": 0.7613944411277771, "facts": 0.7460199594497681, "plastic": 0.7329443097114563, "strength": 0.7205804586410522, "service": 0.7201391458511353, "nature": 0.7195992469787598, "safety": 0.7168488502502441, "data": 0.711440920829773}