{"Halloween": 0.9862357974052429, "horror": 0.9803069233894348, "skittish": 0.9658709168434143, "vicious": 0.9365956783294678, "haunt": 0.9147952198982239, "woman": 0.9110411405563354, "fun": 0.9007425308227539, "fear": 0.8972124457359314, "fantasy": 0.8928741216659546, "eerie": 0.890222430229187, "monster": 0.8773406147956848, "fright": 0.8763089179992676, "bizarre": 0.8681877255439758, "mystery": 0.8660678863525391, "dark": 0.8640202879905701, "retro": 0.8611207008361816, "art": 0.852104127407074, "conceptual": 0.8512315154075623, "creativity": 0.8481312394142151, "illustration": 0.8473159670829773}