{"screen": 0.9850524067878723, "technology": 0.9802519679069519, "display": 0.9748837947845459, "facts": 0.9632332921028137, "data": 0.9589473009109497, "computer": 0.9586142301559448, "internet": 0.9554417729377747, "business": 0.9450494050979614, "spherical": 0.9367868900299072, "map": 0.9294493198394775, "graph": 0.9070398211479187, "money": 0.902064859867096, "designing": 0.8743813037872314, "monitor": 0.865826427936554, "World Wide Web": 0.8643143177032471, "achievement": 0.8516877293586731, "desktop": 0.851038932800293, "market": 0.8491271734237671, "strategy": 0.8387059569358826, "telephone": 0.8366793394088745}