{"healthy": 0.9903355836868286, "desktop": 0.9874110817909241, "health": 0.9873279929161072, "nutrition": 0.9662215709686279, "gold": 0.9634405970573425, "pill": 0.9614080190658569, "food": 0.9482486844062805, "diet": 0.9461725950241089, "closeup": 0.9410994052886963, "capsule": 0.9342299103736877, "medicine": 0.9286707043647766, "texture": 0.9286621809005737, "color": 0.9191111326217651, "disjunct": 0.9182032942771912, "collection": 0.9070197939872742, "drug": 0.885319173336029, "pattern": 0.8838789463043213, "batch": 0.8759490847587585, "currency": 0.8699674606323242, "sick": 0.8652121424674988}