{"business": 0.9561956524848938, "horizontal": 0.9493492841720581, "illustration": 0.9438566565513611, "technology": 0.9311062693595886, "no person": 0.9278668165206909, "pattern": 0.912348747253418, "desktop": 0.9119129776954651, "abstract": 0.8873834609985352, "finance": 0.8807894587516785, "currency": 0.8775057196617126, "wealth": 0.8768672347068787, "communication": 0.8544352054595947, "internet": 0.8383464813232422, "money": 0.8326936960220337, "vertical": 0.8308370113372803, "modern": 0.8259301781654358, "science": 0.8245614171028137, "number": 0.8155519366264343, "spherical": 0.802379310131073, "facts": 0.7969483137130737}