{"isolated": 0.9924813508987427, "no person": 0.9746088981628418, "plastic": 0.9699544310569763, "lens": 0.9456610083580017, "technology": 0.9310501217842102, "equipment": 0.923917293548584, "electronics": 0.9198490977287292, "empty": 0.9045067429542542, "glazed": 0.8988762497901917, "optometry": 0.8818564414978027, "family": 0.8657978773117065, "surveillance": 0.8622735738754272, "security": 0.8389935493469238, "blank": 0.8375232815742493, "business": 0.8358998894691467, "eyesight": 0.8274160027503967, "modern": 0.8210598826408386, "handle": 0.7978521585464478, "power": 0.7794535160064697, "zoom": 0.7770795822143555}