{"illustration": 0.9907680153846741, "no person": 0.9765411019325256, "vector": 0.9685452580451965, "desktop": 0.9627338647842407, "graphic": 0.9393821358680725, "retro": 0.9181267023086548, "card": 0.9020615816116333, "art": 0.9017716646194458, "design": 0.8934140205383301, "movie": 0.8805170059204102, "graphic design": 0.8707081079483032, "banner": 0.8639214038848877, "sketch": 0.8570877313613892, "image": 0.855534017086029, "moment": 0.8496615886688232, "business": 0.8489441275596619, "video": 0.8482444286346436, "isolated": 0.8470121026039124, "color": 0.8051910996437073, "modern": 0.8001746535301208}