{"business": 0.9993860721588135, "money": 0.9990746974945068, "paper": 0.998439371585846, "currency": 0.998091995716095, "wealth": 0.9979822635650635, "finance": 0.9979460835456848, "savings": 0.9925518035888672, "achievement": 0.9863818883895874, "pay": 0.9807561039924622, "financial": 0.9763910174369812, "no person": 0.9709512591362, "investment": 0.9697884321212769, "cash": 0.9541630148887634, "dollar": 0.944444477558136, "security": 0.9438834190368652, "stacks": 0.9378724694252014, "bank": 0.9316837787628174, "commerce": 0.9294801950454712, "law": 0.92652428150177, "debt": 0.9249993562698364}