{"outdoors": 0.9962344765663147, "landscape": 0.9844070672988892, "nature": 0.9815734028816223, "cloud": 0.9801005125045776, "vertical": 0.9703803062438965, "quiet": 0.9678922295570374, "horizontal plane": 0.9586289525032043, "tree": 0.950953483581543, "rock": 0.942202627658844, "mountain": 0.9354754090309143, "sky": 0.9196624159812927, "flora": 0.9187492728233337, "hill": 0.8982969522476196, "remote": 0.8832957744598389, "travel": 0.8674536347389221, "wood": 0.8620929718017578, "grass": 0.8506616950035095, "horizontal": 0.8399268388748169, "environment": 0.834856390953064, "fern": 0.8242829442024231}