{"vector": 0.9941785335540771, "illustration": 0.9913355708122253, "abstract": 0.9883965849876404, "text": 0.9697974324226379, "pattern": 0.9615681171417236, "decoration": 0.9614123106002808, "vectors": 0.9575088024139404, "horizontal": 0.9353982210159302, "celebration": 0.9349039793014526, "design": 0.9207671880722046, "sparse": 0.9082545638084412, "bill": 0.9075905680656433, "shape": 0.8907701373100281, "calendar": 0.8734747767448425, "time": 0.8649296760559082, "creativity": 0.8607252836227417, "vertical": 0.855402946472168, "shining": 0.8425846099853516, "picture frame": 0.840805172920227, "business": 0.8330764174461365}