{"illustration": 0.9900922179222107, "sketch": 0.988905668258667, "cute": 0.9763508439064026, "funny": 0.9704986810684204, "vector": 0.9635979533195496, "character": 0.9510605335235596, "art": 0.9427614808082581, "fun": 0.9352977871894836, "design": 0.9253357648849487, "graphic": 0.909355103969574, "toy": 0.9001777768135071, "child": 0.8864942789077759, "retro": 0.8863070607185364, "humor": 0.8790328502655029, "greeting": 0.8677610754966736, "love": 0.8675777316093445, "card": 0.8547208905220032, "cheerful": 0.8287416100502014, "desktop": 0.8162376880645752, "monster": 0.8036247491836548}