{"fruit": 0.9973140358924866, "nature": 0.9865098595619202, "food": 0.9767086505889893, "tree": 0.9724494814872742, "leaf": 0.9696915745735168, "summer": 0.952409565448761, "outdoors": 0.9423052072525024, "agriculture": 0.9372652173042297, "pasture": 0.93116295337677, "juicy": 0.9293757677078247, "healthy": 0.9257732033729553, "color": 0.924680769443512, "apple": 0.9214620590209961, "health": 0.9186384677886963, "grow": 0.9169626235961914, "farming": 0.9078992605209351, "farm": 0.9076568484306335, "crop": 0.9044644236564636, "branch": 0.9008395671844482, "hanging": 0.8953066468238831}