{"horizontal": 0.9636045098304749, "internet": 0.9504377245903015, "no person": 0.9482799768447876, "business": 0.9412481784820557, "technology": 0.9306992292404175, "World Wide Web": 0.9132204055786133, "indoors": 0.8969936966896057, "facts": 0.8865041136741638, "electronics": 0.882240355014801, "page": 0.8716226816177368, "computer": 0.8679036498069763, "stripe": 0.8575329184532166, "communication": 0.8546414971351624, "screen": 0.8529765605926514, "navigation": 0.8497586250305176, "contemporary": 0.8489364981651306, "data": 0.8410453200340271, "flat": 0.8351049423217773, "laptop": 0.816829264163971, "paper": 0.8162273168563843}