{"food": 0.9843643307685852, "health": 0.9835562705993652, "leaf": 0.9798321723937988, "healthy": 0.9772310256958008, "fruit": 0.9723705649375916, "no person": 0.9661031365394592, "nutrition": 0.9540985226631165, "tomato": 0.9410094618797302, "diet": 0.929531991481781, "freshness": 0.9260720610618591, "juicy": 0.9233222603797913, "vegetable": 0.9178455471992493, "wooden": 0.9129408597946167, "nature": 0.910405695438385, "farming": 0.9042259454727173, "pasture": 0.8931550979614258, "vitamin": 0.8855739235877991, "summer": 0.8754034042358398, "delicious": 0.8722999095916748, "round out": 0.864741325378418}