{"wealth": 0.9972555041313171, "business": 0.996459424495697, "money": 0.9957862496376038, "currency": 0.9942312240600586, "finance": 0.9927828311920166, "savings": 0.9870916604995728, "dollar": 0.980554461479187, "bank": 0.9757528901100159, "paper": 0.9704356789588928, "cash": 0.9648202061653137, "abundance": 0.9450992941856384, "achievement": 0.9441519379615784, "pay": 0.9376970529556274, "financial": 0.92441725730896, "commerce": 0.9084269404411316, "stacks": 0.9031993746757507, "luck": 0.8977199792861938, "gambling": 0.8825674057006836, "century": 0.8815975785255432, "investment": 0.8790319561958313}