{"root": 0.9917942881584167, "food": 0.989385724067688, "pasture": 0.984028160572052, "nature": 0.9807023406028748, "grow": 0.9796580076217651, "agriculture": 0.9794616103172302, "no person": 0.9787792563438416, "outdoors": 0.9757096171379089, "vegetable": 0.9729682207107544, "garden": 0.956599771976471, "farm": 0.9557914733886719, "flora": 0.9544472098350525, "root vegetable": 0.9527534246444702, "farming": 0.9484278559684753, "bunch": 0.9479080438613892, "leaf": 0.9439783692359924, "summer": 0.9343880414962769, "daylight": 0.9247134327888489, "healthy": 0.907397449016571, "health": 0.9037116169929504}