{"tropical": 0.9927962422370911, "no person": 0.9907297492027283, "health": 0.9864370226860046, "fruit": 0.9862737059593201, "nature": 0.9862202405929565, "exotic": 0.982366144657135, "isolated": 0.9757628440856934, "nutrition": 0.9715847373008728, "confection": 0.9691154360771179, "seed": 0.9688752293586731, "food": 0.968629777431488, "desktop": 0.9673630595207214, "disjunct": 0.9653920531272888, "juicy": 0.9653268456459045, "half": 0.9637249708175659, "game half": 0.9574977159500122, "vitamin": 0.9509904980659485, "healthy": 0.9501760005950928, "cut": 0.9469125270843506, "summer": 0.9143895506858826}