{"disjunct": 0.9840434193611145, "nature": 0.9804145097732544, "food": 0.9798274040222168, "flora": 0.9769358038902283, "bright": 0.9725368618965149, "no person": 0.9681450724601746, "desktop": 0.966131329536438, "cut": 0.9655652642250061, "shining": 0.9650111198425293, "violet": 0.9622886776924133, "fruit": 0.9598544836044312, "freshness": 0.9548584222793579, "half": 0.9495007991790771, "closeup": 0.9482452273368835, "confection": 0.940140426158905, "flower": 0.9317983984947205, "stranded": 0.9283196330070496, "color": 0.920684814453125, "seed": 0.9199793338775635, "purple": 0.9194380640983582}