{"illustration": 0.9986649751663208, "art": 0.9950448274612427, "painting": 0.9778884649276733, "artistic": 0.9482688307762146, "creativity": 0.9441578984260559, "fantasy": 0.8999484777450562, "flower": 0.8991056680679321, "image": 0.8772923350334167, "nature": 0.8663617968559265, "fairy": 0.8638812899589539, "color": 0.859107494354248, "woman": 0.8533170223236084, "no person": 0.8502946496009827, "decoration": 0.8463059067726135, "visuals": 0.8301020860671997, "desktop": 0.8237913250923157, "one": 0.7956362962722778, "design": 0.7884485125541687, "pattern": 0.781247079372406, "magic": 0.7717670798301697}