{"water": 0.9663113951683044, "nature": 0.9645641446113586, "outdoors": 0.9591338634490967, "grass": 0.9553278684616089, "no person": 0.9516567587852478, "landscape": 0.9371715784072876, "summer": 0.935269296169281, "tree": 0.9088308811187744, "travel": 0.8967100977897644, "flora": 0.8938488364219666, "daylight": 0.8861894011497498, "illustration": 0.8591503500938416, "environment": 0.8544914722442627, "agriculture": 0.8519043922424316, "hayfield": 0.843593955039978, "grassland": 0.8311514258384705, "sky": 0.8076354265213013, "field": 0.7999864816665649, "river": 0.7803108096122742, "growth": 0.7596521973609924}