{"agriculture": 0.9968540072441101, "cropland": 0.996480405330658, "farm": 0.9919850826263428, "landscape": 0.9880516529083252, "crop": 0.9870485663414001, "tree": 0.9781734347343445, "tractor": 0.9769498109817505, "no person": 0.9744985103607178, "vehicle": 0.9734398126602173, "countryside": 0.9696202874183655, "farmhouse": 0.9638727903366089, "field": 0.9619636535644531, "outdoors": 0.956549346446991, "rural": 0.9450473785400391, "soil": 0.9444631338119507, "machine": 0.9412770867347717, "summer": 0.9407408833503723, "house": 0.9390913248062134, "pasture": 0.9280683994293213, "hay": 0.9224929213523865}