{"money": 0.9962540864944458, "business": 0.9957303404808044, "wealth": 0.9907581806182861, "currency": 0.9898495674133301, "no person": 0.9891402721405029, "finance": 0.9852437973022461, "savings": 0.9557536840438843, "bank": 0.9424017071723938, "abundance": 0.9387242794036865, "pay": 0.9272772669792175, "technology": 0.9256802797317505, "achievement": 0.9254776239395142, "stacks": 0.9106722474098206, "paper": 0.9086306691169739, "conceptual": 0.908473014831543, "number": 0.8932324647903442, "shopping": 0.8925908207893372, "power": 0.890232264995575, "electronics": 0.8863769769668579, "cash": 0.8743842244148254}