{"fruit": 0.9937987923622131, "kind": 0.9931974411010742, "market": 0.9893625378608704, "grape": 0.9885970950126648, "blackberry": 0.9882035851478577, "juicy": 0.9842801094055176, "blueberry": 0.9837251305580139, "no person": 0.9766839742660522, "health": 0.9764275550842285, "abundance": 0.9710400104522705, "berry": 0.9695724248886108, "healthy": 0.9693760275840759, "food": 0.9685221910476685, "nutrition": 0.9658635258674622, "confection": 0.9647859930992126, "plum": 0.9646240472793579, "pineapple": 0.9603496193885803, "collage": 0.9598415493965149, "raspberry": 0.9593778252601624, "collection": 0.9578003287315369}