{"template": 0.9978153705596924, "booklet": 0.9934192299842834, "presentation": 0.9912277460098267, "page": 0.9897083044052124, "layout": 0.9889060258865356, "form": 0.9881126284599304, "World Wide Web": 0.9865461587905884, "information": 0.9820097088813782, "option (finance)": 0.980945348739624, "steps": 0.9808318018913269, "sequence": 0.978469729423523, "text": 0.9737233519554138, "donation": 0.9732189178466797, "stepping": 0.9695240259170532, "comparability": 0.967982828617096, "promotion": 0.9660969376564026, "variant": 0.9648285508155823, "facts": 0.9604852199554443, "advertising": 0.957545816898346, "tag": 0.9539761543273926}