{"agriculture": 0.9917793869972229, "flora": 0.9903618097305298, "food": 0.9888553023338318, "farm": 0.9866089224815369, "growth": 0.9822489023208618, "crop": 0.9807791709899902, "cereal": 0.9779802560806274, "nature": 0.9769127368927002, "outdoors": 0.9746682643890381, "grow": 0.971289873123169, "straw": 0.970359206199646, "pasture": 0.9660791158676147, "dry": 0.9650124311447144, "husk": 0.964300274848938, "corn": 0.9637181758880615, "field": 0.9611713886260986, "leaf": 0.9549791216850281, "environment": 0.9529207348823547, "seed": 0.943071722984314, "soil": 0.9407972097396851}