{"wheel": 0.9909239411354065, "no person": 0.9903635382652283, "machinery": 0.9893689751625061, "industry": 0.9874652624130249, "power": 0.9613234996795654, "equipment": 0.9612907767295837, "machine": 0.9581356644630432, "steel": 0.9557353854179382, "transportation system": 0.9546310305595398, "technology": 0.9486097097396851, "iron": 0.9465543627738953, "retro": 0.9431504011154175, "old": 0.9258115291595459, "rusty": 0.9168969988822937, "condensation": 0.9126718640327454, "vehicle": 0.9099810719490051, "tractor": 0.9069176316261292, "antique": 0.9060263633728027, "engine": 0.8852074146270752, "gear": 0.8824908137321472}