{"diagram": 0.9984380602836609, "presentation": 0.9907474517822266, "vectors": 0.9800599813461304, "graph": 0.9738267660140991, "procedure": 0.9731006026268005, "label": 0.9674147367477417, "illustration": 0.9631731510162354, "template": 0.9627729654312134, "layout": 0.962418794631958, "steps": 0.9616274237632751, "progress": 0.9515683650970459, "stepping": 0.9467042088508606, "flowchart": 0.9443883895874023, "World Wide Web": 0.9408125281333923, "wheel": 0.9379260540008545, "facts": 0.9309124946594238, "number": 0.9308778643608093, "order": 0.9256178736686707, "designing": 0.9253150224685669, "round": 0.9246984124183655}