{"picture frame": 0.9697628617286682, "blank": 0.962566614151001, "pad": 0.9563743472099304, "portable": 0.9506988525390625, "retro": 0.9387948513031006, "illustration": 0.9231209754943848, "vector": 0.9146342277526855, "laptop": 0.9100448489189148, "art": 0.8853107690811157, "isolated": 0.8794887661933899, "sketch": 0.8378490805625916, "touch": 0.8324307799339294, "wireless": 0.826477587223053, "disjunct": 0.8261346817016602, "image": 0.8169251084327698, "desktop": 0.8066315054893494, "no person": 0.8036587238311768, "design": 0.7987448573112488, "baroque": 0.7943871021270752, "painting": 0.7904790639877319}