{"no person": 0.9938650727272034, "business": 0.9865483641624451, "technology": 0.9542335271835327, "money": 0.9380569458007812, "facts": 0.9284164905548096, "text": 0.926246702671051, "internet": 0.9145416617393494, "data": 0.9142041802406311, "electronics": 0.9141824841499329, "horizontal": 0.9003743529319763, "spherical": 0.8955053687095642, "recreation": 0.8931959867477417, "shopping": 0.8900230526924133, "indoors": 0.8878396153450012, "illuminated": 0.8682530522346497, "conceptual": 0.8675363659858704, "finance": 0.8670955300331116, "computer": 0.8657202124595642, "industry": 0.8637880086898804, "signalise": 0.8393853902816772}