{"business": 0.9761167764663696, "no person": 0.9605010747909546, "glass items": 0.9518868923187256, "horizontal": 0.9485059976577759, "indoors": 0.9448661804199219, "service": 0.8975446820259094, "security": 0.8740799427032471, "vertical": 0.8436612486839294, "safety": 0.8091943860054016, "door": 0.7899194359779358, "aid": 0.7823253273963928, "elegant": 0.7760918140411377, "wood": 0.7626814842224121, "window": 0.7615569829940796, "glass": 0.758384644985199, "communication": 0.7410002946853638, "internet": 0.740177571773529, "fashion": 0.7329467535018921, "data": 0.7313349843025208, "love": 0.7293750643730164}