{"text": 0.9767381548881531, "abstract": 0.9503661394119263, "desktop": 0.9500121474266052, "World Wide Web": 0.948893666267395, "conceptual": 0.9403691291809082, "page": 0.9369329214096069, "graphic": 0.9351186156272888, "tag": 0.9234626293182373, "definition": 0.9147332310676575, "company": 0.9134163856506348, "illustration": 0.9086526036262512, "business": 0.9080891609191895, "facts": 0.8983774781227112, "cloud": 0.8904981017112732, "form": 0.887055516242981, "disease": 0.8803166747093201, "squad": 0.8426346182823181, "procedure": 0.8314864039421082, "information": 0.8193714022636414, "designing": 0.8136972188949585}