{"nature": 0.9855491518974304, "water": 0.9781242609024048, "fog": 0.9779216647148132, "wood": 0.9740239381790161, "no person": 0.968418300151825, "tree": 0.9680050611495972, "mist": 0.9678940176963806, "outdoors": 0.966627836227417, "landscape": 0.9637628197669983, "travel": 0.9511062502861023, "mountain": 0.9391905665397644, "river": 0.9254085421562195, "summer": 0.9183106422424316, "sky": 0.8842564225196838, "park": 0.8828850984573364, "tourism": 0.8787953853607178, "environment": 0.8612229824066162, "scenic": 0.8591938018798828, "architecture": 0.848964512348175, "rain": 0.8453301191329956}