{"livestock": 0.9978905320167542, "cattle": 0.9968571662902832, "agriculture": 0.996436357498169, "mammal": 0.9961168766021729, "farm": 0.9891132116317749, "sheep": 0.9861143827438354, "merino": 0.9759692549705505, "pasture": 0.9742385745048523, "herd": 0.971935510635376, "animal": 0.9638873934745789, "farming": 0.9616600871086121, "no person": 0.9504872560501099, "countryside": 0.9286018013954163, "field": 0.9255082607269287, "pastoral": 0.9254701733589172, "hayfield": 0.9224948287010193, "landscape": 0.9186642169952393, "grass": 0.9167260527610779, "horn": 0.9130297899246216, "ewe": 0.9052489399909973}