{"agriculture": 0.9962713718414307, "crop": 0.9877426624298096, "field": 0.9809517860412598, "farm": 0.9644837379455566, "desktop": 0.9606282114982605, "industry": 0.9499329328536987, "outdoors": 0.9477042555809021, "nature": 0.9425085783004761, "flora": 0.940041184425354, "soil": 0.9295290112495422, "farming": 0.9293951392173767, "cropland": 0.9263406991958618, "no person": 0.9232099652290344, "grass": 0.8839223384857178, "rural": 0.8813729286193848, "pasture": 0.8789220452308655, "growth": 0.8713452219963074, "landscape": 0.8687213659286499, "pattern": 0.8680614233016968, "color": 0.8617540001869202}