{"architecture": 0.9962599277496338, "outdoors": 0.9930903315544128, "skyscraper": 0.9928576946258545, "business": 0.9880444407463074, "city": 0.9860846400260925, "skyline": 0.985040545463562, "finance": 0.9822160005569458, "office": 0.9818310141563416, "sky": 0.9792502522468567, "cityscape": 0.9779068231582642, "horizontal plane": 0.976630687713623, "travel": 0.9711531400680542, "tallest": 0.9649593830108643, "modern": 0.9563727974891663, "no person": 0.9416552782058716, "illuminated": 0.9365115165710449, "tower": 0.9357121586799622, "dusk": 0.9184299111366272, "downtown": 0.8983005285263062, "vertical": 0.8454156517982483}