{"agriculture": 0.9941351413726807, "field": 0.9937094449996948, "nature": 0.9866481423377991, "landscape": 0.9848986268043518, "no person": 0.9818289279937744, "outdoors": 0.9783031344413757, "crop": 0.976942777633667, "oilseed": 0.9768274426460266, "flower": 0.9671863317489624, "farm": 0.9657341241836548, "rural": 0.9651955366134644, "sky": 0.964961588382721, "cloud": 0.9575766324996948, "flora": 0.9564128518104553, "rapeseed": 0.9550697803497314, "countryside": 0.9534035325050354, "growth": 0.9527474641799927, "summer": 0.9489995837211609, "fair weather": 0.9487451314926147, "soil": 0.9423053860664368}