{"Halloween": 0.984112560749054, "sketch": 0.9715206623077393, "illustration": 0.9649285078048706, "vicious": 0.961258053779602, "vector": 0.9518908858299255, "fright": 0.9412735104560852, "scary": 0.9362367987632751, "no person": 0.9311723113059998, "skittish": 0.9256143569946289, "monster": 0.9234147667884827, "art": 0.9208530187606812, "haunt": 0.920787513256073, "moon": 0.9161865711212158, "graphic": 0.9114212393760681, "funny": 0.905893862247467, "retro": 0.90542072057724, "horror": 0.90274578332901, "reindeer": 0.8919061422348022, "design": 0.8854144811630249, "bat": 0.8847137689590454}