{"car": 0.9884397983551025, "race": 0.9828893542289734, "transportation system": 0.9812434315681458, "hurry": 0.9721804857254028, "competition": 0.943057119846344, "track": 0.9356740713119507, "drive": 0.9227600693702698, "championship": 0.9226053357124329, "driver": 0.9049968123435974, "vehicle": 0.9005039930343628, "fast": 0.9004566073417664, "road": 0.8758373260498047, "traffic": 0.8142349720001221, "sport": 0.7990482449531555, "speedway": 0.7974098920822144, "auto racing": 0.7724637389183044, "street": 0.7654609084129333, "action": 0.7647236585617065, "racer": 0.7445740699768066, "engine": 0.7396830320358276}