{"leaf": 0.9930253028869629, "sun": 0.9875739216804504, "growth": 0.9837783575057983, "field": 0.9735348224639893, "dawn": 0.9733037352561951, "summer": 0.9713727235794067, "grass": 0.9712371230125427, "farm": 0.9692440032958984, "rural": 0.9666156768798828, "corn": 0.964897096157074, "no person": 0.9643241763114929, "fair weather": 0.9588639736175537, "landscape": 0.9559549689292908, "pasture": 0.953729510307312, "cereal": 0.9507214426994324, "nature": 0.9389090538024902, "lush": 0.9369582533836365, "country": 0.9337107539176941, "flora": 0.9282394051551819, "agriculture": 0.9255788326263428}