{"vehicle": 0.9930413961410522, "transportation system": 0.9813448190689087, "wheel": 0.9797945618629456, "car": 0.976617157459259, "machine": 0.9730762243270874, "tractor": 0.954982578754425, "engine": 0.9476803541183472, "truck": 0.9448053240776062, "road": 0.929527759552002, "horizontal plane": 0.9219762086868286, "driver": 0.9076153039932251, "soil": 0.9017970561981201, "International": 0.8889879584312439, "outdoors": 0.8847543597221375, "machinery": 0.872215986251831, "street": 0.8590495586395264, "heavy": 0.8553506731987, "exhibition": 0.8548519015312195, "power": 0.8528875708580017, "industry": 0.8414747714996338}