{"architecture": 0.9915685057640076, "no person": 0.9900414347648621, "building": 0.9834271669387817, "soccer": 0.979418158531189, "modern": 0.9744657874107361, "travel": 0.9735531210899353, "city": 0.9699010252952576, "outdoors": 0.9668669104576111, "museum": 0.9667551517486572, "business": 0.9525010585784912, "daylight": 0.9468563199043274, "sky": 0.946651041507721, "university": 0.9459684491157532, "glass items": 0.9382150769233704, "football": 0.9378163814544678, "facade": 0.9238741993904114, "urban": 0.8989173769950867, "construction": 0.8985879421234131, "administration": 0.8971489071846008, "contemporary": 0.8959860801696777}