{"map": 0.9999855756759644, "cartography": 0.9998120665550232, "graph": 0.9998071789741516, "geography": 0.9992431402206421, "location": 0.9980708956718445, "atlas": 0.9965723752975464, "orientation": 0.9964706897735596, "country": 0.9959688186645508, "topography": 0.9939098358154297, "margin": 0.9891559481620789, "Continent": 0.9874098896980286, "ball-shaped": 0.9867765307426453, "facts": 0.9804156422615051, "diagram": 0.9794718027114868, "county": 0.976177453994751, "guidance": 0.972944438457489, "navigation": 0.9663111567497253, "travel": 0.9636312127113342, "soil": 0.9600018858909607, "thumbtack": 0.9402992725372314}