{"stripe": 0.9913955330848694, "graph": 0.9860038161277771, "diagram": 0.9760887026786804, "illustration": 0.9709850549697876, "business": 0.9615699052810669, "graphic": 0.9548304080963135, "vector": 0.9441959857940674, "no person": 0.9433571100234985, "progress": 0.9388906955718994, "design": 0.9368001818656921, "disjunct": 0.9178847074508667, "statistics": 0.911101758480072, "set": 0.9006593823432922, "arrow": 0.8961937427520752, "growth": 0.8821554183959961, "written report": 0.8782963156700134, "graphic design": 0.8636401295661926, "shape": 0.861244261264801, "increase": 0.8610175251960754, "desktop": 0.8521020412445068}