{"flat": 0.9963300824165344, "no person": 0.9890967607498169, "vectors": 0.9715597033500671, "telephone": 0.9620314240455627, "facts": 0.9549221396446228, "internet": 0.9471284747123718, "business": 0.9408698081970215, "data": 0.9337755441665649, "electronics": 0.9173486232757568, "touch": 0.8876814842224121, "service": 0.8862031698226929, "graphic design": 0.8824537396430969, "stripe": 0.8811809420585632, "designing": 0.879241943359375, "technology": 0.8786188364028931, "contemporary": 0.8706592917442322, "illustration": 0.869545578956604, "isolated": 0.868942379951477, "graph": 0.8663033246994019, "retro": 0.8571605682373047}