{"chalk": 0.9990959167480469, "chalkboard": 0.998540997505188, "classroom": 0.9956991672515869, "school": 0.9928186535835266, "education": 0.9915611147880554, "mathematics": 0.9820725917816162, "teacher": 0.9769840836524963, "writing": 0.97550368309021, "class": 0.9610401391983032, "knowledge": 0.9595059156417847, "display": 0.954371988773346, "college": 0.9436655044555664, "elementary school": 0.9436073303222656, "imagery": 0.903237521648407, "creativity": 0.8868492841720581, "professor": 0.8735285401344299, "lesson": 0.8474701642990112, "business": 0.8468505144119263, "empty": 0.84237140417099, "intelligence": 0.8406929969787598}