{"vegetable": 0.9866281151771545, "food": 0.9834760427474976, "freshness": 0.9775531888008118, "variation": 0.9602200388908386, "horizontal": 0.959062933921814, "fruit": 0.9409875869750977, "vertical": 0.9394890069961548, "indoors": 0.9068298935890198, "still life": 0.9021613001823425, "collection": 0.901141881942749, "market": 0.8988175988197327, "carrot": 0.8930805921554565, "tomato": 0.8897792100906372, "grow": 0.8709534406661987, "nature": 0.868209958076477, "apple": 0.8672211766242981, "summer": 0.860029935836792, "table": 0.8568755984306335, "desktop": 0.8461018800735474, "healthy": 0.8395653367042542}