{"field": 0.9930492639541626, "nature": 0.9919536709785461, "grass": 0.9844515323638916, "summer": 0.9796566367149353, "countryside": 0.9722123742103577, "rural": 0.9701036214828491, "outdoors": 0.960576593875885, "farm": 0.9580190181732178, "hayfield": 0.9570856690406799, "happiness": 0.9494422674179077, "pasture": 0.9376051425933838, "agriculture": 0.9238858222961426, "farming": 0.9227890968322754, "joy": 0.9091541171073914, "freedom": 0.9047589302062988, "crop": 0.9031938314437866, "relaxation": 0.8955913186073303, "child": 0.8817598223686218, "sky": 0.8759701251983643, "smile": 0.8646242618560791}