{"drop": 0.9985970854759216, "wet": 0.9949047565460205, "food": 0.9941259622573853, "vegetable": 0.9890041947364807, "healthy": 0.9859510064125061, "tomato": 0.9741325378417969, "color": 0.9731957912445068, "fruit": 0.9696753621101379, "health": 0.963045060634613, "grow": 0.9621142745018005, "cooking": 0.9570993185043335, "H2O": 0.9484219551086426, "freshness": 0.9481211304664612, "farming": 0.9421341419219971, "garden": 0.9394503831863403, "dew": 0.9369953274726868, "spice": 0.9276413917541504, "juicy": 0.9243361949920654, "ingredients": 0.9220929741859436, "closeup": 0.9219656586647034}