{"no person": 0.998689591884613, "ingredients": 0.990500271320343, "food": 0.9904934763908386, "nutrition": 0.9893087148666382, "nature": 0.9874087572097778, "health": 0.9845173954963684, "leaf": 0.9807244539260864, "vitamin": 0.9604972004890442, "pasture": 0.9411195516586304, "tropical": 0.9345270395278931, "balanced diet": 0.9314088225364685, "exotic": 0.9313876628875732, "farming": 0.9310876131057739, "delicious": 0.9269402623176575, "cooking": 0.911738395690918, "whole": 0.9078707098960876, "game half": 0.888633131980896, "pod": 0.879518449306488, "isolated": 0.8762949705123901, "vegetable": 0.8747255802154541}