{"vehicle": 0.9954015016555786, "transportation system": 0.9919506311416626, "bus": 0.9826396703720093, "road": 0.9648003578186035, "train": 0.9549887776374817, "car": 0.9499190449714661, "truck": 0.9395829439163208, "track": 0.9363093376159668, "traffic": 0.9309068918228149, "railway": 0.9291809797286987, "no person": 0.8735043406486511, "engine": 0.8516136407852173, "industry": 0.8492401242256165, "environment": 0.845287024974823, "locomotive": 0.8452826738357544, "sky": 0.8423501253128052, "power": 0.8370402455329895, "action": 0.8334382772445679, "travel": 0.829084575176239, "construction": 0.8239790201187134}