{"agriculture": 0.9972044825553894, "machine": 0.9949126243591309, "cropland": 0.9933672547340393, "tractor": 0.9911030530929565, "farm": 0.9901682138442993, "crop": 0.98784339427948, "no person": 0.983074963092804, "rural": 0.9828596711158752, "field": 0.980657160282135, "pasture": 0.9788848161697388, "cereal": 0.978580892086029, "machinery": 0.9777311682701111, "straw": 0.9725517630577087, "industry": 0.9722791910171509, "soil": 0.9721741676330566, "countryside": 0.967620313167572, "wheat": 0.9583302736282349, "outdoors": 0.9530623555183411, "corn": 0.9444178938865662, "growth": 0.9434240460395813}