{"telephone": 0.998664379119873, "business": 0.9936316609382629, "touch": 0.9907247424125671, "screen": 0.9839469194412231, "technology": 0.9825406670570374, "connection": 0.9765724539756775, "communication": 0.9753095507621765, "internet": 0.9688341617584229, "appliance": 0.962091326713562, "machinery": 0.9615788459777832, "electronics": 0.9599043726921082, "spherical": 0.9473807215690613, "data": 0.9430911540985107, "service": 0.9395666718482971, "portable": 0.917326807975769, "display": 0.9108458757400513, "wireless": 0.8838872313499451, "computer": 0.8834898471832275, "finance": 0.8822784423828125, "cellular telephone": 0.861419141292572}