{"illustration": 0.9663558006286621, "retro": 0.9609718918800354, "no person": 0.9531502723693848, "design": 0.9359323382377625, "vector": 0.9357761144638062, "art": 0.9322927594184875, "wallpaper": 0.9231628179550171, "Halloween": 0.9148125648498535, "sketch": 0.8950018286705017, "chalk out": 0.8937889337539673, "pattern": 0.8919939398765564, "graphic": 0.8856286406517029, "decoration": 0.8853509426116943, "desktop": 0.8738965392112732, "man": 0.8699957132339478, "horror": 0.8527464866638184, "graphic design": 0.850834846496582, "abstract": 0.8499575257301331, "paper": 0.8437718152999878, "vintage": 0.8399194478988647}