{"agriculture": 0.9966901540756226, "field": 0.9955723285675049, "farm": 0.9922589659690857, "crop": 0.9858313798904419, "growth": 0.9848604798316956, "rural": 0.984802782535553, "flora": 0.9847834706306458, "pasture": 0.9834738373756409, "nature": 0.9826701283454895, "landscape": 0.9804443120956421, "soil": 0.9685812592506409, "farmland": 0.9681562185287476, "cloud": 0.9662178754806519, "countryside": 0.9657997488975525, "summer": 0.9620659351348877, "sky": 0.9582006931304932, "horizon": 0.9515196681022644, "outdoors": 0.9467423558235168, "country": 0.9391005039215088, "season": 0.9332094788551331}