{"knowledge": 0.9997571110725403, "chalkboard": 0.9997099041938782, "education": 0.9996427297592163, "school": 0.9996201992034912, "chalk": 0.9995808005332947, "classroom": 0.999290943145752, "college": 0.9992570281028748, "study": 0.9989301562309265, "book": 0.9975549578666687, "university": 0.9937671422958374, "writing": 0.9909979104995728, "class": 0.9905160069465637, "wisdom": 0.9899362325668335, "textbook": 0.9880487322807312, "lesson": 0.9876763820648193, "elementary": 0.9859547019004822, "literature": 0.9847217202186584, "research": 0.9829217195510864, "teacher": 0.9765754342079163, "mathematics": 0.9748440384864807}