{"retro": 0.9965110421180725, "woman": 0.9951099753379822, "funny": 0.9950101375579834, "art": 0.9943484663963318, "scribble": 0.9933009147644043, "sketch": 0.9926814436912537, "illustration": 0.9925923347473145, "cute": 0.9836205244064331, "man": 0.980817437171936, "far-out": 0.9787272810935974, "crazy": 0.9647523164749146, "cheerful": 0.9610848426818848, "chalk out": 0.9583956599235535, "character": 0.9445457458496094, "clip": 0.9418547749519348, "hand": 0.935607373714447, "vector": 0.9335092902183533, "girl": 0.9316637516021729, "monochrome": 0.926821768283844, "traditional": 0.9231249094009399}