{"milk": 0.998117208480835, "beef cattle": 0.9974730610847473, "cow": 0.9971939325332642, "grass": 0.9962813258171082, "mammal": 0.9958761930465698, "pasture": 0.9947745203971863, "livestock": 0.994398295879364, "agriculture": 0.9921866655349731, "farmland": 0.9912249445915222, "farm": 0.9878467917442322, "cattle": 0.9860591292381287, "calf": 0.9856055378913879, "dairy": 0.9831708073616028, "herd": 0.9829393625259399, "rural": 0.9795270562171936, "no person": 0.9783363342285156, "pastoral": 0.9777646660804749, "hayfield": 0.9717644453048706, "grassland": 0.9689632058143616, "field": 0.9548927545547485}