{"illustration": 0.9770862460136414, "Halloween": 0.9636112451553345, "sketch": 0.9606343507766724, "vicious": 0.9370962381362915, "skittish": 0.9086449146270752, "ghost": 0.9031010866165161, "fear": 0.9004068374633789, "scary": 0.8982573747634888, "vector": 0.8883090615272522, "man": 0.8880305290222168, "funny": 0.886113166809082, "bat": 0.8656124472618103, "haunt": 0.8633601069450378, "desktop": 0.8551755547523499, "monster": 0.8508003354072571, "graphic": 0.8497738242149353, "scared": 0.8432148098945618, "amusing": 0.8431596755981445, "fun": 0.8412334322929382, "horror": 0.8405704498291016}