{"transportation system": 0.9884961843490601, "shipment": 0.9823192954063416, "no person": 0.9742882251739502, "business": 0.9739320278167725, "industry": 0.9720181226730347, "truck": 0.970615565776825, "vehicle": 0.9703786373138428, "logistics": 0.9657517075538635, "travel": 0.9633514285087585, "car": 0.9532720446586609, "sky": 0.9477592706680298, "outdoors": 0.9441848993301392, "commercial": 0.9392445087432861, "traffic": 0.9249589443206787, "large": 0.9242167472839355, "road": 0.9168522953987122, "competition": 0.8853254318237305, "technology": 0.8769757151603699, "power": 0.8750829100608826, "freight": 0.8700764179229736}