{"desktop": 0.9744947552680969, "square": 0.9734904170036316, "design": 0.9544245004653931, "grid": 0.9449439644813538, "geometric": 0.9367613792419434, "no person": 0.9359809160232544, "pattern": 0.9220566749572754, "tile": 0.9072347283363342, "game": 0.9038735032081604, "texture": 0.8871168494224548, "chess": 0.8728052377700806, "illustration": 0.8684461712837219, "cube": 0.8655833601951599, "graphic": 0.8586435317993164, "flag": 0.8339338898658752, "stripe": 0.8320164680480957, "abstract": 0.8309168219566345, "window": 0.8291814923286438, "color": 0.8287172913551331, "entertainment": 0.8246482610702515}