{"agriculture": 0.9868127703666687, "farm": 0.9866429567337036, "countryside": 0.9703072309494019, "vehicle": 0.9664341807365417, "rural": 0.9652926325798035, "tractor": 0.9615091681480408, "grass": 0.9577584862709045, "field": 0.9540613293647766, "hay": 0.9454486966133118, "pasture": 0.9225117564201355, "machine": 0.9150102138519287, "landscape": 0.9149916768074036, "no person": 0.9128621816635132, "soil": 0.9098657369613647, "outdoors": 0.9094067811965942, "transportation system": 0.9035878777503967, "country": 0.89012211561203, "summer": 0.8799733519554138, "hayfield": 0.8700231909751892, "vintage": 0.8696117401123047}