{"leaf": 0.9828109741210938, "illustration": 0.981622576713562, "design": 0.9714392423629761, "art": 0.9583998322486877, "decoration": 0.9482987523078918, "graphic": 0.9396728277206421, "flower": 0.9387764930725098, "abstract": 0.9381303787231445, "vector": 0.9363031983375549, "desktop": 0.9313675761222839, "retro": 0.9268960952758789, "no person": 0.9228959083557129, "elegant": 0.9193635582923889, "floral": 0.9101070761680603, "painting": 0.8971567749977112, "flora": 0.8781906366348267, "image": 0.8680075407028198, "wallpaper": 0.8593432307243347, "style": 0.8494539856910706, "artistic": 0.8407391905784607}