{"vehicle": 0.995854377746582, "tractor": 0.9952964186668396, "machinery": 0.9946427345275879, "industry": 0.9894101619720459, "transportation system": 0.9840966463088989, "diesel": 0.9755114316940308, "wheel": 0.9745413064956665, "truck": 0.9719264507293701, "machine": 0.9692320227622986, "exhibition": 0.9634528756141663, "car": 0.962230384349823, "power": 0.9390750527381897, "equipment": 0.9371920228004456, "no person": 0.9356968402862549, "outdoors": 0.9341374039649963, "soil": 0.9333767890930176, "tire": 0.9252207279205322, "heavy": 0.9190037250518799, "business": 0.883928120136261, "competition": 0.8734447360038757}