{"juicy": 0.9900829195976257, "no person": 0.9853244423866272, "fruit": 0.9723150134086609, "health": 0.9721574783325195, "food": 0.9721124172210693, "juice": 0.9709151387214661, "game half": 0.9561168551445007, "stranded": 0.9481468796730042, "nutrition": 0.9454569220542908, "delicious": 0.941655695438385, "disjunct": 0.9188206195831299, "wet": 0.9056050777435303, "apple": 0.8822393417358398, "farming": 0.879811704158783, "taste": 0.8792188167572021, "leaf": 0.8783139586448669, "grapefruit": 0.8647130131721497, "bright": 0.8592496514320374, "tropical": 0.858453094959259, "balanced diet": 0.8365135192871094}