{"research": 0.9907435774803162, "laboratory": 0.9832611680030823, "biology": 0.9808691740036011, "microbiology": 0.9745438098907471, "analysis": 0.9669685959815979, "scientist": 0.9659572839736938, "science": 0.9630769491195679, "scientific": 0.9584658145904541, "gloves": 0.957308292388916, "chemistry": 0.9550274610519409, "medical": 0.9534101486206055, "science laboratory": 0.9526907801628113, "test": 0.9519709348678589, "biochemistry": 0.9497089385986328, "medicine": 0.9486488699913025, "work": 0.9483147263526917, "equipment": 0.9404965043067932, "tube": 0.9267611503601074, "hand": 0.9180063605308533, "glass": 0.9129130244255066}