{"education": 0.9932819604873657, "wood": 0.9923614263534546, "school": 0.9892488718032837, "paper": 0.9802697896957397, "creativity": 0.9724660515785217, "pencil": 0.9721418619155884, "business": 0.943057656288147, "writing": 0.9403645992279053, "no person": 0.9400860667228699, "laptop": 0.9390408992767334, "college": 0.9297435283660889, "chalk": 0.9281212687492371, "note": 0.9232683777809143, "composition": 0.908780038356781, "art": 0.9030143618583679, "child": 0.8741763234138489, "wooden": 0.8708149790763855, "chalk out": 0.868706226348877, "facts": 0.8557265996932983, "adhesive": 0.8453513979911804}