{"illustration": 0.9839071035385132, "child": 0.9565134644508362, "sketch": 0.9388501048088074, "fun": 0.9234898686408997, "design": 0.9230876564979553, "art": 0.9217117428779602, "vector": 0.9191761016845703, "desktop": 0.9113950133323669, "outdoors": 0.8825243711471558, "no person": 0.8758551478385925, "graphic": 0.856164813041687, "summer": 0.8550190329551697, "color": 0.8397902250289917, "sky": 0.8241652846336365, "image": 0.8181483745574951, "creativity": 0.8094621896743774, "cute": 0.8090888261795044, "confetti": 0.8001673221588135, "pattern": 0.7872881293296814, "travel": 0.7868425846099854}