{"currency": 0.9984714388847351, "money": 0.9976778626441956, "business": 0.9951102137565613, "savings": 0.9943978786468506, "wealth": 0.9939458966255188, "finance": 0.992979109287262, "achievement": 0.9905339479446411, "cash": 0.9882042407989502, "pay": 0.9785622954368591, "bank": 0.9750345349311829, "financial": 0.9714536070823669, "paper": 0.9553996920585632, "inflation": 0.9531485438346863, "investment": 0.9520679712295532, "shopping": 0.9455472826957703, "debt": 0.9360858798027039, "euro": 0.9354389905929565, "abundance": 0.9222936034202576, "no person": 0.9209172129631042, "economy": 0.920390248298645}