{"no person": 0.9908072352409363, "machinery": 0.9726826548576355, "old": 0.9538090825080872, "wheel": 0.9442384839057922, "outdoors": 0.9322454333305359, "vintage": 0.9320895075798035, "retro": 0.9253726005554199, "nostalgia": 0.9247466325759888, "equipment": 0.9232497215270996, "antique": 0.915843665599823, "power": 0.9142469763755798, "machine": 0.9039440751075745, "condensation": 0.9036502838134766, "transportation system": 0.8975646495819092, "vehicle": 0.8852078914642334, "tractor": 0.8620424866676331, "rural": 0.860900342464447, "traditional": 0.8487836122512817, "engine": 0.8188284635543823, "classic": 0.8130152821540833}