{"agriculture": 0.9983377456665039, "farm": 0.9953179359436035, "field": 0.9881728291511536, "crop": 0.9870581030845642, "industry": 0.9843383431434631, "rural": 0.9837677478790283, "landscape": 0.9807177186012268, "pasture": 0.9749401211738586, "no person": 0.9680764675140381, "countryside": 0.9641972780227661, "machine": 0.9608184695243835, "soil": 0.9573893547058105, "country": 0.9573258757591248, "sky": 0.9561541676521301, "corn": 0.9554182887077332, "outdoors": 0.9499107599258423, "cropland": 0.9467530846595764, "summer": 0.9451374411582947, "cereal": 0.9425238966941833, "farmland": 0.9365274906158447}