{"corn": 0.9971889853477478, "food": 0.9951632022857666, "agriculture": 0.9949764013290405, "farm": 0.9909003973007202, "vegetable": 0.981773316860199, "corncob": 0.981089174747467, "nature": 0.9806099534034729, "grow": 0.9802563190460205, "hazelnut": 0.973217785358429, "flora": 0.9723222255706787, "closeup": 0.9705471396446228, "cereal": 0.9702361226081848, "pasture": 0.9680694341659546, "desktop": 0.9663448929786682, "crop": 0.9629020094871521, "healthy": 0.9615091681480408, "straw": 0.9594535827636719, "meat": 0.9454241991043091, "confection": 0.9421275854110718, "farming": 0.9343307018280029}