{"navigation": 0.9993270635604858, "World Wide Web": 0.9970561265945435, "menu (food)": 0.9969612956047058, "stripe": 0.9946590065956116, "interface": 0.9915910959243774, "internet": 0.9900475740432739, "touch": 0.9890304207801819, "template": 0.988899827003479, "telephone": 0.9879091382026672, "appliance": 0.9840230941772461, "login": 0.9834801554679871, "no person": 0.9788915514945984, "site": 0.9710841178894043, "wireless": 0.960740864276886, "set": 0.9584020972251892, "user": 0.9556686282157898, "portable": 0.9550313949584961, "machinery": 0.9539464116096497, "download": 0.9503485560417175, "electronics": 0.9490768909454346}