{"no person": 0.9812119007110596, "graphic design": 0.9720911383628845, "geometric": 0.915408730506897, "design": 0.8976389169692993, "illustration": 0.8925378322601318, "contemporary": 0.8822934627532959, "business": 0.8794454336166382, "vector": 0.8585609793663025, "disjunct": 0.8584548830986023, "paper": 0.8479921221733093, "pattern": 0.8458625078201294, "data": 0.8440519571304321, "science": 0.8434591889381409, "stripe": 0.8405735492706299, "corporation": 0.8306149244308472, "simplicity": 0.8210286498069763, "creativity": 0.8108466863632202, "wallpaper": 0.7916597723960876, "artistic": 0.7900528907775879, "empty": 0.7896908521652222}