{"barn": 0.9932802319526672, "house": 0.9911420345306396, "architecture": 0.9882282614707947, "no person": 0.977766752243042, "family": 0.9776409268379211, "rural": 0.9681764245033264, "farm": 0.9639133214950562, "outdoors": 0.9619998335838318, "summer": 0.9572501182556152, "building": 0.951801598072052, "roof": 0.947062075138092, "home": 0.9435670375823975, "sky": 0.9412169456481934, "grass": 0.9206652045249939, "countryside": 0.918259859085083, "fence": 0.915363609790802, "wood": 0.902115523815155, "agriculture": 0.8968486189842224, "shed": 0.8936731815338135, "farmhouse": 0.8920239806175232}