{"dollar": 0.9981065988540649, "money": 0.9972130656242371, "currency": 0.9963285326957703, "wealth": 0.993872880935669, "finance": 0.9899506568908691, "bank": 0.989823043346405, "business": 0.9888307452201843, "savings": 0.9887370467185974, "cash": 0.9871290922164917, "paper": 0.9741109609603882, "achievement": 0.9638721346855164, "market": 0.9578545689582825, "financial": 0.9557105898857117, "one": 0.9551895260810852, "century": 0.9527401328086853, "abundance": 0.9489945769309998, "commerce": 0.9436450600624084, "pay": 0.927906334400177, "luck": 0.9261505603790283, "administration": 0.9172684550285339}