{"no person": 0.9758734107017517, "landscape": 0.9682406783103943, "sky": 0.9660850167274475, "dry": 0.9639980792999268, "desert": 0.9622431993484497, "travel": 0.952031672000885, "sand": 0.9454939961433411, "wheat": 0.9400951266288757, "nature": 0.9275878071784973, "outdoors": 0.9173245429992676, "hill": 0.9115723967552185, "summer": 0.9012274742126465, "agriculture": 0.8926325440406799, "gold": 0.8910403251647949, "cropland": 0.8750706315040588, "sun": 0.8690207004547119, "arid": 0.8677523732185364, "dune": 0.84051913022995, "sunset": 0.8371224999427795, "wasteland": 0.8152631521224976}