{"currency": 0.9932202100753784, "business": 0.9928681254386902, "finance": 0.9900808930397034, "wealth": 0.9890053868293762, "paper": 0.9777807593345642, "money": 0.9770833253860474, "pay": 0.9671612977981567, "savings": 0.9658710956573486, "cash": 0.9484946131706238, "bank": 0.9346626996994019, "investment": 0.9327017068862915, "hand": 0.932547926902771, "dollar": 0.9276421070098877, "financial": 0.9157580137252808, "abundance": 0.9064117670059204, "debt": 0.9011046290397644, "shopping": 0.8947580456733704, "prosperity": 0.8732692003250122, "century": 0.8641902804374695, "text": 0.8597427606582642}