{"illustration": 0.9705610871315002, "devoid": 0.9616727828979492, "paper": 0.9610796570777893, "design": 0.9589813947677612, "blank": 0.9318467974662781, "vector": 0.9230040907859802, "desktop": 0.9116421937942505, "empty": 0.9107767343521118, "disjunct": 0.9043736457824707, "graphic": 0.9042866826057434, "no person": 0.9028992652893066, "square": 0.9007488489151001, "business": 0.8989288210868835, "picture frame": 0.8908617496490479, "pattern": 0.8719227910041809, "note": 0.8670846819877625, "art": 0.8571887612342834, "template": 0.846209704875946, "document": 0.843080997467041, "corner": 0.8393456935882568}