{"equipment": 0.9548127055168152, "plastic": 0.9412729740142822, "desktop": 0.9312727451324463, "work": 0.926231861114502, "tool": 0.9223262667655945, "no person": 0.913080632686615, "gloves": 0.8978198170661926, "wood": 0.897375226020813, "expression": 0.8894798755645752, "industry": 0.8875336050987244, "machinery": 0.8840373158454895, "steel": 0.880196750164032, "gasoline": 0.8704138994216919, "technology": 0.8586259484291077, "tooling": 0.8519390225410461, "isolated": 0.8355335593223572, "power": 0.8341586589813232, "machine": 0.8303048610687256, "instrument": 0.827854573726654, "drill": 0.8076937794685364}