{"illustration": 0.9695876836776733, "monochrome": 0.9495126605033875, "chalk out": 0.9292769432067871, "text": 0.917789101600647, "handwriting": 0.8977089524269104, "horizontal": 0.8728716373443604, "paper": 0.8696994781494141, "old": 0.8658798933029175, "print": 0.8642998337745667, "no person": 0.8334574103355408, "calligraphy": 0.8252159357070923, "antique": 0.8158769607543945, "art": 0.7965923547744751, "vintage": 0.7946213483810425, "vertical": 0.7829940915107727, "sketchy": 0.7822809219360352, "calligrapher": 0.7815352082252502, "engraving": 0.7715755105018616, "page": 0.7686184644699097, "sign": 0.7660134434700012}