{"house": 0.9878674745559692, "tree": 0.9846599102020264, "garden": 0.9829553961753845, "architecture": 0.9792922735214233, "building": 0.9771804809570312, "modern": 0.9505650401115417, "city": 0.9503881931304932, "no person": 0.9496176242828369, "home": 0.9478972554206848, "park": 0.9462195038795471, "outdoors": 0.9408934712409973, "university": 0.9402570724487305, "travel": 0.9329044818878174, "lawn": 0.9300644993782043, "street": 0.91435307264328, "family": 0.91156405210495, "summer": 0.9063974618911743, "window": 0.8989777565002441, "environment": 0.8946694731712341, "construction": 0.892548680305481}