{"chalk": 0.9998723268508911, "chalkboard": 0.999862551689148, "education": 0.9997037053108215, "knowledge": 0.9996687173843384, "school": 0.9996140599250793, "classroom": 0.9992526173591614, "college": 0.9991986155509949, "study": 0.9979305267333984, "writing": 0.9953567385673523, "class": 0.9951997995376587, "lesson": 0.9922406673431396, "mathematics": 0.9908520579338074, "university": 0.9903772473335266, "no person": 0.9901925325393677, "book": 0.9900107979774475, "teacher": 0.9871783256530762, "elementary": 0.9861328601837158, "wisdom": 0.9844255447387695, "elementary school": 0.9824337959289551, "research": 0.9775052666664124}