{"agriculture": 0.9931986927986145, "farm": 0.983376681804657, "outdoors": 0.9790275692939758, "growth": 0.971184492111206, "no person": 0.9578272700309753, "nature": 0.9501304030418396, "crop": 0.943129301071167, "summer": 0.9428330063819885, "pasture": 0.9334438443183899, "sky": 0.9219663739204407, "corn": 0.9177663326263428, "barn": 0.9102445244789124, "field": 0.898173987865448, "barnyard": 0.8881118297576904, "grass": 0.8788302540779114, "rural": 0.8660866022109985, "landscape": 0.8613501191139221, "house": 0.8544437885284424, "flora": 0.850435733795166, "country": 0.8118447065353394}