{"no person": 0.9832030534744263, "stacks": 0.9521245956420898, "retro": 0.8944740295410156, "old": 0.889465868473053, "beer": 0.869342029094696, "outdoors": 0.8556748032569885, "barrel": 0.8401864171028137, "nature": 0.8362637162208557, "wine": 0.8318545818328857, "rural": 0.8208005428314209, "industry": 0.8202819228172302, "grass": 0.7925564646720886, "wood": 0.7886869311332703, "obsolete": 0.7757168412208557, "antique": 0.7578105330467224, "fall": 0.7425134181976318, "power": 0.7286128997802734, "agriculture": 0.6970328092575073, "empty": 0.6917750239372253, "summer": 0.6654654145240784}