{"business": 0.9883003234863281, "paper": 0.9826809763908386, "writing": 0.9606251120567322, "laptop": 0.9505853652954102, "horizontal": 0.9460384249687195, "office": 0.9424704313278198, "data": 0.9409440159797668, "note": 0.9275444149971008, "education": 0.9252808094024658, "wood": 0.9109895825386047, "internet": 0.8872796297073364, "creativity": 0.8778087496757507, "document": 0.8762599229812622, "technology": 0.8760396838188171, "no person": 0.8750482201576233, "notebook": 0.8687666058540344, "facts": 0.8673027753829956, "indoors": 0.864020586013794, "communication": 0.852144718170166, "desk": 0.8285976052284241}