{"merchandise": 0.970698356628418, "food": 0.9549136757850647, "isolated": 0.9380326271057129, "container": 0.9325788021087646, "no person": 0.9255980253219604, "packaging": 0.9227814078330994, "milk": 0.9146847724914551, "business": 0.913052499294281, "can": 0.9112623929977417, "breakfast": 0.8937640190124512, "label": 0.8734402060508728, "paper": 0.8726422786712646, "plastic": 0.8607431054115295, "drink": 0.8508616089820862, "box": 0.8290765285491943, "cute": 0.8259817361831665, "shopping": 0.8248186111450195, "shop": 0.8182939887046814, "order": 0.8182262778282166, "vertical": 0.8174381256103516}