{"classroom": 0.9999266862869263, "school": 0.9996108412742615, "education": 0.9993891716003418, "class": 0.9978559613227844, "lecture": 0.9964525699615479, "desk": 0.9959869980812073, "teacher": 0.9921563863754272, "room": 0.9907020330429077, "chalkboard": 0.9897122383117676, "university": 0.987787663936615, "chair": 0.9874227046966553, "seat": 0.9842157959938049, "furniture": 0.9841136336326599, "lesson": 0.9834604859352112, "indoors": 0.9823276996612549, "study": 0.9729709029197693, "knowledge": 0.9681925177574158, "college": 0.9679372906684875, "display": 0.962821900844574, "elementary school": 0.9600986838340759}