{"no person": 0.951788067817688, "Halloween": 0.9218771457672119, "bright": 0.8852900266647339, "gold": 0.8822773098945618, "figure": 0.8624428510665894, "shining": 0.850771963596344, "art": 0.8487353324890137, "fun": 0.8423084616661072, "retro": 0.8283222317695618, "desktop": 0.8235939145088196, "illustration": 0.8219496607780457, "dark": 0.8186798691749573, "Christmas": 0.8182963728904724, "fright": 0.8140788674354553, "celebration": 0.8058189749717712, "love": 0.798261821269989, "motley": 0.7795376181602478, "design": 0.7765833139419556, "horror": 0.7722064852714539, "decoration": 0.7596105337142944}