{"design": 0.96610426902771, "desktop": 0.9645191431045532, "container": 0.9548841714859009, "handle": 0.9433488845825195, "traditional": 0.9410642385482788, "no person": 0.9398590922355652, "handmade": 0.9392365217208862, "decoration": 0.93802809715271, "empty": 0.9343218803405762, "vintage": 0.9331995248794556, "tea": 0.932176947593689, "retro": 0.9258069396018982, "drink": 0.9128801226615906, "pot": 0.9070261716842651, "style": 0.9033327698707581, "set": 0.9021997451782227, "isolate": 0.8789637088775635, "family": 0.8767772912979126, "coffee": 0.8644946813583374, "color": 0.862826406955719}