{"nature": 0.9899391531944275, "no person": 0.9753857254981995, "growth": 0.9689390063285828, "outdoors": 0.9477211833000183, "food": 0.9379147291183472, "water": 0.9359537363052368, "leaf": 0.9349747896194458, "blur": 0.9313405156135559, "summer": 0.9293613433837891, "tropical": 0.9016677141189575, "health": 0.8968408703804016, "fruit": 0.8687872290611267, "H2O": 0.8613855838775635, "sun": 0.8509767651557922, "little": 0.8489610552787781, "garden": 0.840058445930481, "fair weather": 0.8393204808235168, "agriculture": 0.8379703760147095, "bright": 0.8369901180267334, "nutrition": 0.8368331789970398}