{"business": 0.9985802173614502, "finance": 0.9981932044029236, "currency": 0.998015284538269, "money": 0.9976396560668945, "wealth": 0.9955775737762451, "cash": 0.9864051938056946, "paper": 0.985522985458374, "bank": 0.9804107546806335, "financial": 0.9795650243759155, "savings": 0.9777534008026123, "pay": 0.9685012698173523, "number": 0.9550777077674866, "investment": 0.9496420621871948, "commerce": 0.9486099481582642, "achievement": 0.9367815256118774, "dollar": 0.936669647693634, "text": 0.9307409524917603, "economy": 0.9252055883407593, "no person": 0.9137067198753357, "debt": 0.9128720164299011}