{"illustration": 0.9743834137916565, "chalkboard": 0.9702760577201843, "chalk": 0.9692531824111938, "education": 0.937252938747406, "no person": 0.9326837658882141, "school": 0.9020199775695801, "chalk out": 0.8994176983833313, "classroom": 0.8867843151092529, "vector": 0.8731539249420166, "vectors": 0.87237548828125, "sketch": 0.8693316578865051, "mathematics": 0.8654301762580872, "business": 0.8604361414909363, "scribble": 0.8557698130607605, "horizontal": 0.8265975713729858, "retro": 0.8217914700508118, "text": 0.8147745132446289, "child": 0.8121448755264282, "communication": 0.7844482064247131, "graphic design": 0.7646671533584595}