{"graphic design": 0.9956870675086975, "no person": 0.9949414134025574, "cute": 0.9799575209617615, "funny": 0.9797890782356262, "illustration": 0.9751074910163879, "sketch": 0.9724294543266296, "fun": 0.9493489861488342, "animal": 0.946962833404541, "mascot": 0.946657657623291, "vector": 0.9419533610343933, "isolated": 0.9380519390106201, "furious": 0.8947777152061462, "angry": 0.8905397057533264, "nature": 0.8832480907440186, "man": 0.8798272013664246, "wildlife": 0.8671368360519409, "retro": 0.857214629650116, "eye": 0.8493490815162659, "Halloween": 0.8457478880882263, "graphic": 0.8409249186515808}