{"illustration": 0.9980905652046204, "man": 0.9930062294006348, "vector": 0.9901864528656006, "sketch": 0.9851959943771362, "strength": 0.9727716445922852, "graphic design": 0.9616180658340454, "sword": 0.9515140652656555, "isolated": 0.951185941696167, "retro": 0.9478362798690796, "fun": 0.921783447265625, "art": 0.9193359613418579, "funny": 0.9178433418273926, "protection": 0.9077561497688293, "armor": 0.9034834504127502, "woman": 0.8861491084098816, "uniform": 0.8821232318878174, "character": 0.872932493686676, "young": 0.8604610562324524, "adult": 0.854789137840271, "samurai": 0.8534131050109863}