{"no person": 0.9916579127311707, "nature": 0.9833080768585205, "food": 0.9773310422897339, "leaf": 0.9769947528839111, "garden": 0.9488571882247925, "outdoors": 0.936759889125824, "flora": 0.9356774091720581, "grow": 0.9342973828315735, "fruit": 0.9318023920059204, "farming": 0.9305015206336975, "vegetable": 0.9280324578285217, "farm": 0.9279369711875916, "pasture": 0.9231212735176086, "agriculture": 0.9134453535079956, "fall": 0.9047694802284241, "summer": 0.892124354839325, "flower": 0.8873650431632996, "color": 0.8872730731964111, "growth": 0.8840460777282715, "tree": 0.8705706596374512}