{"vehicle": 0.999103844165802, "transportation system": 0.9948979020118713, "car": 0.9906052947044373, "machine": 0.9872346520423889, "truck": 0.9782776832580566, "tractor": 0.9773066639900208, "machinery": 0.9611503481864929, "no person": 0.9604185819625854, "industry": 0.950776219367981, "driver": 0.9479184150695801, "diesel": 0.9394733309745789, "power": 0.9338240027427673, "engine": 0.9322724342346191, "heavy": 0.9238181710243225, "wheel": 0.8944745659828186, "drive": 0.8894720077514648, "outdoors": 0.8885018229484558, "action": 0.8787590861320496, "equipment": 0.8464730381965637, "soil": 0.8447660803794861}