{"tractor": 0.9988231062889099, "soil": 0.9956108927726746, "machine": 0.9929015040397644, "agriculture": 0.9891461133956909, "farm": 0.9881953001022339, "vehicle": 0.9824557304382324, "machinery": 0.9789811968803406, "field": 0.9759747982025146, "transportation system": 0.9511904120445251, "equipment": 0.9459941387176514, "plow": 0.9304609298706055, "industry": 0.9300237894058228, "truck": 0.9193055629730225, "wheel": 0.9175978302955627, "horizontal plane": 0.9080874919891357, "outdoors": 0.8827754259109497, "trailer": 0.8666988015174866, "engine": 0.8594889044761658, "heavy": 0.8495110273361206, "rural": 0.8473702669143677}