{"soil": 0.9792384505271912, "no person": 0.9768114686012268, "agriculture": 0.967791736125946, "machinery": 0.955136239528656, "dust": 0.9528226852416992, "sand": 0.9440330862998962, "machine": 0.9403179287910461, "tractor": 0.9330615997314453, "wood": 0.931342363357544, "recycling": 0.9300626516342163, "desktop": 0.9263409972190857, "industry": 0.9247726202011108, "ground": 0.920720100402832, "equipment": 0.919901967048645, "outdoors": 0.9165641665458679, "ball-shaped": 0.907398521900177, "color": 0.9066213965415955, "plastic": 0.8906148076057434, "empty": 0.8902633786201477, "dirty": 0.8870483636856079}