{"no person": 0.9875363707542419, "outdoors": 0.973379373550415, "travel": 0.9608457684516907, "summer": 0.9573343992233276, "nature": 0.9561933875083923, "sky": 0.9361962676048279, "fair weather": 0.9103677272796631, "water": 0.905447781085968, "business": 0.8792446851730347, "horizontal": 0.867861807346344, "sand": 0.8607720136642456, "leisure": 0.8515859842300415, "sun": 0.8464034199714661, "vacation": 0.8279383182525635, "tropical": 0.8249843120574951, "conceptual": 0.8129590153694153, "fun": 0.7943375706672668, "romance": 0.7835490703582764, "achievement": 0.7755597829818726, "sea": 0.7723621726036072}