{"tractor": 0.9977509379386902, "machinery": 0.9940627217292786, "soil": 0.9937490224838257, "machine": 0.9904183745384216, "vehicle": 0.9846558570861816, "agriculture": 0.9789935350418091, "no person": 0.9670905470848083, "farmland": 0.9639264941215515, "plow": 0.9613399505615234, "farm": 0.9525772929191589, "rural": 0.9450957179069519, "ball-shaped": 0.9384894371032715, "equipment": 0.9193111062049866, "ground": 0.9185596108436584, "dust": 0.9107698798179626, "outdoors": 0.9072428941726685, "pasture": 0.9066052436828613, "wheel": 0.8999437689781189, "countryside": 0.8992372155189514, "cropland": 0.8951237201690674}