{"art": 0.9977610111236572, "religion": 0.9967908263206482, "illustration": 0.9952853322029114, "painting": 0.9943574070930481, "church": 0.9916762113571167, "architecture": 0.9871838092803955, "god": 0.9620568752288818, "old": 0.9618244767189026, "building": 0.9597188830375671, "saint": 0.958406388759613, "ancient": 0.9533849358558655, "cross": 0.9524093270301819, "fairy": 0.9507686495780945, "Gothic": 0.935491144657135, "travel": 0.9352503418922424, "print": 0.9352133870124817, "no person": 0.931670069694519, "temple": 0.9260490536689758, "visuals": 0.9202859401702881, "chapel": 0.918373703956604}