{"business": 0.9936443567276001, "office": 0.9780543446540833, "architecture": 0.9766715168952942, "glass items": 0.9718766808509827, "finance": 0.9575082063674927, "city": 0.9564549326896667, "outdoors": 0.9519426226615906, "modern": 0.9506393671035767, "sky": 0.9395643472671509, "window": 0.9154790639877319, "horizontal plane": 0.9011017680168152, "building": 0.8928101062774658, "reflection": 0.889878511428833, "facade": 0.8865144848823547, "horizontal": 0.8806549310684204, "technology": 0.8768606185913086, "no person": 0.875839352607727, "financial": 0.8630014657974243, "travel": 0.855000376701355, "futuristic": 0.836962878704071}