{"retro": 0.9913712739944458, "vector": 0.9901873469352722, "illustration": 0.9878854751586914, "tribal": 0.9849222302436829, "tattoo": 0.9844672679901123, "heraldry": 0.9839923977851868, "mascot": 0.9814094305038452, "art": 0.9679171442985535, "Halloween": 0.960225522518158, "skull": 0.9520060420036316, "design": 0.9510169625282288, "emblem": 0.942711591720581, "shield": 0.942022979259491, "ornate": 0.9390659928321838, "monster": 0.9317395687103271, "stylized": 0.9283298850059509, "vintage": 0.9229211211204529, "chalk out": 0.9173777103424072, "no person": 0.9096167683601379, "Satan": 0.9067102074623108}