{"sunset": 0.9852918386459351, "nature": 0.9819502830505371, "grass": 0.9750131964683533, "sun": 0.9731922745704651, "no person": 0.969788670539856, "summer": 0.9660587906837463, "dawn": 0.9651557803153992, "outdoors": 0.9644728899002075, "sky": 0.9555885195732117, "landscape": 0.9522031545639038, "fall": 0.95196932554245, "field": 0.944505512714386, "fair weather": 0.9401391744613647, "countryside": 0.9185726046562195, "rural": 0.9144448637962341, "dusk": 0.9010888934135437, "flora": 0.8787734508514404, "bright": 0.8722802996635437, "leaf": 0.8589624762535095, "light": 0.8390032052993774}