{"no person": 0.9888251423835754, "graphic design": 0.9780595898628235, "horizontal": 0.9724130630493164, "vector": 0.9610260725021362, "illustration": 0.9481040239334106, "blank": 0.9195260405540466, "business": 0.915647566318512, "design": 0.914811372756958, "contemporary": 0.9057604670524597, "desktop": 0.9043712019920349, "identity": 0.9039453864097595, "nature": 0.9004372954368591, "banner": 0.8953116536140442, "outdoors": 0.893921434879303, "technology": 0.892626941204071, "empty": 0.8817439675331116, "isolated": 0.8780314326286316, "electronics": 0.8596948981285095, "square": 0.8589121103286743, "stripe": 0.8560201525688171}