{"rural": 0.9932901859283447, "pasture": 0.9913427829742432, "no person": 0.9910291433334351, "agriculture": 0.9896173477172852, "countryside": 0.988937258720398, "landscape": 0.9871348738670349, "wheat": 0.9833764433860779, "summer": 0.9768580198287964, "nature": 0.9758510589599609, "cropland": 0.9756129384040833, "straw": 0.9749243855476379, "field": 0.9733132123947144, "farmland": 0.9709965586662292, "sky": 0.970893144607544, "hay": 0.9675295352935791, "crop": 0.966179609298706, "outdoors": 0.9654501676559448, "farm": 0.9651787877082825, "cereal": 0.9561963081359863, "corn": 0.9548934102058411}