{"rally": 0.9951311349868774, "drag race": 0.9910582304000854, "picket": 0.9742749929428101, "austerity": 0.9550469517707825, "action": 0.9454213976860046, "offense": 0.9450199007987976, "crisis": 0.9437814354896545, "police": 0.9405086040496826, "battle": 0.916834831237793, "street": 0.9052979946136475, "business": 0.8959376811981201, "banking": 0.8879384994506836, "healthcare": 0.8831180930137634, "democracy": 0.8785887360572815, "fossil fuel": 0.8736551403999329, "education": 0.8461980223655701, "administration": 0.8451815843582153, "flag signal": 0.8440783023834229, "dig": 0.8435927629470825, "parliament": 0.8411855697631836}