{"funny": 0.9988895058631897, "sketch": 0.9988860487937927, "scribble": 0.997641921043396, "illustration": 0.9967710375785828, "character": 0.9947172999382019, "far-out": 0.9942358136177063, "art": 0.9930422306060791, "crazy": 0.9928105473518372, "cockamamie": 0.987659752368927, "cute": 0.9866639375686646, "clip": 0.9834588766098022, "cheerful": 0.9834331274032593, "retro": 0.9807470440864563, "hand": 0.978534460067749, "visuals": 0.9463295936584473, "traditional": 0.9120528697967529, "row of words": 0.9114471077919006, "woman": 0.9090437889099121, "line": 0.8759053945541382, "man": 0.8717837333679199}