{"display": 0.9789349436759949, "business": 0.9787032008171082, "internet": 0.9699309468269348, "signalise": 0.9636458158493042, "billboard": 0.9604257345199585, "text": 0.9549832344055176, "screen": 0.9521454572677612, "technology": 0.9508904218673706, "no person": 0.9481984972953796, "bill": 0.9294223189353943, "communication": 0.9277079701423645, "electronics": 0.9273882508277893, "conceptual": 0.923366367816925, "facts": 0.9193248748779297, "television": 0.9175156354904175, "information": 0.9108001589775085, "road": 0.9045266509056091, "isolated": 0.9001808762550354, "achievement": 0.8939225077629089, "sky": 0.8918822407722473}