{"layout": 0.9997122883796692, "page": 0.9995381832122803, "template": 0.9994832277297974, "booklet": 0.9994297623634338, "steps": 0.9991720914840698, "presentation": 0.9991629123687744, "form": 0.9990079998970032, "option (finance)": 0.998091995716095, "information": 0.9966205358505249, "sequence": 0.9950129389762878, "stepping": 0.9946505427360535, "comparability": 0.993914783000946, "variant": 0.9939001798629761, "navigation": 0.9937100410461426, "World Wide Web": 0.9920429587364197, "tag": 0.9890238046646118, "tutorial": 0.9870009422302246, "promotion": 0.9868966937065125, "label": 0.9865028858184814, "advertising": 0.9844982028007507}