{"tractor": 0.9990341663360596, "soil": 0.9960242509841919, "machine": 0.9951841235160828, "vehicle": 0.9913620352745056, "machinery": 0.9900777339935303, "wheel": 0.9793470501899719, "equipment": 0.9707889556884766, "plow": 0.965453028678894, "agriculture": 0.9613985419273376, "industry": 0.9462261199951172, "farm": 0.9421443343162537, "transportation system": 0.9367185831069946, "engine": 0.9161467552185059, "work": 0.9103561639785767, "heavy": 0.9037134647369385, "ball-shaped": 0.903002917766571, "power": 0.8979446887969971, "field": 0.8934181928634644, "exert": 0.8863610625267029, "shovel": 0.8547143936157227}