{"row": 0.9691442251205444, "desktop": 0.9669350385665894, "color": 0.9603390693664551, "food": 0.9571970701217651, "outdoors": 0.9537315964698792, "shelf": 0.9421850442886353, "industry": 0.9337162971496582, "variation": 0.9238974452018738, "freshness": 0.9158141016960144, "nature": 0.9124017357826233, "flora": 0.9107347130775452, "summer": 0.9042032361030579, "no person": 0.9007839560508728, "art": 0.900635302066803, "decoration": 0.8986018300056458, "horizontal": 0.8979654312133789, "market": 0.8958132266998291, "equipment": 0.8841451406478882, "painting": 0.8771195411682129, "culture": 0.8765609860420227}