{"horizontal": 0.936572253704071, "business": 0.9341282248497009, "paper": 0.9313730597496033, "recycling": 0.9096346497535706, "no person": 0.9007324576377869, "finance": 0.8961002826690674, "cute": 0.8835145235061646, "luck": 0.8776868581771851, "garbage": 0.8744904398918152, "family": 0.8551847338676453, "isolated": 0.8329499959945679, "growth": 0.8326793909072876, "currency": 0.8320303559303284, "child": 0.8276572823524475, "indoors": 0.8145626187324524, "plastic": 0.8138948082923889, "wealth": 0.8092353940010071, "money": 0.8092221617698669, "toy": 0.7949239015579224, "abundance": 0.7883000373840332}