{"fun": 0.9896681308746338, "entertainment": 0.9839931130409241, "no person": 0.9585068821907043, "bright": 0.9549219012260437, "dancing": 0.9331356883049011, "design": 0.9129897952079773, "theme": 0.9080668687820435, "art": 0.8979872465133667, "joy": 0.8949713706970215, "fantasy": 0.8921493291854858, "music": 0.889062225818634, "child": 0.8830352425575256, "nightlife": 0.8751603364944458, "motley": 0.8724575638771057, "confetti": 0.8718836307525635, "enjoyment": 0.8681412935256958, "creativity": 0.8662494421005249, "moon": 0.8661927580833435, "artistic": 0.8370564579963684, "Halloween": 0.8364046812057495}