{"agriculture": 0.9994838237762451, "farm": 0.9980736970901489, "crop": 0.9920058846473694, "rural": 0.9911866784095764, "field": 0.990871250629425, "growth": 0.9848774671554565, "tractor": 0.9833236336708069, "soil": 0.9833149909973145, "cropland": 0.9826633930206299, "pasture": 0.9816846251487732, "countryside": 0.9805747270584106, "farmland": 0.9791112542152405, "nature": 0.9781681895256042, "machine": 0.9776305556297302, "no person": 0.9767063856124878, "industry": 0.9729403257369995, "outdoors": 0.9672251343727112, "vineyard": 0.9637510776519775, "machinery": 0.9615013599395752, "flora": 0.9582376480102539}