{"dollar": 0.9994882345199585, "currency": 0.9993194341659546, "money": 0.9990788698196411, "finance": 0.9989162683486938, "wealth": 0.9974754452705383, "cash": 0.9973821043968201, "business": 0.9960123300552368, "savings": 0.9944745898246765, "bank": 0.9938682913780212, "century": 0.993107259273529, "financial": 0.9928313493728638, "investment": 0.9888153672218323, "achievement": 0.9880357384681702, "abundance": 0.9870827198028564, "paper": 0.9840914607048035, "pay": 0.9778710603713989, "economy": 0.9759714007377625, "united": 0.973479688167572, "debt": 0.972740650177002, "recession": 0.971318781375885}