{"lamp": 0.997526228427887, "lantern": 0.9935327768325806, "light": 0.9766545295715332, "bulb": 0.9696037173271179, "decoration": 0.9650409817695618, "candle": 0.964121401309967, "design": 0.9450406432151794, "art": 0.9406759738922119, "Christmas": 0.9203060269355774, "bright": 0.9171009063720703, "Halloween": 0.9083540439605713, "skull": 0.9080808758735657, "inside": 0.9031827449798584, "traditional": 0.9001485705375671, "no person": 0.8887167572975159, "scary": 0.8826760649681091, "old": 0.8777331709861755, "pumpkin": 0.8602932691574097, "illuminated": 0.8599594831466675, "desktop": 0.8591578602790833}