{"conceptual": 0.9930528998374939, "cloud": 0.9914377331733704, "text": 0.9822396039962769, "business": 0.9796822667121887, "management": 0.975375771522522, "strategy": 0.9668375849723816, "definition": 0.9589764475822449, "desktop": 0.9538800120353699, "analysis": 0.9528757929801941, "system": 0.9520988464355469, "behaviour": 0.9498022794723511, "tag": 0.9492920637130737, "facts": 0.9476039409637451, "online": 0.9468932747840881, "squad": 0.9464158415794373, "graphic": 0.9454470872879028, "designing": 0.941539466381073, "internet": 0.9395544528961182, "service": 0.9373080730438232, "company": 0.9367642998695374}