{"no person": 0.9971781969070435, "business": 0.9749419093132019, "money": 0.938276469707489, "recycling": 0.9296014308929443, "paper": 0.9226462244987488, "warning": 0.9122082591056824, "travel": 0.904116690158844, "signalise": 0.9040741920471191, "wood": 0.9025091528892517, "conceptual": 0.9005076885223389, "finance": 0.8727937936782837, "facts": 0.8718805909156799, "security": 0.8698256611824036, "retro": 0.8652347922325134, "service": 0.8535222411155701, "text": 0.8491093516349792, "spherical": 0.8446907997131348, "vacation": 0.8343972563743591, "safety": 0.8247345089912415, "family": 0.8200663328170776}