{"no person": 0.9983781576156616, "currency": 0.9911292791366577, "savings": 0.9896743893623352, "wealth": 0.9888428449630737, "money": 0.986505925655365, "achievement": 0.984190821647644, "business": 0.9829899072647095, "paper": 0.9748783707618713, "stacks": 0.9672951698303223, "finance": 0.964309573173523, "isolated": 0.956142246723175, "recycling": 0.9539774656295776, "conceptual": 0.9497376084327698, "growth": 0.9288844466209412, "pay": 0.9256378412246704, "luck": 0.922736644744873, "shopping": 0.9226150512695312, "health": 0.9017265439033508, "family": 0.8880571126937866, "plastic": 0.885057270526886}