{"nature": 0.9906187653541565, "pasture": 0.9894619584083557, "basket": 0.9888434410095215, "garden": 0.9880409240722656, "vegetable": 0.9833465814590454, "food": 0.9805024266242981, "agriculture": 0.9781371355056763, "farm": 0.975222647190094, "grow": 0.9744594693183899, "outdoors": 0.9744200706481934, "market": 0.9693639278411865, "summer": 0.9624524116516113, "leaf": 0.9603213667869568, "growth": 0.9547948837280273, "farming": 0.9375195503234863, "health": 0.9365023374557495, "flora": 0.9327684044837952, "lettuce": 0.932271420955658, "horticulture": 0.9291977882385254, "maturation": 0.9250990748405457}