{"no person": 0.9813791513442993, "graphic design": 0.9509554505348206, "business": 0.940655529499054, "disjunct": 0.9321832656860352, "education": 0.9207240343093872, "time": 0.917697548866272, "calendar": 0.9099781513214111, "writing": 0.8945977091789246, "diagram": 0.8913887143135071, "horizontal": 0.8807315826416016, "graph": 0.8746920228004456, "illustration": 0.8727312088012695, "corporation": 0.8619413375854492, "growth": 0.8619402050971985, "designing": 0.8535704612731934, "vector": 0.852353036403656, "paper": 0.8478286266326904, "achievement": 0.8280691504478455, "science": 0.8280459642410278, "progress": 0.8242179751396179}