{"tractor": 0.9988341927528381, "machine": 0.9983206391334534, "soil": 0.9974750876426697, "machinery": 0.9909742474555969, "vehicle": 0.9875362515449524, "agriculture": 0.9800360798835754, "plow": 0.968978762626648, "equipment": 0.9641498327255249, "farm": 0.9563250541687012, "ball-shaped": 0.9338663816452026, "dig up": 0.9327672123908997, "farming": 0.9323269724845886, "ground": 0.9249089360237122, "transportation system": 0.9241602420806885, "wheel": 0.9196038842201233, "heavy": 0.8987321853637695, "delve": 0.8981605172157288, "agronomy": 0.8959316611289978, "shovel": 0.894733726978302, "industry": 0.8833325505256653}