{"illustration": 0.995017945766449, "graffiti": 0.9872357249259949, "moon": 0.9596379399299622, "skittish": 0.9498240947723389, "Halloween": 0.9496282935142517, "horror": 0.9485144019126892, "vicious": 0.9457118511199951, "sport": 0.9430926442146301, "vector": 0.9385148286819458, "art": 0.9340161085128784, "retro": 0.9220090508460999, "monster": 0.9124447107315063, "bill": 0.9002563953399658, "man": 0.8917081356048584, "fear": 0.8865590691566467, "funky": 0.8706936240196228, "chalk out": 0.8697776794433594, "skate": 0.8689279556274414, "fright": 0.8663140535354614, "bat": 0.8642238974571228}