{"no person": 0.9932361245155334, "agriculture": 0.9858976602554321, "field": 0.9841597676277161, "travel": 0.9827218651771545, "cropland": 0.9742469191551208, "landscape": 0.9669458270072937, "outdoors": 0.966084361076355, "city": 0.9655703902244568, "aerial": 0.9647938013076782, "grass": 0.9603707194328308, "farm": 0.9602764248847961, "house": 0.9596148133277893, "tree": 0.9434842467308044, "town": 0.9432434439659119, "countryside": 0.9424289464950562, "architecture": 0.9263616800308228, "sky": 0.9232473373413086, "road": 0.9232046604156494, "daylight": 0.9214271306991577, "sight": 0.9157136082649231}