{"illuminated": 0.9463480710983276, "no person": 0.912115752696991, "business": 0.9027031064033508, "abstract": 0.8909566402435303, "illustration": 0.8871343731880188, "horizontal": 0.8861604332923889, "text": 0.8820340633392334, "danger": 0.8800482749938965, "creativity": 0.8695685863494873, "bright": 0.8669233918190002, "desktop": 0.8592132329940796, "technology": 0.8591529726982117, "communication": 0.8089287281036377, "shining": 0.808581531047821, "flame": 0.7874749302864075, "motion": 0.7748822569847107, "internet": 0.7670972943305969, "light": 0.7601968050003052, "celebration": 0.7526620030403137, "data": 0.7517297863960266}