{"currency": 0.9976657629013062, "money": 0.997026264667511, "wealth": 0.9957088232040405, "business": 0.9956879019737244, "paper": 0.9951927661895752, "finance": 0.9913133978843689, "savings": 0.9911457896232605, "cash": 0.9887034296989441, "achievement": 0.9798572659492493, "bank": 0.9764626622200012, "dollar": 0.9697195887565613, "stacks": 0.96720951795578, "no person": 0.962175726890564, "financial": 0.9618496298789978, "investment": 0.9547685384750366, "note": 0.9465094208717346, "pay": 0.9370735883712769, "isolate": 0.9299196600914001, "pile": 0.9153784513473511, "income": 0.9119443893432617}