{"money": 0.9924588799476624, "wealth": 0.9918370842933655, "currency": 0.9884772300720215, "business": 0.9864938259124756, "no person": 0.984067440032959, "paper": 0.9814215898513794, "gambling": 0.9693611264228821, "finance": 0.9670150279998779, "pay": 0.9652478694915771, "number": 0.9621837735176086, "cash": 0.9441969394683838, "savings": 0.9438284039497375, "achievement": 0.924813449382782, "shopping": 0.9233635067939758, "dollar": 0.9223991632461548, "luck": 0.9223734140396118, "still life": 0.9154032468795776, "isolated": 0.9054575562477112, "prosperity": 0.8851829767227173, "indoors": 0.8825644850730896}