{"illustration": 0.9734625220298767, "desktop": 0.9568929672241211, "picture frame": 0.9565262794494629, "disjunct": 0.9563639760017395, "design": 0.9539197087287903, "vector": 0.9381504058837891, "margin": 0.9269260764122009, "line": 0.9249805808067322, "graphic": 0.9204674959182739, "pattern": 0.9098824858665466, "art": 0.909208357334137, "paper": 0.9056893587112427, "business": 0.8942153453826904, "decoration": 0.8861916065216064, "visuals": 0.8754740953445435, "retro": 0.8738718628883362, "abstract": 0.8562808632850647, "no person": 0.8560361266136169, "element": 0.8551082015037537, "empty": 0.8350985050201416}