{"map": 0.9906747937202454, "illustration": 0.9901883006095886, "travel": 0.9862546920776367, "geography": 0.9790522456169128, "cartography": 0.9685273170471191, "country": 0.9618816375732422, "ball-shaped": 0.9585846662521362, "no person": 0.9343922138214111, "soil": 0.9302521347999573, "vector": 0.9204098582267761, "spherical": 0.9187491536140442, "graphic design": 0.9069851636886597, "trip (journey)": 0.8760218024253845, "margin": 0.8744609951972961, "flag": 0.8674267530441284, "atlas": 0.8671914339065552, "sketch": 0.8630003929138184, "outdoors": 0.8627089858055115, "Continent": 0.860027551651001, "tourism": 0.8503639101982117}