{"agriculture": 0.9990261793136597, "farm": 0.9985709190368652, "corn": 0.9975361824035645, "pasture": 0.9967740178108215, "nature": 0.9923171997070312, "corncob": 0.9916936755180359, "food": 0.9908247590065002, "flora": 0.9890535473823547, "leaf": 0.9878161549568176, "cereal": 0.9871087670326233, "hazelnut": 0.9861960411071777, "crop": 0.9855947494506836, "grow": 0.9845196008682251, "vegetable": 0.9825261831283569, "no person": 0.9814457297325134, "growth": 0.9809618592262268, "summer": 0.9785782098770142, "rural": 0.9673542976379395, "outdoors": 0.9649918079376221, "field": 0.962390124797821}