{"wood": 0.9868490695953369, "nature": 0.9809483289718628, "no person": 0.9672514200210571, "grass": 0.9631395936012268, "outdoors": 0.9619507789611816, "machinery": 0.957250714302063, "wildlife": 0.9156573414802551, "log": 0.9006005525588989, "tree": 0.8860924243927002, "summer": 0.8799050450325012, "large": 0.8680649995803833, "danger": 0.846047580242157, "rural": 0.8407373428344727, "industry": 0.8406872153282166, "old": 0.8191105723381042, "wild": 0.8152443170547485, "horizontal": 0.7754197120666504, "leaf": 0.774178683757782, "pasture": 0.7700803279876709, "rustic": 0.7656971216201782}