{"bill": 0.9671416878700256, "card": 0.9598774313926697, "banner": 0.955329418182373, "illustration": 0.9547052979469299, "vector": 0.9459110498428345, "layout": 0.9296379089355469, "design": 0.9201048612594604, "template": 0.914293110370636, "desktop": 0.8926380276679993, "set": 0.8745271563529968, "fun": 0.8728702664375305, "theme": 0.8656802773475647, "graphic": 0.8637681603431702, "text": 0.8626386523246765, "page": 0.8318431973457336, "art": 0.8233170509338379, "sketch": 0.8011281490325928, "cute": 0.7891330122947693, "recreation": 0.7873355150222778, "presentation": 0.7780075669288635}