{"template": 0.9821346998214722, "form": 0.9657964706420898, "page": 0.9550366997718811, "text": 0.9547491073608398, "donation": 0.9544577598571777, "facts": 0.9211919903755188, "presentation": 0.8983364105224609, "abstract": 0.8981476426124573, "booklet": 0.8875995874404907, "layout": 0.8732881546020508, "World Wide Web": 0.8636289238929749, "number": 0.8582777976989746, "tag": 0.8408654928207397, "vector": 0.8357276320457458, "sequence": 0.8187230229377747, "business": 0.8149315714836121, "graphic": 0.8080659508705139, "information": 0.804953396320343, "time": 0.8037266135215759, "document": 0.7997416257858276}