{"decoration": 0.9967684745788574, "shining": 0.9954707622528076, "gold": 0.994142472743988, "no person": 0.992201566696167, "celebration": 0.9894136190414429, "ornate": 0.9873987436294556, "Christmas": 0.9858568906784058, "glisten": 0.9841258525848389, "desktop": 0.982327938079834, "bright": 0.9784683585166931, "traditional": 0.9767853021621704, "gift": 0.9725563526153564, "color": 0.9696779251098633, "disjunct": 0.9659103751182556, "jewelry": 0.9635500311851501, "cutout": 0.9612236022949219, "ball": 0.9500206112861633, "sphere": 0.9394183158874512, "thread": 0.9367927312850952, "still life": 0.9302234649658203}