{"snow": 0.9989744424819946, "winter": 0.9983469247817993, "cold": 0.9896774291992188, "outdoors": 0.9767449498176575, "tree": 0.9708686470985413, "frozen": 0.9692907929420471, "nature": 0.9689326286315918, "weather": 0.9650125503540039, "landscape": 0.9598997235298157, "sled": 0.9577203989028931, "lapland": 0.9573655128479004, "no person": 0.9509718418121338, "ice": 0.9380573630332947, "wood": 0.9314476251602173, "travel": 0.9302296042442322, "mountain": 0.929476797580719, "horizontal plane": 0.9199576377868652, "season": 0.9170193672180176, "sledge": 0.9098722338676453, "frost": 0.8979233503341675}