{"agriculture": 0.9966952800750732, "soil": 0.9931613206863403, "farm": 0.9926213026046753, "landscape": 0.9870007038116455, "field": 0.9809268712997437, "cropland": 0.9794064164161682, "no person": 0.9766851663589478, "outdoors": 0.9752637147903442, "nature": 0.974689781665802, "leaf": 0.9742138981819153, "growth": 0.9716092348098755, "rural": 0.9709305763244629, "pasture": 0.9628719687461853, "crop": 0.9600391387939453, "flora": 0.9582623839378357, "summer": 0.9579753875732422, "countryside": 0.9549195170402527, "tree": 0.9540572762489319, "row": 0.9517947435379028, "farmland": 0.948784589767456}