{"diagram": 0.9944814443588257, "graph": 0.9898972511291504, "graphic design": 0.9869264960289001, "paper": 0.9834967851638794, "statistics": 0.9805906414985657, "business": 0.9798693656921387, "growth": 0.978347659111023, "data": 0.9735482931137085, "no person": 0.9661139249801636, "progress": 0.964182436466217, "written report": 0.9620485305786133, "illustration": 0.9474714398384094, "achievement": 0.9352678060531616, "facts": 0.9245423674583435, "arrow": 0.9211124777793884, "improvement": 0.9195125102996826, "motley": 0.9110120534896851, "creativity": 0.9023927450180054, "graphic": 0.8968312740325928, "finance": 0.8906431198120117}