{"currency": 0.9990500807762146, "money": 0.9990355968475342, "business": 0.996759831905365, "finance": 0.9952571988105774, "wealth": 0.9921751618385315, "savings": 0.9917874932289124, "no person": 0.991474986076355, "cash": 0.989861011505127, "bank": 0.9875860214233398, "euro": 0.9809046387672424, "commerce": 0.9626622200012207, "crisis": 0.9475571513175964, "pay": 0.9473122358322144, "luck": 0.9472353458404541, "paper": 0.9430858492851257, "financial": 0.9362738132476807, "change": 0.9309289455413818, "investment": 0.9289903044700623, "achievement": 0.9223045706748962, "stacks": 0.9167478084564209}