{"flora": 0.9963988065719604, "food": 0.9949557185173035, "agriculture": 0.9934699535369873, "vegetable": 0.9930769205093384, "leaf": 0.9896357655525208, "grow": 0.9870346188545227, "farm": 0.9851008057594299, "nature": 0.9850548505783081, "freshness": 0.9673596024513245, "basket": 0.9661131501197815, "market": 0.9624173045158386, "desktop": 0.9585571885108948, "pasture": 0.9560419917106628, "healthy": 0.954709529876709, "garden": 0.9528055787086487, "outdoors": 0.9489125609397888, "crop": 0.940390944480896, "wood": 0.9319339990615845, "tree": 0.9192509651184082, "fruit": 0.9188426733016968}