{"cereal": 0.994469404220581, "corn": 0.9918642044067383, "nutrition": 0.9908002018928528, "seed": 0.9870620369911194, "food": 0.9862727522850037, "dry": 0.985870361328125, "healthy": 0.9822622537612915, "uncooked": 0.9756760597229004, "wheat": 0.9744584560394287, "crop": 0.9744539260864258, "batch": 0.9719696044921875, "pile": 0.9712731242179871, "desktop": 0.9712511897087097, "health": 0.9686087369918823, "no person": 0.9684380888938904, "pasture": 0.9671726822853088, "cooking": 0.963179886341095, "farming": 0.9571628570556641, "diet": 0.9571025967597961, "dietary": 0.9542078375816345}