{"agriculture": 0.9938324689865112, "farm": 0.9925695061683655, "field": 0.9922080636024475, "soil": 0.9868517518043518, "tractor": 0.977919340133667, "landscape": 0.9710663557052612, "machine": 0.9695824384689331, "crop": 0.9687713980674744, "flora": 0.9593902230262756, "nature": 0.9481177926063538, "summer": 0.9446735978126526, "rural": 0.9441995620727539, "equipment": 0.9427534341812134, "outdoors": 0.9410971999168396, "pasture": 0.9206406474113464, "plow": 0.8873128890991211, "countryside": 0.8830240964889526, "country": 0.8812241554260254, "growth": 0.8783112168312073, "farmland": 0.8774979114532471}