{"leaf": 0.9959499835968018, "flora": 0.9828186631202698, "growth": 0.9827787280082703, "no person": 0.980455756187439, "nature": 0.9597448110580444, "summer": 0.9438247680664062, "outdoors": 0.9419072270393372, "color": 0.9344239830970764, "field": 0.9281290173530579, "desktop": 0.9235011339187622, "agriculture": 0.9217238426208496, "bright": 0.9056522846221924, "corn": 0.9025124907493591, "light": 0.9014559388160706, "garden": 0.8878024220466614, "gold": 0.8839419484138489, "sun": 0.8820642828941345, "abstract": 0.8650380373001099, "environment": 0.8549004197120667, "tree": 0.835498571395874}