{"machinery": 0.9941071271896362, "tractor": 0.9920161962509155, "machine": 0.987234890460968, "vehicle": 0.9849832653999329, "agriculture": 0.966693103313446, "no person": 0.9633828401565552, "transportation system": 0.9622042179107666, "industry": 0.9614464640617371, "wheel": 0.9567587375640869, "equipment": 0.9517455101013184, "outdoors": 0.9362542629241943, "soil": 0.9174467325210571, "engine": 0.8958699107170105, "technology": 0.8905287384986877, "power": 0.8817915320396423, "farm": 0.8805415034294128, "horizontal": 0.864054799079895, "car": 0.8634626865386963, "heavy": 0.8634272813796997, "exhibition": 0.8491796851158142}