{"savings": 0.99529629945755, "finance": 0.9947945475578308, "currency": 0.9943622350692749, "wealth": 0.9942991733551025, "business": 0.993924081325531, "money": 0.99220871925354, "achievement": 0.9843096733093262, "investment": 0.981387734413147, "paper": 0.9809755086898804, "bank": 0.9799649715423584, "dollar": 0.9790715575218201, "pay": 0.9790431261062622, "cash": 0.9787399768829346, "financial": 0.9774963855743408, "shopping": 0.9680997729301453, "gain": 0.9607555270195007, "isolated": 0.9572065472602844, "sale": 0.9544900059700012, "abundance": 0.9539173245429993, "tax": 0.9480230808258057}