{"illustration": 0.9877534508705139, "no person": 0.9865089058876038, "geometric": 0.9851041436195374, "graphic design": 0.9760289788246155, "vector": 0.9452512860298157, "design": 0.9206298589706421, "square": 0.9102538228034973, "paper": 0.8916478753089905, "fabric": 0.8747482299804688, "stripe": 0.8723479509353638, "graphic": 0.8706709146499634, "wallpaper": 0.8692525625228882, "construction": 0.8482839465141296, "contemporary": 0.8391533493995667, "modern": 0.8315580487251282, "technology": 0.8315305113792419, "seamless": 0.826157808303833, "business": 0.8256261944770813, "retro": 0.8236899971961975, "kind": 0.8154946565628052}