{"no person": 0.9761453866958618, "business": 0.9521845579147339, "graphic design": 0.9003602862358093, "illustration": 0.897760272026062, "architecture": 0.8923160433769226, "paper": 0.8656505346298218, "stripe": 0.8641131520271301, "retro": 0.8619487285614014, "growth": 0.8611893057823181, "outdoors": 0.848307192325592, "technology": 0.8194280862808228, "design": 0.7881262898445129, "desktop": 0.7869594693183899, "building": 0.7848196029663086, "industry": 0.7771766185760498, "art": 0.769216001033783, "contemporary": 0.7614736557006836, "creativity": 0.7194382548332214, "sky": 0.717879593372345, "pattern": 0.7087486386299133}