{"leaf": 0.9859667420387268, "desktop": 0.9749009013175964, "no person": 0.9714453220367432, "healthy": 0.9678374528884888, "freshness": 0.9599377512931824, "food": 0.9386357069015503, "herb": 0.9317443370819092, "lime": 0.928954005241394, "health": 0.9172133803367615, "nature": 0.9151147603988647, "medicine": 0.9128891825675964, "flora": 0.9120206236839294, "closeup": 0.9108121395111084, "refreshment": 0.9002104997634888, "drink": 0.8833227753639221, "herbal": 0.8616864681243896, "mint": 0.8613519072532654, "color": 0.8574513792991638, "summer": 0.8502800464630127, "growth": 0.8342229127883911}