{"diagram": 0.9583366513252258, "no person": 0.9543490409851074, "graph": 0.9529320001602173, "stripe": 0.9486669898033142, "progress": 0.943604588508606, "growth": 0.9272993803024292, "business": 0.9254608154296875, "triangle": 0.9253526926040649, "illustration": 0.9217946529388428, "horizontal": 0.9212620854377747, "facts": 0.9185246229171753, "data": 0.9020900130271912, "paper": 0.8668874502182007, "education": 0.8599199056625366, "science": 0.8442065715789795, "square": 0.8214269280433655, "sky": 0.8205269575119019, "designing": 0.8146829009056091, "creativity": 0.8104405999183655, "outdoors": 0.8069422245025635}