{"corn": 0.9938265681266785, "no person": 0.992717981338501, "summer": 0.9919905066490173, "pasture": 0.9913837909698486, "sky": 0.9889888167381287, "nature": 0.9871771335601807, "outdoors": 0.9794360399246216, "cereal": 0.9687814712524414, "grass": 0.967915952205658, "agriculture": 0.9669034481048584, "food": 0.9664889574050903, "rural": 0.9636250138282776, "corncob": 0.9604227542877197, "leaf": 0.9569775462150574, "sun": 0.9488668441772461, "farm": 0.9469234347343445, "countryside": 0.9410223364830017, "crop": 0.9367893934249878, "growth": 0.9246994256973267, "wheat": 0.9215471744537354}