{"no person": 0.9897614121437073, "savings": 0.9644530415534973, "money": 0.9633967876434326, "plastic": 0.9618158936500549, "illustration": 0.9550417065620422, "currency": 0.9548611640930176, "container": 0.9405047297477722, "vectors": 0.9394575357437134, "empty": 0.9341114163398743, "isolated": 0.9283553957939148, "bottle": 0.9245539307594299, "merchandise": 0.9238095283508301, "business": 0.9164063930511475, "wealth": 0.8993210792541504, "finance": 0.8872524499893188, "achievement": 0.8752123713493347, "education": 0.866988480091095, "graphic design": 0.8586870431900024, "health": 0.8401296734809875, "college": 0.8364298939704895}