{"art": 0.9866936802864075, "creativity": 0.9791688323020935, "artistic": 0.9749389886856079, "design": 0.9706811308860779, "abstract": 0.9676479697227478, "bright": 0.9605345129966736, "painting": 0.9566126465797424, "color": 0.949738621711731, "graffiti": 0.9478480815887451, "graphic": 0.9322944283485413, "motley": 0.93165123462677, "illustration": 0.9302785396575928, "texture": 0.904309093952179, "coloring": 0.8983146548271179, "desktop": 0.8939974904060364, "no person": 0.8864619731903076, "visuals": 0.8821311593055725, "wallpaper": 0.8787147998809814, "image": 0.8662115931510925, "chaos": 0.8491396307945251}