{"screen": 0.9988712668418884, "telephone": 0.993776798248291, "technology": 0.9932849407196045, "no person": 0.9900587201118469, "portable": 0.9833868145942688, "electronics": 0.9832432866096497, "display": 0.9786387085914612, "computer": 0.9705580472946167, "touch": 0.9657147526741028, "travel": 0.959618330001831, "wireless": 0.9551702737808228, "video": 0.9299044013023376, "equipment": 0.9273721575737, "movie": 0.9261518120765686, "machinery": 0.9254074096679688, "video recording": 0.921112060546875, "internet": 0.9071540832519531, "connection": 0.8953102231025696, "television": 0.8826130032539368, "appliance": 0.8770673274993896}