{"technology": 0.9908498525619507, "no person": 0.9766927361488342, "electronics": 0.9727157354354858, "equipment": 0.9620757699012756, "video": 0.9528106451034546, "control": 0.9518198370933533, "industry": 0.9457953572273254, "computer": 0.9372717142105103, "plastic": 0.9168748259544373, "video recording": 0.9011200070381165, "music": 0.8935846090316772, "power": 0.8893776535987854, "movie": 0.8879357576370239, "machinery": 0.8868324160575867, "phonograph record": 0.8819583058357239, "entertainment": 0.8787585496902466, "television": 0.8765234351158142, "fun": 0.8745031952857971, "business": 0.8585477471351624, "modern": 0.8510104417800903}