{"electricity": 0.9992246627807617, "voltage": 0.9986565113067627, "power": 0.9981536269187927, "wire": 0.9977413415908813, "steel": 0.9961085915565491, "technology": 0.9927383065223694, "sky": 0.992730438709259, "distribution": 0.9919030070304871, "tallest": 0.9896329641342163, "no person": 0.9887203574180603, "industry": 0.9839690923690796, "high": 0.98325514793396, "energy": 0.9706462025642395, "pylon": 0.9648680090904236, "tower": 0.9633368253707886, "supply": 0.9617807865142822, "infrastructure": 0.9569701552391052, "connection": 0.9534596800804138, "iron": 0.9485011696815491, "poles": 0.946444571018219}