{"splash": 0.9819765090942383, "nature": 0.9775072932243347, "no person": 0.9646205902099609, "illustration": 0.9575177431106567, "drop": 0.9510815739631653, "motion": 0.9160974621772766, "cephalopod ink": 0.9118627309799194, "outdoors": 0.8587455749511719, "art": 0.823637843132019, "turquoise": 0.8234915137290955, "purity": 0.8228062987327576, "wet": 0.8207641839981079, "desktop": 0.816931962966919, "horizontal": 0.8151545524597168, "shape": 0.810039758682251, "travel": 0.7880042791366577, "water": 0.7846652865409851, "spray": 0.7804566621780396, "vector": 0.7706364989280701, "liquidity": 0.7547181844711304}