{"business": 0.9967492818832397, "money": 0.9962539672851562, "currency": 0.9959561228752136, "wealth": 0.9950287938117981, "paper": 0.9922066330909729, "blur": 0.9898990988731384, "no person": 0.98861163854599, "finance": 0.9883192777633667, "savings": 0.9811707735061646, "newspaper": 0.9638793468475342, "abundance": 0.9567317962646484, "stacks": 0.9443761110305786, "focus": 0.9399519562721252, "pay": 0.9382504224777222, "achievement": 0.9097882509231567, "bank": 0.9047465324401855, "cash": 0.8965619206428528, "greed": 0.8934361934661865, "shopping": 0.8914163708686829, "prosperity": 0.8882949352264404}