{"health": 0.9900984168052673, "no person": 0.9899076223373413, "syringe": 0.9823454022407532, "isolated": 0.9790568351745605, "healthcare": 0.9713883996009827, "medicine": 0.9692844152450562, "plastic": 0.9626189470291138, "science": 0.9492133259773254, "injection": 0.9388958215713501, "needle": 0.9265784025192261, "treatment": 0.9154929518699646, "food": 0.9128063321113586, "acute": 0.8768497705459595, "research": 0.8628899455070496, "cure": 0.8450339436531067, "equipment": 0.841960072517395, "nutrition": 0.8061098456382751, "vaccination": 0.7803084254264832, "stranded": 0.7794913053512573, "hypodermic": 0.7672496438026428}