{"market": 0.9996064305305481, "stall": 0.9988839030265808, "sale": 0.996934175491333, "kind": 0.9968920350074768, "sell": 0.9944313168525696, "shopping": 0.9928471446037292, "supermarket": 0.9923515915870667, "marketplace": 0.9909546971321106, "no person": 0.977514386177063, "health": 0.9727885723114014, "shop": 0.9713629484176636, "vegetable": 0.9678979516029358, "grow": 0.961661159992218, "abundance": 0.9600189328193665, "eggplant": 0.9598668813705444, "grocer": 0.9573589563369751, "bazaar": 0.9480781555175781, "crate": 0.9435611963272095, "agriculture": 0.9428104758262634, "ingredients": 0.9400203227996826}