{"abstract": 0.9896161556243896, "desktop": 0.9888142943382263, "texture": 0.98786860704422, "art": 0.9814096689224243, "color": 0.9782289862632751, "pattern": 0.9770753383636475, "quartz": 0.9746394753456116, "graphic": 0.96995609998703, "shape": 0.9648592472076416, "design": 0.9642318487167358, "illustration": 0.9637848734855652, "image": 0.9623322486877441, "gem": 0.9524067044258118, "artistic": 0.9467998743057251, "chaos": 0.9425222277641296, "beautiful": 0.9416387677192688, "crystal": 0.9287906885147095, "shining": 0.9274042844772339, "creativity": 0.9264382123947144, "watercolor": 0.9260662198066711}