{"business": 0.9907139539718628, "paper": 0.9545285701751709, "text": 0.9497803449630737, "sign": 0.9318504333496094, "internet": 0.8848927617073059, "money": 0.8772829174995422, "market": 0.8695593476295471, "conceptual": 0.8613801002502441, "commerce": 0.8555328249931335, "data": 0.8531040549278259, "office": 0.8480831980705261, "writing": 0.8415713310241699, "achievement": 0.8352370262145996, "education": 0.8327712416648865, "composition": 0.832151472568512, "facts": 0.8248987197875977, "finance": 0.8241066336631775, "designing": 0.8237672448158264, "send message": 0.8183401823043823, "signalise": 0.8157525062561035}