{"agriculture": 0.996081531047821, "growth": 0.9953510761260986, "farm": 0.9944524168968201, "leaf": 0.9909467697143555, "corn": 0.9904387593269348, "field": 0.9870691299438477, "rural": 0.985123336315155, "pasture": 0.9843025207519531, "flora": 0.9807824492454529, "cereal": 0.9807296395301819, "crop": 0.9804236888885498, "soil": 0.9783986210823059, "nature": 0.9766031503677368, "summer": 0.9761063456535339, "cornfield": 0.9727684259414673, "farmland": 0.9694151282310486, "outdoors": 0.9664385318756104, "grass": 0.9602082967758179, "no person": 0.9565050005912781, "countryside": 0.9555317163467407}