{"luxury": 0.9891583919525146, "garden": 0.9836863875389099, "lawn": 0.9771772027015686, "tree": 0.9762317538261414, "architecture": 0.9718582630157471, "house": 0.9688265323638916, "no person": 0.9610804319381714, "park": 0.9603396058082581, "summer": 0.9598058462142944, "yard": 0.9470236897468567, "building": 0.9396123290061951, "family": 0.9384737014770508, "modern": 0.9329002499580383, "grass": 0.931484043598175, "bench": 0.9260383248329163, "outdoors": 0.924065351486206, "travel": 0.9148207306861877, "real": 0.9058918356895447, "patio": 0.9007323980331421, "residence": 0.8969008922576904}