{"indoors": 0.9911884069442749, "research": 0.9874647855758667, "woman": 0.9759359955787659, "laboratory": 0.9682704210281372, "biology": 0.9660862684249878, "glass": 0.9646930694580078, "biochemistry": 0.9494155645370483, "scientist": 0.9303146600723267, "knife": 0.928357720375061, "chemistry": 0.9233342409133911, "family": 0.9217546582221985, "science": 0.9093639850616455, "health": 0.8958553671836853, "preparation": 0.8829185366630554, "test": 0.8777076005935669, "adult": 0.8673702478408813, "microbiology": 0.8655664920806885, "tube": 0.8600619435310364, "glass items": 0.8571295142173767, "food": 0.8568659424781799}