{"agriculture": 0.9991483688354492, "farm": 0.9966160655021667, "cropland": 0.9955678582191467, "crop": 0.9863157868385315, "no person": 0.9861686825752258, "machine": 0.9841094613075256, "tractor": 0.9822140336036682, "pasture": 0.9798964262008667, "field": 0.9741437435150146, "rural": 0.9725192785263062, "farming": 0.9661269783973694, "soil": 0.9631818532943726, "machinery": 0.9623028039932251, "industry": 0.9537143111228943, "countryside": 0.9492275714874268, "farmland": 0.9464757442474365, "growth": 0.9437741041183472, "outdoors": 0.9343075156211853, "nature": 0.9153544306755066, "plow": 0.9144531488418579}