{"no person": 0.9978252649307251, "banana": 0.9700934886932373, "nature": 0.966884434223175, "tropical": 0.9619603753089905, "one": 0.9587475657463074, "food": 0.9386010766029358, "summer": 0.9384526014328003, "outdoors": 0.9185003638267517, "bright": 0.9139435291290283, "sky": 0.9067319631576538, "travel": 0.8850823640823364, "exotic": 0.8830465078353882, "daylight": 0.8716786503791809, "fruit": 0.8561691045761108, "health": 0.8437086939811707, "delicious": 0.8257923722267151, "grow": 0.8155590295791626, "disjunct": 0.8026210069656372, "nutrition": 0.7824117541313171, "color": 0.7811728119850159}