{"health": 0.9866361021995544, "gloves": 0.9828343391418457, "no person": 0.9745271801948547, "isolated": 0.9737363457679749, "healthcare": 0.9244206547737122, "nature": 0.9146875739097595, "treatment": 0.9046768546104431, "bright": 0.8790897727012634, "plastic": 0.870951235294342, "medicine": 0.8656237125396729, "isolate": 0.8610268831253052, "woman": 0.8447840809822083, "nutrition": 0.8361678123474121, "knife": 0.8319476246833801, "love": 0.8260100483894348, "sterile": 0.8204718232154846, "cure": 0.815032422542572, "disjunct": 0.8146795034408569, "leaf": 0.7879775166511536, "indoors": 0.7824221849441528}