{"fun": 0.9861600995063782, "funny": 0.9850108027458191, "no person": 0.9834573268890381, "cute": 0.9820256233215332, "toy": 0.9634249210357666, "child": 0.939716637134552, "one": 0.9138171076774597, "humor": 0.9032544493675232, "sketch": 0.9020731449127197, "retro": 0.8958452343940735, "man": 0.8914734125137329, "bird": 0.8767150044441223, "joy": 0.8701393604278564, "traditional": 0.8559062480926514, "art": 0.8548874855041504, "little": 0.8486719727516174, "animal": 0.8260787129402161, "scarf": 0.8015931248664856, "illustration": 0.7920651435852051, "mammal": 0.7875906825065613}