{"business": 0.9920725226402283, "currency": 0.9900780916213989, "finance": 0.9873493313789368, "money": 0.9856101870536804, "wealth": 0.983917236328125, "savings": 0.9809154868125916, "dollar": 0.9794054627418518, "bank": 0.9757886528968811, "paper": 0.9651444554328918, "cash": 0.9600669741630554, "security": 0.9554012417793274, "desktop": 0.9512573480606079, "pay": 0.9511905908584595, "investment": 0.9471970200538635, "loan": 0.9417157769203186, "financial": 0.9387295246124268, "achievement": 0.9328491687774658, "debt": 0.9313414096832275, "isolated": 0.9306179881095886, "shopping": 0.9287462830543518}