{"internet": 0.9760489463806152, "business": 0.975881814956665, "data": 0.9547747373580933, "technology": 0.95400470495224, "computer": 0.9298434853553772, "no person": 0.8991917371749878, "facts": 0.8899909853935242, "connection": 0.8758217692375183, "laptop": 0.8542227745056152, "horizontal": 0.8396446704864502, "growth": 0.8338401913642883, "finance": 0.8167228698730469, "graphic design": 0.8030844330787659, "statistics": 0.8006813526153564, "money": 0.797437310218811, "research": 0.7947102189064026, "World Wide Web": 0.7920978665351868, "office": 0.7802655100822449, "paper": 0.7764904499053955, "contemporary": 0.7658106088638306}