{"illustration": 0.9991758465766907, "vector": 0.9983832836151123, "art": 0.9922240972518921, "graphic": 0.9913399815559387, "panoramic": 0.9892921447753906, "sketch": 0.975098192691803, "old": 0.9639037847518921, "design": 0.9617241621017456, "visuals": 0.9537987112998962, "chalk out": 0.9527068734169006, "silhouette": 0.9452109336853027, "nature": 0.9316948652267456, "street": 0.9206119775772095, "painting": 0.9060433506965637, "travel": 0.9031283259391785, "rock": 0.8967992067337036, "woodcut": 0.8955482244491577, "image": 0.8946574330329895, "vintage": 0.88834148645401, "collage": 0.883242666721344}