{"chalkboard": 0.9999929666519165, "chalk": 0.9999877214431763, "school": 0.9989708662033081, "education": 0.9988691210746765, "handwriting": 0.998643696308136, "classroom": 0.9982116222381592, "display": 0.9981513619422913, "writing": 0.996862530708313, "teacher": 0.9955639839172363, "lesson": 0.9950339794158936, "handwritten": 0.9943116903305054, "mathematics": 0.9930039048194885, "class": 0.9926005005836487, "text": 0.9894765615463257, "slate tablet": 0.9825763702392578, "algebra": 0.9825621843338013, "study": 0.9823052883148193, "solution": 0.9763925075531006, "elementary": 0.9742320775985718, "knowledge": 0.9713790416717529}