{"business": 0.9563760757446289, "technology": 0.954211950302124, "equipment": 0.9186297655105591, "modern": 0.9139151573181152, "no person": 0.9099661707878113, "hand": 0.898504912853241, "indoors": 0.8962818384170532, "electronics": 0.8858802914619446, "desktop": 0.8745068311691284, "contemporary": 0.8526009917259216, "family": 0.8395818471908569, "internet": 0.8306483626365662, "horizontal": 0.8266491293907166, "design": 0.8227999806404114, "designing": 0.8211061954498291, "glass items": 0.8009842038154602, "screen": 0.7963190674781799, "isolated": 0.7911017537117004, "travel": 0.7811234593391418, "communication": 0.7764452695846558}