{"business": 0.9637252688407898, "text": 0.9427839517593384, "squad": 0.9425803422927856, "desktop": 0.9374647736549377, "collage": 0.9240902662277222, "illustration": 0.9117833375930786, "facts": 0.8953065872192383, "conceptual": 0.8875150680541992, "designing": 0.8771580457687378, "cloud": 0.8665992617607117, "procedure": 0.8650782108306885, "internet": 0.8601922988891602, "management": 0.858567476272583, "communication": 0.8525651693344116, "company": 0.8477688431739807, "World Wide Web": 0.8449473977088928, "bill": 0.836244523525238, "information": 0.8354746103286743, "graphic": 0.8326417803764343, "data": 0.8310799598693848}