{"health": 0.9532609581947327, "no person": 0.9527336359024048, "food": 0.9455455541610718, "shining": 0.9357472062110901, "juicy": 0.9271761775016785, "nutrition": 0.9202607274055481, "disjunct": 0.9202294945716858, "freshness": 0.9084636569023132, "vegetable": 0.8708668351173401, "fruit": 0.8524889349937439, "farming": 0.8479312658309937, "nature": 0.8452396392822266, "horizontal": 0.842229962348938, "ingredients": 0.8396734595298767, "isolated": 0.8301653861999512, "vitamin": 0.8210339546203613, "leaf": 0.807786226272583, "glazed": 0.7991771101951599, "tomato": 0.7725131511688232, "delicious": 0.7592121362686157}