{"no person": 0.9679387211799622, "disjunct": 0.9497128129005432, "business": 0.9374430775642395, "growth": 0.9015769362449646, "progress": 0.885421872138977, "horizontal": 0.8652253150939941, "achievement": 0.8604583144187927, "conceptual": 0.838263213634491, "diagram": 0.8379364609718323, "illustration": 0.8285427689552307, "vector": 0.823298990726471, "graphic design": 0.8190162181854248, "graph": 0.8088813424110413, "retro": 0.8072949051856995, "creativity": 0.8070954084396362, "facts": 0.8060497641563416, "research": 0.7903933525085449, "health": 0.7847287654876709, "education": 0.7828174233436584, "improvement": 0.7816371917724609}