{"agriculture": 0.9981350898742676, "field": 0.9968957901000977, "landscape": 0.9959873557090759, "cropland": 0.995934247970581, "farm": 0.9944887161254883, "rural": 0.9875903129577637, "tree": 0.9828494191169739, "crop": 0.9792554974555969, "countryside": 0.9733464121818542, "country": 0.9688556790351868, "farmhouse": 0.9682467579841614, "soil": 0.9628618955612183, "nature": 0.9609373211860657, "hill": 0.9590399265289307, "no person": 0.9556549191474915, "road": 0.9551454782485962, "pasture": 0.950588047504425, "growth": 0.9504557847976685, "pastoral": 0.9393272995948792, "grass": 0.9376141428947449}