{"agriculture": 0.9969519376754761, "farm": 0.9940259456634521, "flora": 0.9906947612762451, "food": 0.989939272403717, "leaf": 0.9878619909286499, "crop": 0.9872841835021973, "landscape": 0.9851105213165283, "pasture": 0.9838426113128662, "field": 0.9822050929069519, "vegetable": 0.9796376824378967, "nature": 0.978661060333252, "soil": 0.9786077737808228, "grow": 0.9783505797386169, "row": 0.9778885841369629, "growth": 0.9758419990539551, "rural": 0.9754654765129089, "season": 0.9714604020118713, "country": 0.9713086485862732, "garden": 0.9706742763519287, "summer": 0.9699013829231262}