{"burger": 0.9975211024284363, "lettuce": 0.9957693815231323, "bun": 0.9913612008094788, "unhealthy": 0.9880365133285522, "sesame": 0.9879857897758484, "sandwich": 0.9870849251747131, "fast": 0.9844473600387573, "bread": 0.9828467965126038, "no person": 0.9691164493560791, "lunch": 0.9579488039016724, "food": 0.9569975733757019, "french fries": 0.9539439082145691, "junk": 0.9531263709068298, "ketchup": 0.9515572190284729, "delicious": 0.9484691023826599, "tomato": 0.9361725449562073, "mayonnaise": 0.9359669089317322, "refreshment": 0.9321190118789673, "takeout": 0.9262948036193848, "diner": 0.922321081161499}