{"no person": 0.9889448285102844, "graphic design": 0.9616624116897583, "empty": 0.950054407119751, "paper": 0.9379092454910278, "business": 0.9236570596694946, "illustration": 0.9192187190055847, "stripe": 0.9100632667541504, "design": 0.8982762694358826, "contemporary": 0.8688381314277649, "vector": 0.853863000869751, "architecture": 0.850896418094635, "creativity": 0.8391055464744568, "blank": 0.8325008153915405, "simplicity": 0.8294054865837097, "geometric": 0.8176223039627075, "flat": 0.8128509521484375, "square": 0.8116458058357239, "retro": 0.8113141059875488, "devoid": 0.797392725944519, "desktop": 0.7902151346206665}