{"abstract": 0.9771801829338074, "bright": 0.9733266830444336, "insubstantial": 0.9688122272491455, "space": 0.9441691637039185, "design": 0.9411235451698303, "shining": 0.9385152459144592, "dark": 0.926142692565918, "pattern": 0.9143663644790649, "art": 0.9085916876792908, "illustration": 0.9078201055526733, "wallpaper": 0.8827744126319885, "illuminated": 0.8814593553543091, "desktop": 0.8812839388847351, "Christmas": 0.8762171864509583, "motion": 0.8726228475570679, "shape": 0.8714216351509094, "energy": 0.8694848418235779, "science": 0.868307888507843, "blur": 0.8673999905586243, "fantasy": 0.8552208542823792}