{"strawberry": 0.9939112663269043, "juicy": 0.9921066761016846, "health": 0.988095760345459, "no person": 0.9843299984931946, "fruit": 0.983664333820343, "food": 0.9820048809051514, "delicious": 0.971946656703949, "summer": 0.9523207545280457, "nature": 0.9486464262008667, "market": 0.9422585964202881, "farming": 0.9371182322502136, "freshness": 0.9364226460456848, "nutrition": 0.934837818145752, "leaf": 0.9332034587860107, "healthy": 0.9230276346206665, "confection": 0.9158781170845032, "vitamin": 0.9155045747756958, "disjunct": 0.8999138474464417, "juice": 0.8931403160095215, "berry": 0.8919290900230408}