{"no person": 0.9739558696746826, "family": 0.9714595675468445, "architecture": 0.9691948294639587, "house": 0.950410783290863, "home": 0.9447734951972961, "mortgage": 0.92557293176651, "wealth": 0.9037415981292725, "building": 0.8762549161911011, "business": 0.872782826423645, "loan": 0.8590440154075623, "wood": 0.8559054136276245, "money": 0.8358249068260193, "old": 0.8257445096969604, "luxury": 0.8228849768638611, "real": 0.8204115629196167, "street": 0.8048065900802612, "estate": 0.7966084480285645, "classic": 0.786598801612854, "property": 0.7725970149040222, "banking": 0.7666631937026978}