{"leaf": 0.9977268576622009, "flora": 0.9955249428749084, "nature": 0.9876800775527954, "growth": 0.9864263534545898, "garden": 0.9862262606620789, "agriculture": 0.9717763662338257, "farm": 0.9692413806915283, "summer": 0.9665731191635132, "vegetable": 0.9659853577613831, "freshness": 0.9596009850502014, "lush": 0.9545868039131165, "field": 0.9430373907089233, "desktop": 0.9389498233795166, "herb": 0.9371240735054016, "food": 0.9370812773704529, "maturation": 0.9338856339454651, "environment": 0.9271520972251892, "season": 0.9186233878135681, "greenery": 0.9156534671783447, "pasture": 0.9128470420837402}