{"currency": 0.9999480247497559, "wealth": 0.9999182224273682, "finance": 0.9998395442962646, "money": 0.9998262524604797, "dollar": 0.9997859597206116, "savings": 0.999681830406189, "business": 0.9994856119155884, "abundance": 0.999380350112915, "achievement": 0.9993696808815002, "century": 0.9989045858383179, "cash": 0.9988719820976257, "investment": 0.9980833530426025, "pay": 0.9971277117729187, "bank": 0.9968079924583435, "loan": 0.9964473843574524, "prosperity": 0.995705783367157, "paper": 0.9937314391136169, "financial": 0.9914976954460144, "jackpot": 0.9910447597503662, "batch": 0.9906182885169983}