{"wicker": 0.9983905553817749, "basket": 0.9973711967468262, "weaving": 0.9933784604072571, "isolated": 0.9887951612472534, "handicraft": 0.9869257211685181, "no person": 0.9822841286659241, "disjunct": 0.9804172515869141, "handmade": 0.9699848294258118, "craft": 0.9561755061149597, "single": 0.9545943737030029, "desktop": 0.943583071231842, "container": 0.9363856315612793, "traditional": 0.9110125303268433, "fashion": 0.9074386358261108, "willow": 0.906823992729187, "decoration": 0.9053586721420288, "rattan": 0.9004085063934326, "isolate": 0.887408971786499, "color": 0.8856414556503296, "round out": 0.8775463700294495}