{"form": 0.9721827507019043, "page": 0.9686569571495056, "text": 0.9466355443000793, "facts": 0.9090138673782349, "donation": 0.9080129861831665, "time": 0.9025424718856812, "number": 0.8950271606445312, "template": 0.8941184878349304, "business": 0.8796353936195374, "no person": 0.8712702989578247, "annual": 0.8662481904029846, "illustration": 0.8570328950881958, "abstract": 0.8542287349700928, "document": 0.8338192701339722, "vector": 0.8295868635177612, "vectors": 0.824722170829773, "horizontal": 0.8133789896965027, "order": 0.7995965480804443, "World Wide Web": 0.7987133860588074, "data": 0.7925649881362915}