{"no person": 0.9966737031936646, "graphic design": 0.9921971559524536, "facts": 0.9637980461120605, "business": 0.9627309441566467, "conceptual": 0.9612003564834595, "internet": 0.9535154104232788, "contemporary": 0.9364479184150696, "electronics": 0.9307656288146973, "data": 0.9279482960700989, "retro": 0.9265182018280029, "designing": 0.9083349108695984, "emergency": 0.9070982933044434, "bright": 0.8917714953422546, "technology": 0.8884559869766235, "power": 0.8740028142929077, "achievement": 0.873096764087677, "service": 0.8689277768135071, "aid": 0.863822340965271, "family": 0.8620543479919434, "touch": 0.8597415089607239}