{"no person": 0.9971874356269836, "iron": 0.9941533207893372, "steel": 0.9903947710990906, "chrome": 0.9769783616065979, "isolated": 0.9752760529518127, "glazed": 0.9632477760314941, "typography": 0.9574792385101318, "set": 0.9558258652687073, "metallic": 0.9473812580108643, "design": 0.9349927306175232, "machinery": 0.9187177419662476, "graphic design": 0.9150240421295166, "contemporary": 0.9000624418258667, "plastic": 0.8956056833267212, "aluminum": 0.8915529251098633, "style": 0.8799796104431152, "industry": 0.8758844137191772, "fashion": 0.8660545945167542, "kind": 0.8569787740707397, "element": 0.8509101271629333}