{"computer": 0.9938943982124329, "technology": 0.9934364557266235, "internet": 0.9892226457595825, "electronics": 0.9879403114318848, "business": 0.984602689743042, "no person": 0.9832584857940674, "laptop": 0.9796208739280701, "data": 0.9561415910720825, "connection": 0.955374002456665, "contemporary": 0.9476089477539062, "plastic": 0.9472898840904236, "wireless": 0.8953748941421509, "portable": 0.8850718140602112, "access": 0.8804572224617004, "machinery": 0.8782589435577393, "money": 0.8728570938110352, "office": 0.8727101683616638, "facts": 0.8642246723175049, "email": 0.8244794011116028, "still life": 0.8227620720863342}