{"celebration": 0.9515634179115295, "fun": 0.9493858218193054, "Halloween": 0.9418568015098572, "party": 0.9400799870491028, "business": 0.911023736000061, "bill": 0.9054312705993652, "Christmas": 0.900474488735199, "illustration": 0.8930932879447937, "no person": 0.89200359582901, "shopping": 0.871383011341095, "nightlife": 0.8406583666801453, "stock": 0.823884904384613, "desktop": 0.8225761651992798, "ghost": 0.8181125521659851, "design": 0.8121985197067261, "bright": 0.7959127426147461, "banner": 0.794964611530304, "sketch": 0.794516921043396, "scary": 0.792151927947998, "service": 0.7882611155509949}