{"stripe": 0.9625513553619385, "illustration": 0.93404221534729, "design": 0.9254369139671326, "set": 0.9100580811500549, "business": 0.9002289772033691, "graphic": 0.8989676833152771, "time": 0.8935509324073792, "arrow": 0.8892214894294739, "World Wide Web": 0.8885783553123474, "line": 0.885990560054779, "template": 0.880042314529419, "diagram": 0.8692135810852051, "paper": 0.8674437403678894, "page": 0.8648843765258789, "disjunct": 0.8565710186958313, "graph": 0.8529203534126282, "desktop": 0.8482877612113953, "vector": 0.8466732501983643, "layout": 0.8359922766685486, "picture frame": 0.8344844579696655}