{"contemporary": 0.9982498288154602, "interior design": 0.9945961833000183, "indoors": 0.994270920753479, "no person": 0.9932034015655518, "chair": 0.9911086559295654, "empty": 0.9840885400772095, "furniture": 0.9798790216445923, "seat": 0.9688925743103027, "business": 0.9494851231575012, "luxury": 0.9486897587776184, "conference room": 0.9184150099754333, "room": 0.9154783487319946, "comfort": 0.9084188938140869, "table": 0.9017814993858337, "minimalist": 0.8765804171562195, "window": 0.8496515154838562, "league": 0.8290492296218872, "architecture": 0.8020159602165222, "broad": 0.7982205748558044, "wood": 0.7671913504600525}