{"agriculture": 0.9970377683639526, "farm": 0.9957463145256042, "soil": 0.9921444654464722, "pasture": 0.9895842671394348, "farmland": 0.9880552887916565, "rural": 0.9801341891288757, "tractor": 0.9777292609214783, "field": 0.9740569591522217, "countryside": 0.9613746404647827, "no person": 0.9533206820487976, "crop": 0.9467203617095947, "summer": 0.9464592933654785, "plow": 0.9448481202125549, "ground": 0.9438812732696533, "growth": 0.9413266777992249, "nature": 0.9346819519996643, "food": 0.9303300976753235, "cropland": 0.9258062243461609, "outdoors": 0.9158344864845276, "landscape": 0.8902876377105713}