{"market": 0.9986094236373901, "stall": 0.9980216026306152, "kind": 0.9974429607391357, "sell": 0.9973862767219543, "marketplace": 0.9951153993606567, "sale": 0.9928305745124817, "abundance": 0.9892099499702454, "shopping": 0.9890534281730652, "no person": 0.9847074747085571, "option": 0.9794992804527283, "shop": 0.9608176946640015, "supermarket": 0.958065927028656, "bazaar": 0.9566571712493896, "booth": 0.9526867866516113, "ingredients": 0.9525710344314575, "many": 0.9491585493087769, "merchandise": 0.948458194732666, "retail sales": 0.9314850568771362, "crate": 0.9298153519630432, "variation": 0.9198668599128723}