{"illustration": 0.9733554720878601, "music": 0.9688966274261475, "sound": 0.9489667415618896, "disco": 0.9301028847694397, "fun": 0.9257219433784485, "party": 0.918628454208374, "design": 0.9152624011039734, "no person": 0.9147626757621765, "wallpaper": 0.9134870171546936, "technology": 0.9031035304069519, "nightlife": 0.9015682339668274, "art": 0.9011086821556091, "Halloween": 0.8996536135673523, "graphic design": 0.8986337780952454, "bright": 0.8925102353096008, "club": 0.8908981680870056, "techno": 0.8876651525497437, "light": 0.8816141486167908, "dancing": 0.8735610246658325, "song": 0.8653362989425659}