{"leaf": 0.9982309937477112, "flora": 0.9940968751907349, "agriculture": 0.9933533668518066, "farm": 0.9887073040008545, "vegetable": 0.9876537919044495, "garden": 0.987650990486145, "food": 0.9842290878295898, "nature": 0.9823935031890869, "soil": 0.9809616208076477, "maturation": 0.978375256061554, "grow": 0.9733158349990845, "growth": 0.9729347229003906, "no person": 0.9657649397850037, "greenhouse": 0.9611222743988037, "pasture": 0.9581006169319153, "summer": 0.9519620537757874, "cultivation": 0.9467067718505859, "ground": 0.9285545349121094, "tree": 0.9259359240531921, "horticulture": 0.9228322505950928}