{"business": 0.9955146908760071, "money": 0.9943591952323914, "currency": 0.9936012625694275, "wealth": 0.9926230907440186, "finance": 0.9882684946060181, "paper": 0.987307608127594, "savings": 0.978565514087677, "cash": 0.9742594957351685, "achievement": 0.9740117192268372, "dollar": 0.9593137502670288, "pay": 0.95209801197052, "bank": 0.9453904032707214, "financial": 0.9332045912742615, "abundance": 0.9089612364768982, "no person": 0.8965471386909485, "value": 0.8882132768630981, "investment": 0.8877598643302917, "income": 0.8842630982398987, "stacks": 0.8661565184593201, "note": 0.8360801935195923}