{"agriculture": 0.9955897331237793, "no person": 0.9924597144126892, "farm": 0.9799256920814514, "soil": 0.9780538082122803, "wine": 0.9768841862678528, "rural": 0.975816011428833, "pasture": 0.9736331701278687, "countryside": 0.9732382297515869, "nature": 0.9706792235374451, "cropland": 0.9701210856437683, "growth": 0.9698411226272583, "landscape": 0.9614647626876831, "grow": 0.9544097781181335, "outdoors": 0.9501245617866516, "leaf": 0.9427003860473633, "summer": 0.9425895810127258, "field": 0.9409806132316589, "food": 0.9401815533638, "vineyard": 0.9287494421005249, "farmland": 0.9280364513397217}