{"no person": 0.9946630001068115, "food": 0.9922257661819458, "fruit": 0.9759923219680786, "health": 0.9731167554855347, "nature": 0.9706810116767883, "round out": 0.9661199450492859, "fall": 0.9652605056762695, "grow": 0.9616088271141052, "nutrition": 0.9558291435241699, "delicious": 0.9501117467880249, "summer": 0.9405979514122009, "leaf": 0.9280182123184204, "tropical": 0.9233737587928772, "healthy": 0.9225620627403259, "rotten": 0.9198320508003235, "juicy": 0.912521243095398, "vegetable": 0.9008697271347046, "bright": 0.8948172926902771, "pasture": 0.8837184309959412, "desktop": 0.8733198046684265}