{"agriculture": 0.9940071105957031, "soil": 0.9937542080879211, "farm": 0.9864973425865173, "ground": 0.9777774810791016, "flora": 0.9758850336074829, "nature": 0.97384113073349, "growth": 0.9720931649208069, "maturation": 0.971016526222229, "landscape": 0.9704235196113586, "rural": 0.9683877825737, "food": 0.9606977105140686, "no person": 0.9604555368423462, "irrigation": 0.9575062394142151, "field": 0.9558073878288269, "ball-shaped": 0.9541915655136108, "crop": 0.9537808895111084, "cultivation": 0.953285813331604, "environment": 0.9451931118965149, "countryside": 0.9419800043106079, "garden": 0.9408047199249268}