{"weapon": 0.9925103187561035, "offense": 0.9907162189483643, "gun": 0.9894475936889648, "police": 0.9873093962669373, "no person": 0.9743825197219849, "ammunition": 0.961979866027832, "security": 0.959277331829071, "force": 0.9583008289337158, "precision": 0.9544304013252258, "military": 0.9468086361885071, "technology": 0.9410734176635742, "still life": 0.9404155015945435, "bullet": 0.9379854202270508, "pistol": 0.9338091015815735, "business": 0.915664553642273, "industry": 0.9081997871398926, "car": 0.8974679708480835, "law": 0.8951163291931152, "computer": 0.8928431868553162, "army": 0.8715053200721741}