{"corn": 0.9999014139175415, "corncob": 0.9994524121284485, "hazelnut": 0.9990239143371582, "pasture": 0.9931619167327881, "popcorn": 0.9907453060150146, "agriculture": 0.9848592877388, "health": 0.9844346642494202, "no person": 0.9798983335494995, "nutrition": 0.9705933332443237, "straw": 0.9630557894706726, "labyrinth": 0.9598085880279541, "crop": 0.9539787769317627, "gold": 0.949225127696991, "food": 0.9454150199890137, "grow": 0.9444365501403809, "desktop": 0.942858874797821, "healthy": 0.9377245306968689, "cereal": 0.935776948928833, "vegetable": 0.9353737831115723, "confection": 0.927790105342865}