{"woman": 0.9704833626747131, "achievement": 0.9574190378189087, "business": 0.9411340355873108, "conceptual": 0.8847281336784363, "aid": 0.8795247673988342, "man": 0.8790277242660522, "contemporary": 0.874177873134613, "health": 0.8672659397125244, "indoors": 0.8587938547134399, "relaxation": 0.8462021350860596, "love": 0.8405822515487671, "isolated": 0.8364596366882324, "looking": 0.8321328163146973, "young": 0.8167449235916138, "service": 0.8133215308189392, "casual": 0.8067705631256104, "eyesight": 0.8060726523399353, "romance": 0.8045750260353088, "healthcare": 0.8002956509590149, "pretty": 0.7897630333900452}