{"no person": 0.9931651949882507, "graphic design": 0.9861568212509155, "business": 0.9534744620323181, "growth": 0.9387703537940979, "diagram": 0.910880446434021, "disjunct": 0.9098663926124573, "graph": 0.909037172794342, "equipment": 0.9042061567306519, "stripe": 0.9024474024772644, "statistics": 0.8844690918922424, "retro": 0.8807592391967773, "kind": 0.8794135451316833, "isolated": 0.8756958246231079, "contemporary": 0.8657984733581543, "progress": 0.8581918478012085, "data": 0.8561738133430481, "electronics": 0.8515298366546631, "illustration": 0.8511013388633728, "vector": 0.8475117087364197, "paper": 0.8286186456680298}