{"field": 0.9930621981620789, "farm": 0.9890308976173401, "cereal": 0.9839091897010803, "rural": 0.9784367680549622, "pasture": 0.9774182438850403, "nature": 0.9759827852249146, "summer": 0.9749637842178345, "agriculture": 0.9736889600753784, "growth": 0.9734157919883728, "grass": 0.9686622023582458, "corn": 0.9682826995849609, "crop": 0.9677291512489319, "sun": 0.9673927426338196, "straw": 0.9578038454055786, "wheat": 0.9526163339614868, "country": 0.9517233967781067, "countryside": 0.9498798251152039, "landscape": 0.9396438002586365, "leaf": 0.9282665252685547, "flora": 0.9235789179801941}