{"juicy": 0.993543267250061, "no person": 0.9929036498069763, "fruit": 0.9913470149040222, "pear": 0.9884127974510193, "leaf": 0.9847721457481384, "food": 0.9803428053855896, "health": 0.9789386987686157, "nutrition": 0.9783592820167542, "delicious": 0.9637195467948914, "nature": 0.962424099445343, "vitamin": 0.9568778276443481, "juice": 0.9562716484069824, "confection": 0.9529685974121094, "fall": 0.9518038630485535, "tropical": 0.9450539350509644, "ingredients": 0.9442766308784485, "pasture": 0.9392200112342834, "whole": 0.933883011341095, "farming": 0.9328043460845947, "woodlet": 0.9163361191749573}