{"outdoors": 0.9900467991828918, "cloud": 0.9893041849136353, "horizontal plane": 0.974151074886322, "nature": 0.9707268476486206, "vertical": 0.9673113226890564, "sea": 0.9666427373886108, "landscape": 0.9542986750602722, "quiet": 0.919274091720581, "mountain": 0.9178808927536011, "tree": 0.9100859761238098, "rock": 0.9096249938011169, "water": 0.9063510298728943, "island": 0.9041488170623779, "sky": 0.8965725302696228, "travel": 0.8902075290679932, "seashore": 0.8836579322814941, "lake": 0.8797518610954285, "horizontal": 0.863853931427002, "beach": 0.8619101643562317, "flora": 0.837224543094635}