{"cropland": 0.9966093301773071, "agriculture": 0.9951367974281311, "wheat": 0.9936763644218445, "no person": 0.9928159713745117, "rural": 0.9920786023139954, "countryside": 0.9903401732444763, "pasture": 0.9873184561729431, "field": 0.9848008155822754, "crop": 0.9831967353820801, "farm": 0.9797341227531433, "farmland": 0.9744871854782104, "cereal": 0.9738211035728455, "straw": 0.9736065864562988, "landscape": 0.9710825085639954, "outdoors": 0.9698828458786011, "sky": 0.9688002467155457, "corn": 0.9656510949134827, "soil": 0.9534296989440918, "summer": 0.952987015247345, "growth": 0.9440429210662842}