{"money": 0.9859520196914673, "currency": 0.9680126905441284, "business": 0.9576411247253418, "bank": 0.9548718333244324, "cash": 0.9507724046707153, "wealth": 0.9396806359291077, "box": 0.9360413551330566, "paper": 0.9354376196861267, "savings": 0.9354074001312256, "case": 0.9260344505310059, "dollar": 0.91755211353302, "color": 0.9147503972053528, "euro": 0.8922629952430725, "finance": 0.884762167930603, "desktop": 0.8811243772506714, "financial": 0.8801877498626709, "investment": 0.8732782602310181, "commercial": 0.8726728558540344, "market": 0.8619939684867859, "shopping": 0.8535668253898621}