{"tractor": 0.9982056617736816, "agriculture": 0.9960759282112122, "machine": 0.9935923218727112, "farm": 0.9925838708877563, "soil": 0.9863496422767639, "machinery": 0.9850740432739258, "field": 0.9789223670959473, "vehicle": 0.9767048954963684, "plow": 0.962779700756073, "pasture": 0.9573757648468018, "farmland": 0.949839174747467, "rural": 0.9486373066902161, "crop": 0.9379987120628357, "cropland": 0.9334014058113098, "countryside": 0.9293317794799805, "industry": 0.9232950210571289, "equipment": 0.9182762503623962, "no person": 0.9125568866729736, "outdoors": 0.9055400490760803, "landscape": 0.8950178027153015}