{"currency": 0.999259889125824, "money": 0.9992260932922363, "business": 0.998563826084137, "wealth": 0.9965456128120422, "finance": 0.9960950016975403, "savings": 0.9946058392524719, "cash": 0.9933596253395081, "euro": 0.9922680258750916, "bank": 0.9911511540412903, "paper": 0.9895933866500854, "achievement": 0.9840608239173889, "financial": 0.983607828617096, "change": 0.980647623538971, "investment": 0.9711545705795288, "economy": 0.9679474234580994, "no person": 0.964279294013977, "commerce": 0.9636180996894836, "value": 0.9610748291015625, "pay": 0.9584721922874451, "note": 0.9513595700263977}