{"no person": 0.9836085438728333, "illustration": 0.9815018773078918, "graphic design": 0.9652804136276245, "vector": 0.9638396501541138, "silhouette": 0.9505462646484375, "party": 0.9472436904907227, "design": 0.9399818778038025, "desktop": 0.9340243339538574, "fun": 0.913473904132843, "retro": 0.8955329656600952, "funky": 0.8946563005447388, "art": 0.8899437785148621, "dancing": 0.8883422613143921, "graphic": 0.8882532715797424, "artistic": 0.8849185109138489, "love": 0.8848248720169067, "man": 0.8633044958114624, "friendship": 0.8607800602912903, "woman": 0.8606318831443787, "fashion": 0.855096161365509}