{"agriculture": 0.9980216026306152, "farm": 0.9898669719696045, "field": 0.9888495802879333, "landscape": 0.9830454587936401, "cropland": 0.9818405508995056, "rural": 0.9810889959335327, "farmland": 0.9740265607833862, "countryside": 0.974007785320282, "soil": 0.9727694392204285, "flora": 0.9724897146224976, "crop": 0.9718897938728333, "growth": 0.9707129597663879, "no person": 0.9690049290657043, "nature": 0.9580939412117004, "pasture": 0.9558336138725281, "grow": 0.9510839581489563, "summer": 0.942227303981781, "outdoors": 0.9367032051086426, "food": 0.9283106923103333, "country": 0.923138439655304}