{"business": 0.9791598320007324, "telephone": 0.9641779065132141, "technology": 0.9582800269126892, "screen": 0.9470557570457458, "display": 0.9303752779960632, "touch": 0.9259709715843201, "money": 0.9126872420310974, "finance": 0.9081447720527649, "spherical": 0.8865684866905212, "communication": 0.8862165808677673, "electronics": 0.8835009932518005, "no person": 0.8775413036346436, "paper": 0.8760040998458862, "connection": 0.8647956848144531, "internet": 0.8623577952384949, "achievement": 0.8526027798652649, "computer": 0.839508056640625, "financial": 0.8299969434738159, "number": 0.8218865990638733, "text": 0.8173256516456604}