{"food": 0.9879052639007568, "health": 0.9764576554298401, "vegetable": 0.9724352955818176, "no person": 0.9720467329025269, "fruit": 0.9689242243766785, "healthy": 0.9687668085098267, "nutrition": 0.9686686992645264, "vitamin": 0.9542608857154846, "farming": 0.9532769322395325, "desktop": 0.9509705305099487, "juicy": 0.9492138624191284, "diet": 0.9447504281997681, "ingredients": 0.9236688613891602, "grow": 0.9152072072029114, "pasture": 0.9131609797477722, "leaf": 0.9035828113555908, "apple": 0.9032744765281677, "flora": 0.8954463005065918, "color": 0.8835408687591553, "nature": 0.8768866658210754}