{"agriculture": 0.9910659193992615, "field": 0.9906331300735474, "farm": 0.9892929792404175, "rural": 0.9865580201148987, "countryside": 0.98576420545578, "tractor": 0.9816644191741943, "landscape": 0.9814938306808472, "farmland": 0.9803117513656616, "soil": 0.9790120720863342, "crop": 0.9704364538192749, "country": 0.9666711688041687, "no person": 0.9591978192329407, "nature": 0.9583879709243774, "sunset": 0.9554969668388367, "cropland": 0.9538800120353699, "summer": 0.9533018469810486, "outdoors": 0.9497457146644592, "pasture": 0.9470816254615784, "wheat": 0.9439236521720886, "sky": 0.942173957824707}