{"no person": 0.979704737663269, "nature": 0.9709629416465759, "leaf": 0.9685910940170288, "indoors": 0.9589506983757019, "wood": 0.9445933699607849, "outdoors": 0.9165149331092834, "horizontal": 0.9058555960655212, "growth": 0.890367329120636, "grass": 0.8885027170181274, "creativity": 0.8807967901229858, "summer": 0.8701282739639282, "arts and crafts": 0.8684465885162354, "interior design": 0.866256594657898, "weed": 0.8651719093322754, "soil": 0.859473705291748, "painting": 0.8499463200569153, "child": 0.8436900973320007, "travel": 0.836355984210968, "kind": 0.8184579610824585, "ingredients": 0.8142094612121582}