{"health": 0.9879941940307617, "corn": 0.9843006730079651, "no person": 0.9729976654052734, "nutrition": 0.9528405666351318, "science": 0.9522994756698608, "cereal": 0.9474800825119019, "research": 0.9468110799789429, "bio": 0.9274246692657471, "glass": 0.9019729495048523, "popcorn": 0.8833442330360413, "chemistry": 0.8700746297836304, "biology": 0.8655166625976562, "food": 0.8500881791114807, "vitamin": 0.8425737023353577, "detail": 0.8327561020851135, "cure": 0.8320008516311646, "ingredients": 0.8277433514595032, "plastic": 0.7969329357147217, "pharmacology": 0.7817392945289612, "healthcare": 0.7705088257789612}