{"no person": 0.994416356086731, "health": 0.9935816526412964, "healthcare": 0.989924430847168, "syringe": 0.9659359455108643, "food": 0.9636764526367188, "medicine": 0.9556019306182861, "nutrition": 0.9554247260093689, "fruit": 0.9408303499221802, "apple": 0.9380297660827637, "isolated": 0.9353441596031189, "vitamin": 0.918747067451477, "research": 0.9173353314399719, "treatment": 0.9122994542121887, "nature": 0.893184244632721, "juicy": 0.8862751126289368, "delicious": 0.8842191100120544, "science": 0.8708350658416748, "bright": 0.8691568374633789, "horizontal": 0.8662604689598083, "indoors": 0.8662301301956177}