{"no person": 0.9926053285598755, "architecture": 0.9865604639053345, "outdoors": 0.983497142791748, "tree": 0.9725085496902466, "sky": 0.9653069376945496, "wood": 0.9641751050949097, "house": 0.961765706539154, "building": 0.9584482908248901, "grass": 0.9568135142326355, "summer": 0.9477638006210327, "nature": 0.9389350414276123, "travel": 0.9343155026435852, "home": 0.922875702381134, "construction": 0.8843058347702026, "guidance": 0.8703572154045105, "large": 0.866354763507843, "road": 0.8656001687049866, "expression": 0.8446800708770752, "museum": 0.8437203764915466, "fair weather": 0.839546263217926}