{"currency": 0.9996860027313232, "money": 0.9993115663528442, "wealth": 0.9985806941986084, "business": 0.9983726143836975, "cash": 0.9968806505203247, "bank": 0.9966257810592651, "savings": 0.9958916902542114, "finance": 0.9956585168838501, "achievement": 0.9919958114624023, "gold": 0.984565258026123, "change": 0.979084849357605, "financial": 0.9775720238685608, "dollar": 0.9763387441635132, "stacks": 0.9752846956253052, "no person": 0.9715965390205383, "luck": 0.9715108871459961, "euro": 0.9707022309303284, "investment": 0.969711184501648, "economy": 0.9641777873039246, "value": 0.9551951885223389}