{"reptile": 0.9997288584709167, "illustration": 0.9909247159957886, "dinosaur": 0.9870104789733887, "animal": 0.9670190811157227, "lizard": 0.9662910103797913, "wildlife": 0.9608429074287415, "vertebrate": 0.9570119380950928, "zoology": 0.9467958211898804, "hideous": 0.9422286748886108, "monster": 0.9186110496520996, "environment": 0.9151300191879272, "nature": 0.9064470529556274, "paleontology": 0.9061823487281799, "tree": 0.9047884941101074, "vertical": 0.898456871509552, "science": 0.8961383104324341, "alligator": 0.8651349544525146, "creeper": 0.8585590720176697, "horizontal": 0.8546128273010254, "amphibian": 0.8535718321800232}