{"monochrome": 0.9980756044387817, "rain": 0.9726606607437134, "H2O": 0.9670037627220154, "glass": 0.9646932482719421, "street": 0.9630478620529175, "blur": 0.9611281156539917, "still life": 0.9575411081314087, "analogue": 0.9543728232383728, "black and white": 0.936631441116333, "vintage": 0.9319538474082947, "no person": 0.9282885789871216, "art": 0.9261207580566406, "mono": 0.9196166396141052, "wet": 0.9180150032043457, "window": 0.912311851978302, "dof": 0.9078941941261292, "cold": 0.906387209892273, "old": 0.9059478640556335, "reflection": 0.903997540473938, "drop": 0.8982083797454834}