{"telephone": 0.9878515601158142, "touch": 0.9832769632339478, "internet": 0.974738359451294, "portable": 0.9702978134155273, "electronics": 0.9664033055305481, "screen": 0.9578483700752258, "wireless": 0.9538146257400513, "business": 0.945246696472168, "technology": 0.9305702447891235, "no person": 0.9286854863166809, "display": 0.8980874419212341, "computer": 0.8927176594734192, "connection": 0.8845124244689941, "woman": 0.8736120462417603, "access": 0.8639350533485413, "machinery": 0.8594667911529541, "pill": 0.858388364315033, "appliance": 0.828612744808197, "information": 0.8258031010627747, "leisure": 0.8165983557701111}