{"banana": 0.9972608089447021, "market": 0.9961740374565125, "stall": 0.9882652759552002, "kind": 0.9876224398612976, "abundance": 0.9847666025161743, "fruit": 0.9830666780471802, "health": 0.9817852973937988, "no person": 0.9794468879699707, "pasture": 0.9704833030700684, "apple": 0.9660624265670776, "sell": 0.9654926061630249, "vitamin": 0.9563001990318298, "basket": 0.9466943144798279, "juicy": 0.9439178109169006, "nutrition": 0.9386383295059204, "many": 0.9365490674972534, "grow": 0.936001181602478, "ingredients": 0.9359655380249023, "food": 0.9301699995994568, "fall": 0.9292691349983215}