{"business": 0.9903833270072937, "text": 0.9554876089096069, "achievement": 0.9533303380012512, "finance": 0.9254565238952637, "paper": 0.9169532060623169, "money": 0.9124501943588257, "financial": 0.9001317024230957, "conceptual": 0.8902480602264404, "sign": 0.8538127541542053, "banking": 0.8391211628913879, "hand": 0.8341338634490967, "information": 0.8306758999824524, "aid": 0.815665066242218, "facts": 0.8045533299446106, "no person": 0.7949392795562744, "economy": 0.7854037880897522, "bill": 0.7790291905403137, "support": 0.7774012684822083, "communication": 0.773135781288147, "security": 0.7675129771232605}