{"shop": 0.999772846698761, "market": 0.9997149109840393, "supermarket": 0.9996577501296997, "shopping": 0.999506950378418, "stock": 0.999305248260498, "marketplace": 0.9972359538078308, "option": 0.9933366775512695, "aisle": 0.993098795413971, "shopping cart": 0.9895514845848083, "sell": 0.9893667101860046, "sale": 0.9878841042518616, "choose": 0.9877564907073975, "grocer": 0.9837867617607117, "shelf": 0.980036199092865, "merchandise": 0.979602575302124, "crate": 0.9767541885375977, "variation": 0.9737688899040222, "wholesale": 0.9732279777526855, "commerce": 0.9693220257759094, "booth": 0.9683727025985718}