{"classroom": 0.9982536435127258, "school": 0.9949041604995728, "education": 0.9912225008010864, "chair": 0.982835590839386, "indoors": 0.9823235273361206, "desk": 0.9772801399230957, "table": 0.960857093334198, "room": 0.9601007103919983, "furniture": 0.9594716429710388, "university": 0.9459368586540222, "seat": 0.9444640874862671, "no person": 0.9265202879905701, "class": 0.9166114330291748, "window": 0.908648669719696, "wood": 0.9017565250396729, "inside": 0.9016665816307068, "study": 0.8956720232963562, "contemporary": 0.8864064812660217, "empty": 0.8779504299163818, "architecture": 0.8537610769271851}