{"machinery": 0.9821498990058899, "outdoors": 0.9785391688346863, "tractor": 0.974744439125061, "agriculture": 0.9650339484214783, "industry": 0.9448890686035156, "growth": 0.9405292868614197, "horizontal plane": 0.9377234578132629, "horizontal": 0.9282329082489014, "farm": 0.9146535396575928, "soil": 0.9011316895484924, "no person": 0.8988790512084961, "dusk": 0.8718633651733398, "transportation system": 0.8612087965011597, "nature": 0.8511286973953247, "sky": 0.8498280048370361, "equipment": 0.8377256989479065, "machine": 0.8325754404067993, "field": 0.8307203054428101, "crop": 0.8004662990570068, "fall": 0.7799085378646851}