{"agriculture": 0.9958524703979492, "field": 0.9867812991142273, "nature": 0.9810632467269897, "growth": 0.9784229397773743, "farm": 0.9739994406700134, "outdoors": 0.972794771194458, "sky": 0.9679958820343018, "cloud": 0.9625422954559326, "viticulture": 0.9601407647132874, "landscape": 0.9425079226493835, "vineyard": 0.9386927485466003, "summer": 0.9214616417884827, "pasture": 0.9202726483345032, "crop": 0.9185484647750854, "grass": 0.9086979627609253, "soil": 0.9083759188652039, "winemaking": 0.8979740738868713, "vine": 0.8922134637832642, "tree": 0.8756285309791565, "flora": 0.8750532865524292}