{"facts": 0.9772761464118958, "navigation": 0.9748400449752808, "stripe": 0.9662997722625732, "template": 0.963124692440033, "World Wide Web": 0.9603551626205444, "diagram": 0.9545493125915527, "layout": 0.9513036608695984, "no person": 0.9456701874732971, "set": 0.9421935081481934, "menu (food)": 0.940871000289917, "label": 0.9375419616699219, "restaurant check": 0.9288121461868286, "graph": 0.9212806820869446, "information": 0.9193704128265381, "tag": 0.9190250635147095, "presentation": 0.9115311503410339, "option (finance)": 0.908886730670929, "progress": 0.8938127756118774, "arrow": 0.8803052306175232, "data": 0.8691527843475342}