{"no person": 0.9553924798965454, "illustration": 0.9547104239463806, "Christmas": 0.9421712160110474, "vector": 0.9359368085861206, "graphic design": 0.9243406653404236, "business": 0.9216299653053284, "celebration": 0.9087698459625244, "design": 0.8980841636657715, "fun": 0.880958616733551, "family": 0.8790116906166077, "greeting": 0.8724584579467773, "card": 0.8639545440673828, "desktop": 0.8627675771713257, "creativity": 0.8413810133934021, "child": 0.8402307033538818, "bright": 0.8352826237678528, "image": 0.8305211067199707, "winter": 0.8213762640953064, "art": 0.8094489574432373, "paper": 0.8079631328582764}