{"tractor": 0.9902869462966919, "agriculture": 0.9859785437583923, "pasture": 0.9737271666526794, "farm": 0.9697027802467346, "machinery": 0.965436577796936, "straw": 0.9649856686592102, "crop": 0.9551133513450623, "machine": 0.951064944267273, "industry": 0.9375945925712585, "rural": 0.9375933408737183, "field": 0.9348741769790649, "soil": 0.9346262216567993, "no person": 0.9257844686508179, "corn": 0.9230154156684875, "hay": 0.9191008806228638, "wheat": 0.9113499522209167, "cropland": 0.8993050456047058, "summer": 0.8970307111740112, "countryside": 0.8884017467498779, "fall": 0.8869809508323669}