{"desktop": 0.9799556136131287, "wood": 0.9739155173301697, "texture": 0.9678329825401306, "pattern": 0.9650412797927856, "no person": 0.9581111669540405, "wooden": 0.9547148942947388, "line": 0.9411235451698303, "floor": 0.9407728314399719, "empty": 0.925973117351532, "design": 0.9210106134414673, "color": 0.9165385365486145, "fabric": 0.9046863913536072, "abstract": 0.9034046530723572, "board": 0.894959568977356, "travel": 0.8911919593811035, "stripe": 0.8798729181289673, "track": 0.8716303706169128, "surface": 0.863888144493103, "closeup": 0.858005940914154, "landscape": 0.856201171875}