{"corn": 0.9999157190322876, "corncob": 0.9991826415061951, "hazelnut": 0.997745931148529, "food": 0.9894915819168091, "agriculture": 0.9856414198875427, "cereal": 0.9818276762962341, "popcorn": 0.9817560911178589, "no person": 0.981509804725647, "pasture": 0.979631245136261, "straw": 0.9739158749580383, "nutrition": 0.9718561172485352, "vegetable": 0.9696614146232605, "grow": 0.9693938493728638, "health": 0.9667968153953552, "nature": 0.9501336216926575, "crop": 0.9448918104171753, "closeup": 0.9432446956634521, "farm": 0.9402013421058655, "healthy": 0.9332255721092224, "meat": 0.9320794939994812}