{"diagram": 0.9972858428955078, "presentation": 0.9924780130386353, "progress": 0.9903120994567871, "illustration": 0.9779840111732483, "education": 0.9687827825546265, "graph": 0.9644275307655334, "business": 0.9583854675292969, "order": 0.9538745880126953, "creativity": 0.950013279914856, "circular": 0.9475812315940857, "facts": 0.9435424208641052, "option": 0.9308829307556152, "number": 0.927300214767456, "designing": 0.9254339337348938, "round": 0.9193258881568909, "flat": 0.9180277585983276, "data": 0.9178051948547363, "promotion": 0.9172085523605347, "steps": 0.9053292870521545, "template": 0.8951498866081238}