{"rough": 0.9883986115455627, "texture": 0.9877612590789795, "stone": 0.9843538999557495, "rock": 0.9795463681221008, "desktop": 0.9793014526367188, "abstract": 0.9745749235153198, "dirty": 0.9699910879135132, "pattern": 0.9683747291564941, "Earth surface": 0.9673355221748352, "granite": 0.9635669589042664, "fabric": 0.9630224108695984, "cement": 0.9570021629333496, "old": 0.9559521079063416, "wall": 0.9449299573898315, "concrete": 0.9446794390678406, "nature": 0.9389065504074097, "floor": 0.9368263483047485, "hard": 0.9314002394676208, "no person": 0.9308152794837952, "expression": 0.9258811473846436}