{"diagram": 0.9910584092140198, "graph": 0.9756004810333252, "no person": 0.9736132621765137, "education": 0.9531520009040833, "graphic design": 0.9476723670959473, "research": 0.9458738565444946, "business": 0.9428290128707886, "chalk out": 0.9338716864585876, "disjunct": 0.9308957457542419, "science": 0.9198827743530273, "growth": 0.9170548319816589, "progress": 0.9135744571685791, "illustration": 0.9052060842514038, "graph plot": 0.9012115597724915, "writing": 0.8875318765640259, "vector": 0.8764614462852478, "data": 0.874009370803833, "creativity": 0.8738212585449219, "designing": 0.8713006377220154, "strategy": 0.8688600063323975}