{"landscape": 0.9960216879844666, "nature": 0.9944696426391602, "agriculture": 0.9943521022796631, "field": 0.9889689683914185, "outdoors": 0.9877525568008423, "tree": 0.9874504804611206, "hill": 0.9850571751594543, "farm": 0.9766859412193298, "horizontal plane": 0.9766645431518555, "cloud": 0.9636126160621643, "sky": 0.9626673460006714, "flora": 0.9570780396461487, "crop": 0.9494696259498596, "grass": 0.9476829767227173, "mountain": 0.9399035573005676, "sight": 0.9396957159042358, "summer": 0.9386324286460876, "horizon": 0.9232531785964966, "quiet": 0.9212467670440674, "hayfield": 0.9190725684165955}