{"literature": 0.9995219707489014, "knowledge": 0.9985983967781067, "wisdom": 0.9974898099899292, "college": 0.9967151880264282, "library": 0.9961088299751282, "book": 0.9950620532035828, "textbook": 0.9950141310691833, "education": 0.9935751557350159, "facts": 0.9933379888534546, "stacks": 0.9880054593086243, "research": 0.9848179221153259, "study": 0.9848039150238037, "order": 0.9797552824020386, "bookstore": 0.979550302028656, "hardcover": 0.9779215455055237, "university": 0.9632084965705872, "school": 0.9584128260612488, "no person": 0.9552795886993408, "page": 0.9540301561355591, "paper": 0.9503347873687744}