{"food": 0.9900047183036804, "vegetable": 0.9845178723335266, "pasture": 0.971481204032898, "no person": 0.9693912863731384, "fall": 0.9632937908172607, "garden": 0.9597738981246948, "nature": 0.9522099494934082, "grass": 0.9510385394096375, "leaf": 0.9436393976211548, "grow": 0.9353418946266174, "apple": 0.9181891083717346, "healthy": 0.9118297696113586, "fruit": 0.9102765321731567, "summer": 0.9051908254623413, "still life": 0.8968778848648071, "health": 0.8863579630851746, "farm": 0.8750370144844055, "cooking": 0.8607097268104553, "color": 0.858197808265686, "diet": 0.8478875756263733}