{"money": 0.9988343119621277, "currency": 0.9974748492240906, "wealth": 0.997143566608429, "finance": 0.9968178272247314, "business": 0.9967148303985596, "dollar": 0.9943274855613708, "savings": 0.9924330711364746, "abundance": 0.9897481203079224, "cash": 0.9897067546844482, "achievement": 0.9851585030555725, "bank": 0.9849768877029419, "paper": 0.9829686284065247, "stacks": 0.9806195497512817, "no person": 0.9720301032066345, "pay": 0.9690913558006287, "financial": 0.9603850245475769, "commerce": 0.9563844799995422, "century": 0.9513849020004272, "commercial": 0.9494397640228271, "banknote": 0.948908269405365}