{"outdoors": 0.9851755499839783, "growth": 0.9793763160705566, "agriculture": 0.9672215580940247, "sky": 0.9629542231559753, "corn": 0.9605891704559326, "cloud": 0.9518033266067505, "crop": 0.9467673897743225, "nature": 0.9311913847923279, "cornfield": 0.9259525537490845, "corncob": 0.9250754117965698, "flora": 0.9238622188568115, "field": 0.9222484827041626, "farm": 0.914649486541748, "environment": 0.8937520384788513, "horizontal": 0.8569621443748474, "summer": 0.8446720838546753, "horizontal plane": 0.8405604362487793, "pasture": 0.8334150910377502, "economy": 0.8098849058151245, "landscape": 0.8050563335418701}