{"no person": 0.9931575655937195, "paper": 0.9574632048606873, "business": 0.953000545501709, "money": 0.9197914004325867, "winter": 0.9123767614364624, "wealth": 0.8992389440536499, "horizontal": 0.8951764106750488, "currency": 0.8890970945358276, "soap": 0.8375579714775085, "luxury": 0.8367708921432495, "finance": 0.8068762421607971, "cold": 0.8014141917228699, "shopping": 0.7903220653533936, "healthcare": 0.7720775008201599, "vertical": 0.7468578219413757, "frost": 0.73826003074646, "emergency": 0.737447202205658, "indoors": 0.7362326383590698, "number": 0.7324238419532776, "snow": 0.7216382622718811}