{"food": 0.9808430075645447, "desktop": 0.973977267742157, "row": 0.9566155076026917, "sweet": 0.9526861310005188, "no person": 0.9517596960067749, "traditional": 0.9386297464370728, "many": 0.9322398900985718, "street": 0.9290035963058472, "culture": 0.9117143154144287, "religion": 0.9021141529083252, "group": 0.8993527889251709, "pattern": 0.8991249203681946, "cake": 0.8946079611778259, "old": 0.8923041820526123, "color": 0.8864753246307373, "urban": 0.8854280114173889, "closeup": 0.8845065832138062, "stone": 0.8803225159645081, "building": 0.879021167755127, "decoration": 0.8729694485664368}