{"agriculture": 0.9934566617012024, "soil": 0.9848353862762451, "field": 0.9815780520439148, "cropland": 0.9806705713272095, "rural": 0.9798643589019775, "no person": 0.9778110980987549, "farm": 0.9765828251838684, "growth": 0.9749220013618469, "countryside": 0.9723385572433472, "nature": 0.9702808856964111, "landscape": 0.9616479277610779, "farmland": 0.9562983512878418, "crop": 0.9548108577728271, "summer": 0.948352575302124, "outdoors": 0.9350822567939758, "pasture": 0.928013265132904, "grass": 0.9253323674201965, "ground": 0.8967522382736206, "tractor": 0.8919177055358887, "flora": 0.8790587782859802}