{"text": 0.9898796081542969, "conceptual": 0.9872382879257202, "business": 0.9851968288421631, "cloud": 0.9781960248947144, "strategy": 0.9700841903686523, "desktop": 0.9498992562294006, "management": 0.9460948705673218, "achievement": 0.9388840794563293, "squad": 0.9369927048683167, "facts": 0.9324445724487305, "research": 0.9313475489616394, "analysis": 0.924957811832428, "invention": 0.9069021344184875, "designing": 0.8999547958374023, "creativity": 0.8977974057197571, "vision": 0.8926360607147217, "inspirational": 0.8917893171310425, "internet": 0.8859763145446777, "collage": 0.8801448941230774, "service": 0.8759209513664246}