{"layout": 0.9945993423461914, "template": 0.9943576455116272, "presentation": 0.9928243160247803, "World Wide Web": 0.9916970729827881, "page": 0.9878045320510864, "set": 0.9869309663772583, "collage": 0.9799128770828247, "company": 0.9798306226730347, "magazine": 0.9703631401062012, "tag": 0.9692121744155884, "information": 0.9655649065971375, "booklet": 0.9653960466384888, "label": 0.9612318873405457, "form": 0.9570579528808594, "advertising": 0.9512233138084412, "banner": 0.9494079351425171, "business": 0.9446604251861572, "text": 0.9395554065704346, "desktop": 0.9162138104438782, "navigation": 0.9063032865524292}