{"road": 0.9790422320365906, "outdoors": 0.9746432304382324, "street": 0.9700937271118164, "horizontal plane": 0.9677366018295288, "business": 0.9630271792411804, "transportation system": 0.950523853302002, "offense": 0.9384254813194275, "environment": 0.931195855140686, "city": 0.9287642240524292, "car": 0.9184291958808899, "signal": 0.9036004543304443, "industry": 0.9021062850952148, "traffic": 0.8994329571723938, "landscape": 0.8812391757965088, "signalise": 0.8787575364112854, "travel": 0.8762065768241882, "billboard": 0.867910623550415, "storm": 0.8635780215263367, "stock": 0.856087327003479, "text": 0.8554285764694214}