{"business": 0.9985004663467407, "money": 0.9981204867362976, "statistics": 0.9971069693565369, "finance": 0.9959499835968018, "wealth": 0.9948548078536987, "growth": 0.9943642616271973, "graph": 0.9932532906532288, "diagram": 0.9923291802406311, "paper": 0.9916703701019287, "calculator": 0.9859119057655334, "achievement": 0.9853277802467346, "currency": 0.9851823449134827, "gain": 0.9822583198547363, "no person": 0.9812235832214355, "shares": 0.9805035591125488, "written report": 0.9795418977737427, "commerce": 0.978401243686676, "chart": 0.9734110236167908, "number": 0.9693045616149902, "data": 0.9689826965332031}