{"currency": 0.9956732392311096, "wealth": 0.995633065700531, "business": 0.9954881072044373, "money": 0.9951528310775757, "savings": 0.9881607294082642, "paper": 0.9876337051391602, "dollar": 0.9771959781646729, "hand": 0.9769611954689026, "finance": 0.9762465953826904, "pay": 0.9709845185279846, "achievement": 0.9706735014915466, "greed": 0.9670053720474243, "generosity": 0.95076584815979, "abundance": 0.9452423453330994, "shopping": 0.9327889084815979, "act of giving": 0.9217604398727417, "cash": 0.9155991077423096, "woman": 0.9152011871337891, "one": 0.9104589223861694, "no person": 0.9100858569145203}