{"no person": 0.9759252071380615, "illustration": 0.9655295014381409, "nature": 0.9626368284225464, "winter": 0.9561311602592468, "chalk out": 0.9427743554115295, "snow": 0.9307416677474976, "frost": 0.9177669286727905, "frozen": 0.9122331738471985, "cold": 0.911909818649292, "motion": 0.9087600708007812, "art": 0.8883471488952637, "engraving": 0.8801153898239136, "cephalopod ink": 0.8748892545700073, "shape": 0.8598850965499878, "desktop": 0.8587511777877808, "design": 0.8560850024223328, "one": 0.8368180990219116, "sketchy": 0.8241314888000488, "outdoors": 0.8107553124427795, "bird": 0.8041873574256897}