{"yarn": 0.9985805749893188, "weaving": 0.996973991394043, "basket": 0.996381402015686, "sewing": 0.995070219039917, "handmade": 0.9929772019386292, "needlework": 0.9875762462615967, "arts and crafts": 0.9856902956962585, "no person": 0.9814926981925964, "craft": 0.9814411401748657, "cotton": 0.9729164242744446, "textile": 0.971056342124939, "wool": 0.968212902545929, "string": 0.9608971476554871, "needle": 0.9498791694641113, "wear": 0.9498778581619263, "bobbin": 0.9492009282112122, "skill": 0.9477941989898682, "rope": 0.9465948343276978, "traditional": 0.9430074691772461, "pattern": 0.9389308094978333}