{"tree": 0.9844624996185303, "nature": 0.964900016784668, "illustration": 0.9585361480712891, "no person": 0.9543348550796509, "sketch": 0.9422359466552734, "wood": 0.9411896467208862, "vector": 0.938534140586853, "art": 0.9303758144378662, "design": 0.9210161566734314, "desktop": 0.9160053730010986, "landscape": 0.9099766612052917, "food": 0.9083560109138489, "outdoors": 0.9024190902709961, "summer": 0.9020207524299622, "trunk": 0.8999629616737366, "tropical": 0.8958080410957336, "leaf": 0.8861217498779297, "painting": 0.8847593069076538, "color": 0.8807420134544373, "sky": 0.8716607093811035}