{"corn": 0.9999464750289917, "hazelnut": 0.9997395873069763, "corncob": 0.9996346235275269, "popcorn": 0.9969981908798218, "no person": 0.9947896003723145, "pasture": 0.9943814873695374, "straw": 0.993617057800293, "gold": 0.9873966574668884, "cereal": 0.9863194227218628, "agriculture": 0.9860399961471558, "meat": 0.9777857661247253, "closeup": 0.9711029529571533, "nutrition": 0.9702619314193726, "food": 0.9677892923355103, "crop": 0.9673815965652466, "health": 0.9614991545677185, "grow": 0.9575905203819275, "vegetable": 0.9543885588645935, "confection": 0.9537561535835266, "farm": 0.9412181973457336}