{"illustration": 0.9995064735412598, "bird": 0.9986730813980103, "goose": 0.9983152151107788, "poultry": 0.9961560368537903, "profile": 0.9955278038978577, "animal": 0.9931632280349731, "duck": 0.9930152893066406, "cute": 0.9874150156974792, "pigeon": 0.9866430759429932, "graphic design": 0.9830051064491272, "no person": 0.979857861995697, "wildlife": 0.9772007465362549, "vector": 0.9761438965797424, "sketch": 0.9739904999732971, "chicken": 0.967473566532135, "feather": 0.9611405730247498, "livestock": 0.9597374200820923, "nature": 0.9520555138587952, "parrot": 0.9393815994262695, "love": 0.935045063495636}