{"business": 0.9962025284767151, "achievement": 0.978935182094574, "text": 0.9719638824462891, "desktop": 0.9653316140174866, "internet": 0.9588513374328613, "conceptual": 0.958453893661499, "aid": 0.9521195888519287, "support": 0.9442597031593323, "computer": 0.931833028793335, "teamwork": 0.923210084438324, "technology": 0.9222425818443298, "service": 0.9197419881820679, "leadership": 0.9166621565818787, "work": 0.9164794683456421, "online": 0.9109742641448975, "communication": 0.9078907370567322, "education": 0.8960232138633728, "money": 0.8931698203086853, "motivation": 0.8862771391868591, "sign": 0.8825538158416748}