{"tractor": 0.9958837628364563, "machinery": 0.9950037598609924, "agriculture": 0.9943453669548035, "farm": 0.9920130372047424, "straw": 0.9907059073448181, "crop": 0.9883882403373718, "machine": 0.9869810938835144, "cereal": 0.9850947856903076, "corn": 0.9848178029060364, "field": 0.9833986759185791, "wheat": 0.979015588760376, "rural": 0.9741647839546204, "pasture": 0.9717156887054443, "industry": 0.9610856175422668, "fall": 0.949148952960968, "hay": 0.946622371673584, "equipment": 0.9430428743362427, "countryside": 0.9384589791297913, "summer": 0.9306219816207886, "food": 0.9119318723678589}