{"wheat": 0.9953666925430298, "cereal": 0.9951621890068054, "growth": 0.9931663870811462, "rural": 0.9873731732368469, "no person": 0.986445963382721, "pasture": 0.9761994481086731, "bread": 0.9728076457977295, "sun": 0.9723535776138306, "field": 0.971871554851532, "crop": 0.9639098048210144, "rye": 0.9619535207748413, "farmland": 0.9585926532745361, "fair weather": 0.9580479860305786, "countryside": 0.9579253792762756, "summer": 0.9570077061653137, "grass": 0.9458537101745605, "corn": 0.9440847039222717, "nature": 0.9431148767471313, "husk": 0.9355210065841675, "seed": 0.9315620064735413}