{"illustration": 0.9984672665596008, "sketch": 0.9972400665283203, "vector": 0.9936962723731995, "child": 0.992486834526062, "cute": 0.9765264391899109, "fun": 0.9659004807472229, "graphic": 0.9582040905952454, "humor": 0.9528182148933411, "funny": 0.9306806325912476, "amusing": 0.9254179000854492, "cheerful": 0.9227381348609924, "art": 0.919866144657135, "character": 0.8903601169586182, "design": 0.8838068842887878, "cap": 0.882656455039978, "toy": 0.8669577836990356, "smile": 0.8640453815460205, "animal": 0.8564079403877258, "lid": 0.8519953489303589, "gift": 0.8437944054603577}