{"no person": 0.9963693618774414, "dark": 0.9899780750274658, "horizontal": 0.9784665703773499, "nature": 0.9564180374145508, "bright": 0.9430431127548218, "illuminated": 0.9430024027824402, "outdoors": 0.9423585534095764, "moon": 0.9256343841552734, "vertical": 0.9216864109039307, "graphic design": 0.865568995475769, "design": 0.8650451302528381, "isolated": 0.8513748049736023, "contemporary": 0.8053484559059143, "sky": 0.7967836260795593, "shining": 0.7925169467926025, "retro": 0.7912669777870178, "indoors": 0.7879180908203125, "elegant": 0.784475564956665, "desktop": 0.7698002457618713, "old": 0.7651442289352417}