{"no person": 0.9848759770393372, "nature": 0.9799679517745972, "outdoors": 0.9437586069107056, "summer": 0.9171701669692993, "plastic": 0.8925147652626038, "grass": 0.8814525604248047, "horizontal": 0.8735212683677673, "leaf": 0.8350063562393188, "man": 0.8284860849380493, "competition": 0.8275936841964722, "fun": 0.8185152411460876, "retro": 0.8177394270896912, "art": 0.811884343624115, "recreation": 0.8116859793663025, "creativity": 0.8111308813095093, "conceptual": 0.8017318248748779, "bright": 0.7990294098854065, "biology": 0.7800350189208984, "spherical": 0.7683717012405396, "travel": 0.7625577449798584}