{"growth": 0.9971469044685364, "soil": 0.9944848418235779, "sprout": 0.9866093993186951, "ball-shaped": 0.9788622856140137, "leaf": 0.978308379650116, "agriculture": 0.9780122637748718, "little": 0.9541510343551636, "maturation": 0.9467169642448425, "nature": 0.9461619853973389, "food": 0.9397895932197571, "no person": 0.9373556971549988, "blur": 0.932234525680542, "flora": 0.9315269589424133, "root": 0.9148216247558594, "garden": 0.9089032411575317, "ecology": 0.9064752459526062, "sustainability": 0.9032658338546753, "sapling": 0.8967132568359375, "ground": 0.89536052942276, "nourish": 0.8800665736198425}