{"corn": 0.9918298125267029, "growth": 0.9890537261962891, "leaf": 0.9876016974449158, "agriculture": 0.9858106374740601, "no person": 0.9843471050262451, "cereal": 0.9799266457557678, "farm": 0.9792612195014954, "rural": 0.977321207523346, "pasture": 0.9755458831787109, "crop": 0.9682050347328186, "nature": 0.9673405289649963, "countryside": 0.965892493724823, "field": 0.9590053558349609, "summer": 0.9521085023880005, "landscape": 0.9468258619308472, "farmland": 0.9419694542884827, "fall": 0.9415810704231262, "sun": 0.9356618523597717, "grass": 0.9279167652130127, "flora": 0.923636794090271}