{"outdoors": 0.9828600287437439, "architecture": 0.97856205701828, "sky": 0.9631761312484741, "window": 0.9432523250579834, "business": 0.9333166480064392, "modern": 0.9201577305793762, "vertical": 0.9184975624084473, "city": 0.9176697134971619, "sunny": 0.9176146388053894, "no person": 0.9097626209259033, "glass items": 0.9054027199745178, "facade": 0.9035400152206421, "building": 0.9012839198112488, "horizontal plane": 0.894370436668396, "house": 0.8760020732879639, "tree": 0.8750041723251343, "travel": 0.867059051990509, "fair weather": 0.8644217252731323, "office": 0.8613948822021484, "horizontal": 0.8358328342437744}