{"family": 0.9937553405761719, "woman": 0.9932861924171448, "sit": 0.9885832071304321, "indoors": 0.9813263416290283, "man": 0.9789405465126038, "love": 0.9690458178520203, "togetherness": 0.9600297212600708, "sofa": 0.9541027545928955, "casual": 0.9461773633956909, "internet": 0.942087709903717, "wireless": 0.929673969745636, "sitting": 0.9139561057090759, "looking": 0.9038040041923523, "couple": 0.8762161731719971, "adolescent": 0.8757032155990601, "child": 0.8646568059921265, "room": 0.8546971678733826, "girl": 0.8528597950935364, "student": 0.8480704426765442, "college": 0.8406577706336975}