{"smoke": 0.9656915664672852, "dust": 0.9644521474838257, "outdoors": 0.9553465843200684, "no person": 0.9530550837516785, "landscape": 0.9351896047592163, "vehicle": 0.9294747114181519, "action": 0.9257912039756775, "water": 0.9075144529342651, "condensation": 0.9067179560661316, "soil": 0.9063358902931213, "travel": 0.9037121534347534, "track": 0.8963326811790466, "sky": 0.872793436050415, "sand": 0.8636691570281982, "daylight": 0.8622571229934692, "power": 0.8584152460098267, "desert": 0.8482640385627747, "horizontal plane": 0.8253598809242249, "adventure": 0.8242258429527283, "danger": 0.819754958152771}