{"fantasy": 0.9414821863174438, "Halloween": 0.9355931878089905, "illustration": 0.929271399974823, "party": 0.9272512197494507, "festival": 0.8877707719802856, "celebration": 0.8856201171875, "fun": 0.8803306221961975, "desktop": 0.8770289421081543, "hero": 0.8686913847923279, "scary": 0.8617621064186096, "art": 0.8532912135124207, "color": 0.8441762328147888, "costume": 0.8331380486488342, "character": 0.8058249354362488, "figure": 0.7971620559692383, "narrative": 0.7964364886283875, "magic": 0.7885392308235168, "sketch": 0.7877979874610901, "woman": 0.7845289707183838, "fairy": 0.7840933799743652}