{"no person": 0.9961822628974915, "child": 0.9880286455154419, "architecture": 0.9786654114723206, "graphic design": 0.9658335447311401, "family": 0.9605574607849121, "fun": 0.9602231979370117, "house": 0.9518535137176514, "building": 0.9390807151794434, "traditional": 0.9337744116783142, "man": 0.9317306876182556, "isolated": 0.9299840927124023, "geometric": 0.9215226769447327, "stacks": 0.9195441007614136, "preschool": 0.9117871522903442, "Christmas": 0.9046072959899902, "wood": 0.9037318229675293, "creativity": 0.8995203971862793, "brick": 0.896163821220398, "illustration": 0.8940039277076721, "cute": 0.886020839214325}