{"fence": 0.9917541742324829, "barn": 0.9914041757583618, "farm": 0.9911870360374451, "agriculture": 0.9887752532958984, "house": 0.9874984622001648, "grass": 0.98162442445755, "no person": 0.9803746342658997, "outdoors": 0.9776999354362488, "rural": 0.9691562056541443, "horizontal plane": 0.9680220484733582, "summer": 0.959769070148468, "building": 0.9576595425605774, "farmhouse": 0.9563320279121399, "nature": 0.9541646242141724, "architecture": 0.9512553215026855, "tree": 0.9432061910629272, "barnyard": 0.9252261519432068, "home": 0.9202205538749695, "wood": 0.9186052680015564, "countryside": 0.917205274105072}