{"supermarket": 0.9993979930877686, "stock": 0.9990082383155823, "shopping": 0.9989521503448486, "shop": 0.997825026512146, "market": 0.9971588850021362, "shopping cart": 0.9928112626075745, "shelf": 0.9921268224716187, "aisle": 0.9872850775718689, "merchandise": 0.9868310689926147, "commerce": 0.986671507358551, "option": 0.9821245670318604, "bargain": 0.980553388595581, "buyer": 0.980162501335144, "shopper": 0.9778580665588379, "marketplace": 0.972719669342041, "woman": 0.9704259037971497, "choose": 0.9672746062278748, "cart": 0.9658787846565247, "sale": 0.9572242498397827, "department": 0.9566490650177002}