{"no person": 0.9944466352462769, "food": 0.9846988320350647, "fruit": 0.9834723472595215, "apple": 0.9814075827598572, "health": 0.9792993664741516, "grow": 0.9751430749893188, "nutrition": 0.9578511118888855, "banana": 0.95017009973526, "kind": 0.9500443935394287, "ingredients": 0.9375344514846802, "pear": 0.92839515209198, "vegetable": 0.9261219501495361, "farming": 0.9248952269554138, "pasture": 0.9239157438278198, "still life": 0.9176563024520874, "delicious": 0.909069836139679, "vitamin": 0.9013376235961914, "squash": 0.9005274772644043, "leaf": 0.8911990523338318, "juicy": 0.8835828304290771}