{"sketch": 0.9883309006690979, "funny": 0.9836298823356628, "illustration": 0.9833963513374329, "amusing": 0.9518674612045288, "cute": 0.9473093152046204, "fun": 0.9455885291099548, "vector": 0.9328890442848206, "graphic": 0.922454833984375, "child": 0.9223816990852356, "humor": 0.9080488681793213, "character": 0.902879536151886, "art": 0.9027064442634583, "smile": 0.8764705061912537, "cheerful": 0.8691695332527161, "no person": 0.8689141869544983, "animal": 0.8663758635520935, "fantasy": 0.8398579359054565, "design": 0.8292770385742188, "mascot": 0.8288594484329224, "visuals": 0.8093650937080383}