{"business": 0.9986454844474792, "finance": 0.9929041266441345, "money": 0.9925251007080078, "currency": 0.992279052734375, "paper": 0.9897915124893188, "wealth": 0.9885560870170593, "savings": 0.977106511592865, "pay": 0.9703350067138672, "office": 0.9552532434463501, "shopping": 0.9476926922798157, "data": 0.9456573724746704, "no person": 0.945292592048645, "horizontal": 0.940477192401886, "commerce": 0.9379516243934631, "financial": 0.9342900514602661, "number": 0.9163663387298584, "economy": 0.8879285454750061, "bank": 0.8874472975730896, "investment": 0.8834331631660461, "achievement": 0.8809803128242493}