{"no person": 0.9892003536224365, "knowledge": 0.9842281341552734, "stacks": 0.9792282581329346, "literature": 0.977319598197937, "education": 0.9648345112800598, "paper": 0.9495659470558167, "blur": 0.9436402320861816, "outdoors": 0.9350743293762207, "book": 0.9206793904304504, "water": 0.8941993117332458, "facts": 0.8908690214157104, "library": 0.888251006603241, "sky": 0.8791508674621582, "wisdom": 0.8759669065475464, "school": 0.8667377829551697, "textbook": 0.8590794205665588, "creativity": 0.8362500071525574, "conceptual": 0.8326185941696167, "nature": 0.8297855854034424, "old": 0.8135710954666138}