{"landscape": 0.9713199138641357, "outdoors": 0.9649417400360107, "nature": 0.9554573893547058, "panoramic": 0.9473218321800232, "cloud": 0.9418168067932129, "river": 0.941298246383667, "water": 0.9396608471870422, "horizontal plane": 0.9220136404037476, "sky": 0.9153008460998535, "reflection": 0.9037494659423828, "tree": 0.890141487121582, "lake": 0.8754512667655945, "mountain": 0.8706029653549194, "tourism": 0.8608059287071228, "travel": 0.852082371711731, "transportation system": 0.8405871391296387, "seashore": 0.8169665336608887, "sea": 0.8135461807250977, "grass": 0.8119799494743347, "bridge": 0.809884250164032}