{"food": 0.9944471120834351, "apple": 0.993655800819397, "fruit": 0.9930344820022583, "freshness": 0.9920624494552612, "variation": 0.9646715521812439, "health": 0.9580246806144714, "juicy": 0.9540752172470093, "lemon": 0.9540377855300903, "abundance": 0.9416186809539795, "vegetable": 0.9384669661521912, "no person": 0.9383348822593689, "pear": 0.9383141994476318, "nutrition": 0.931542158126831, "leaf": 0.9312149882316589, "healthy": 0.9214567542076111, "horizontal": 0.9189093708992004, "tomato": 0.9077416062355042, "peach": 0.8815746903419495, "refreshment": 0.8772267699241638, "arrangement": 0.8741011619567871}