{"cow": 0.9965830445289612, "livestock": 0.9959259033203125, "mammal": 0.9956449270248413, "cattle": 0.9950428009033203, "farm": 0.9856736063957214, "agriculture": 0.9851383566856384, "herd": 0.9844812154769897, "no person": 0.9763079881668091, "beef cattle": 0.9755732417106628, "milk": 0.9739019274711609, "pasture": 0.9721910953521729, "calf": 0.9676433801651001, "bull": 0.9463047981262207, "animal": 0.9407022595405579, "farmland": 0.9395478367805481, "rural": 0.9318626523017883, "grass": 0.9284030199050903, "grassland": 0.9164074659347534, "field": 0.8974437713623047, "countryside": 0.8969988822937012}