{"no person": 0.9880518913269043, "outdoors": 0.9515278935432434, "business": 0.9419732689857483, "competition": 0.936351478099823, "nature": 0.9360010623931885, "vehicle": 0.9129673838615417, "retro": 0.8862846493721008, "horizontal": 0.8802021145820618, "achievement": 0.8780788779258728, "summer": 0.8741812109947205, "danger": 0.8733547925949097, "recreation": 0.8581576943397522, "action": 0.8545152544975281, "travel": 0.845137357711792, "sand": 0.8442423343658447, "text": 0.8405174612998962, "creativity": 0.8358907103538513, "ball-shaped": 0.8301929235458374, "soil": 0.829391360282898, "industry": 0.8283315300941467}