{"nature": 0.9930129647254944, "mountain": 0.9926345944404602, "no person": 0.9909608960151672, "travel": 0.9897476434707642, "wood": 0.9846320152282715, "outdoors": 0.9817467927932739, "landscape": 0.9784719347953796, "water": 0.9714139103889465, "sky": 0.9666659235954285, "tree": 0.961873471736908, "summer": 0.9587922096252441, "valley": 0.9536266326904297, "fog": 0.9444043040275574, "scenic": 0.942148745059967, "rock": 0.9398205280303955, "mist": 0.9232657551765442, "cloud": 0.9226211309432983, "snow": 0.9176976084709167, "hike": 0.9145865440368652, "grass": 0.907220721244812}