{"corn": 0.9992409944534302, "hazelnut": 0.9883117079734802, "vegetable": 0.9850083589553833, "pasture": 0.9828721284866333, "food": 0.982668399810791, "agriculture": 0.9802990555763245, "corncob": 0.9785617589950562, "desktop": 0.9752354025840759, "healthy": 0.9747782349586487, "cereal": 0.9742664098739624, "farm": 0.959088921546936, "health": 0.9589030146598816, "crop": 0.9563679099082947, "grow": 0.953167736530304, "no person": 0.952290952205658, "nutrition": 0.951467752456665, "closeup": 0.9513048529624939, "meat": 0.9502832293510437, "straw": 0.9443047046661377, "farming": 0.937949538230896}