{"art": 0.9891263246536255, "illustration": 0.976026713848114, "graphic": 0.9533426761627197, "moon": 0.9437035322189331, "sketch": 0.9403293132781982, "narrative": 0.9282516241073608, "design": 0.9243206977844238, "monster": 0.9214251041412354, "scary": 0.9184507131576538, "vector": 0.9158560037612915, "Halloween": 0.9095830917358398, "dragon": 0.9010899662971497, "painting": 0.8951138854026794, "theme": 0.8859681487083435, "visuals": 0.880510151386261, "ghost": 0.8682014346122742, "mural": 0.8672520518302917, "color": 0.8573822975158691, "fantasy": 0.8554642200469971, "magic": 0.8539549708366394}