{"mammal": 0.9976905584335327, "agriculture": 0.9955857992172241, "cattle": 0.9950054287910461, "livestock": 0.9869121313095093, "farm": 0.9807394742965698, "no person": 0.9786034226417542, "grassland": 0.9738864302635193, "cow": 0.972173810005188, "pasture": 0.9627937078475952, "pastoral": 0.9529276490211487, "hayfield": 0.9344673752784729, "landscape": 0.9179645776748657, "daylight": 0.9023386240005493, "grass": 0.8914862871170044, "herd": 0.8685819506645203, "outdoors": 0.8669208884239197, "fence": 0.8460472822189331, "environment": 0.8438587188720703, "calf": 0.8188373446464539, "cropland": 0.8170921802520752}