{"sketch": 0.9974530339241028, "illustration": 0.9940727353096008, "child": 0.9931967258453369, "amusing": 0.984122633934021, "funny": 0.9835626482963562, "humor": 0.9823367595672607, "vector": 0.9783613085746765, "cute": 0.9722129106521606, "fun": 0.9669308066368103, "preschool": 0.9638413190841675, "character": 0.9637218713760376, "son": 0.9528270363807678, "caricature": 0.9516234993934631, "smile": 0.938007116317749, "cheerful": 0.9350124001502991, "viral vector": 0.9349125027656555, "man": 0.9189956784248352, "vectors": 0.9153696894645691, "friendship": 0.9043124914169312, "set": 0.9032952785491943}