{"tractor": 0.9986843466758728, "machine": 0.9973229765892029, "machinery": 0.9926959276199341, "vehicle": 0.9894300699234009, "soil": 0.9858989715576172, "equipment": 0.9846088886260986, "heavy": 0.9651366472244263, "industry": 0.9549800753593445, "transportation system": 0.9524046778678894, "wheel": 0.9462280869483948, "truck": 0.9439402222633362, "engine": 0.9421504735946655, "plow": 0.9377425909042358, "work": 0.9211183190345764, "agriculture": 0.9080715775489807, "exert": 0.8855034708976746, "farm": 0.878777801990509, "outdoors": 0.8417836427688599, "dig up": 0.838046133518219, "trailer": 0.8358947038650513}