{"corn": 0.9988476037979126, "food": 0.9836017489433289, "hazelnut": 0.9807778000831604, "vegetable": 0.980097770690918, "pasture": 0.9797884821891785, "agriculture": 0.9688811898231506, "cereal": 0.9681627154350281, "no person": 0.9670985341072083, "corncob": 0.9597680568695068, "meat": 0.9558014869689941, "desktop": 0.9552112817764282, "healthy": 0.9526743292808533, "crop": 0.9464840888977051, "grow": 0.9426682591438293, "farm": 0.9385283589363098, "health": 0.9372336864471436, "wood": 0.9308988451957703, "wooden": 0.9271536469459534, "closeup": 0.9250972270965576, "nutrition": 0.9245061278343201}