{"fish": 0.9986085295677185, "no person": 0.9947018027305603, "nature": 0.9945600628852844, "underwater": 0.9929637908935547, "wildlife": 0.9882668852806091, "water": 0.9877927899360657, "outdoors": 0.9860120415687561, "swimming": 0.9775702953338623, "side view": 0.9693800806999207, "animal": 0.961972177028656, "one": 0.9460198879241943, "freshwater": 0.9390987753868103, "sea": 0.9260819554328918, "horizontal": 0.9051192402839661, "wild": 0.8876400589942932, "fin": 0.8775980472564697, "two": 0.8729453086853027, "trout": 0.8659219145774841, "daylight": 0.833746075630188, "aquarium": 0.807125449180603}