{"no person": 0.9967599511146545, "kind": 0.9843319654464722, "ingredients": 0.9774379730224609, "health": 0.9764160513877869, "nutrition": 0.9532188177108765, "merchandise": 0.9512568116188049, "dry": 0.9442721605300903, "wood": 0.9277245402336121, "food": 0.9177439212799072, "many": 0.8950157761573792, "container": 0.8732501864433289, "isolate": 0.8664008378982544, "pulse": 0.8566755652427673, "rice": 0.8482301235198975, "cereal": 0.8429563641548157, "indoors": 0.8403322100639343, "cooking": 0.8284188508987427, "glass": 0.8280238509178162, "business": 0.826833188533783, "traditional": 0.8246896862983704}