{"agriculture": 0.9984365105628967, "farm": 0.9941282272338867, "rural": 0.9859762191772461, "cropland": 0.9856275320053101, "soil": 0.9810125827789307, "field": 0.9788503050804138, "pasture": 0.9744903445243835, "crop": 0.9732292294502258, "countryside": 0.9698025584220886, "vineyard": 0.9690597057342529, "no person": 0.9680272936820984, "tractor": 0.967751681804657, "farmland": 0.966884970664978, "machine": 0.955224871635437, "nature": 0.9502274394035339, "growth": 0.9494020342826843, "wine": 0.937253475189209, "industry": 0.9355946183204651, "landscape": 0.9183638095855713, "food": 0.9181533455848694}