{"tractor": 0.9883819222450256, "agriculture": 0.9854743480682373, "no person": 0.9826550483703613, "cereal": 0.9794925451278687, "corn": 0.979084849357605, "pasture": 0.9754647016525269, "machinery": 0.9719499945640564, "farm": 0.9684098362922668, "wheat": 0.963519811630249, "rural": 0.9631514549255371, "crop": 0.9624616503715515, "countryside": 0.9595553874969482, "straw": 0.9574084281921387, "outdoors": 0.9550852179527283, "machine": 0.952190101146698, "fall": 0.9469540119171143, "growth": 0.9407424330711365, "hay": 0.9369606971740723, "field": 0.9339948296546936, "summer": 0.9195862412452698}