{"education": 0.9928336143493652, "woman": 0.9919890761375427, "indoors": 0.9890422224998474, "man": 0.9848743081092834, "sitting": 0.9831673502922058, "college": 0.9826834797859192, "adult": 0.9805702567100525, "adolescent": 0.9805347323417664, "school": 0.9715787768363953, "university": 0.9685040712356567, "student": 0.968048632144928, "group": 0.9679365754127502, "teacher": 0.9672118425369263, "facial expression": 0.9631056785583496, "classroom": 0.955635130405426, "togetherness": 0.9510775804519653, "sit": 0.9468352198600769, "library": 0.9442301988601685, "knowledge": 0.9419175982475281, "explain": 0.9342257380485535}