{"agriculture": 0.998297393321991, "machine": 0.9953605532646179, "farm": 0.995089590549469, "tractor": 0.9933667778968811, "machinery": 0.991355836391449, "crop": 0.9905068874359131, "field": 0.9879325032234192, "industry": 0.9869825839996338, "soil": 0.9853969216346741, "pasture": 0.9853929877281189, "rural": 0.9819577932357788, "food": 0.966727077960968, "straw": 0.963708221912384, "cereal": 0.9635928869247437, "grow": 0.9590544104576111, "countryside": 0.9589807391166687, "corn": 0.9520668983459473, "equipment": 0.9509410858154297, "cropland": 0.946366548538208, "environment": 0.9326695203781128}