{"currency": 0.9950510859489441, "savings": 0.9893781542778015, "finance": 0.9879992008209229, "money": 0.9844653010368347, "wealth": 0.9836798310279846, "investment": 0.981497049331665, "cash": 0.9795652627944946, "pay": 0.9748660326004028, "bank": 0.971070408821106, "business": 0.9673442244529724, "financial": 0.9643441438674927, "paper": 0.9549264907836914, "isolated": 0.9547812938690186, "dollar": 0.9526439309120178, "debt": 0.9403297901153564, "no person": 0.935056209564209, "account": 0.9349620938301086, "number": 0.9295815229415894, "loan": 0.9270731806755066, "tax": 0.9199264645576477}