{"knowledge": 0.9943037629127502, "education": 0.9924898743629456, "facts": 0.9887623190879822, "text": 0.9882544279098511, "research": 0.98247230052948, "wisdom": 0.9822185635566711, "data": 0.9740620851516724, "business": 0.9721339344978333, "school": 0.9618192911148071, "no person": 0.9591341018676758, "literature": 0.9590502381324768, "college": 0.9541635513305664, "book": 0.9471583962440491, "strategy": 0.9425333142280579, "study": 0.9279364943504333, "motivation": 0.9208271503448486, "management": 0.9128462672233582, "internet": 0.9007973670959473, "leadership": 0.8998653888702393, "progress": 0.896359384059906}