{"no person": 0.9900665283203125, "graphic design": 0.9807705283164978, "paper": 0.9788355827331543, "retro": 0.9720608592033386, "design": 0.9651615619659424, "vector": 0.9576417207717896, "flat": 0.9221245050430298, "illustration": 0.9217223525047302, "business": 0.9081788063049316, "identity": 0.9005275964736938, "contemporary": 0.8995810151100159, "disjunct": 0.8982043266296387, "facts": 0.8790421485900879, "typography": 0.8781643509864807, "banner": 0.8697744011878967, "old": 0.8631911277770996, "template": 0.8563532829284668, "art": 0.8523155450820923, "simplicity": 0.8334278464317322, "isolated": 0.8326716423034668}