{"illustration": 0.9451735615730286, "graph": 0.9332419037818909, "diagram": 0.9237970113754272, "vector": 0.9203394651412964, "facts": 0.8998083472251892, "progress": 0.8949618339538574, "business": 0.8943586349487305, "design": 0.8836053609848022, "text": 0.8734291195869446, "presentation": 0.8669325113296509, "education": 0.8607509136199951, "stripe": 0.8588495850563049, "graphic": 0.8584019541740417, "template": 0.830651044845581, "card": 0.8148493766784668, "science": 0.8141695857048035, "desktop": 0.81214439868927, "abstract": 0.8115988969802856, "picture frame": 0.8077624440193176, "writing": 0.8021915555000305}