{"recreation": 0.9798668622970581, "movie": 0.9558762907981873, "dinner jacket": 0.9498663544654846, "actor": 0.9208775758743286, "actress": 0.9158598780632019, "editorial": 0.9057125449180603, "festival": 0.9037973880767822, "red carpet": 0.8995707631111145, "business": 0.8886787295341492, "contemporary": 0.8761990666389465, "achievement": 0.863523542881012, "gala": 0.8532867431640625, "film festival": 0.8522024750709534, "promotion": 0.8513098359107971, "presentation": 0.8400082588195801, "ceremony": 0.836376428604126, "award": 0.8219780325889587, "fashion": 0.820637583732605, "hotel": 0.7990933656692505, "formal": 0.7793703675270081}