{"agriculture": 0.9956544637680054, "crop": 0.9935584664344788, "farm": 0.9935446977615356, "machine": 0.9889219999313354, "tractor": 0.9885579347610474, "cereal": 0.9866145253181458, "straw": 0.9843749403953552, "rural": 0.981534481048584, "field": 0.9803969860076904, "pasture": 0.9794616103172302, "machinery": 0.9776629209518433, "corn": 0.9756346344947815, "wheat": 0.971275806427002, "soil": 0.9706816077232361, "rye": 0.9480785131454468, "agronomy": 0.9387620687484741, "food": 0.934273362159729, "countryside": 0.9291669130325317, "hay": 0.9289197325706482, "country": 0.9288406372070312}