{"corn": 0.9992744326591492, "food": 0.9961877465248108, "corncob": 0.9923579096794128, "no person": 0.9909173846244812, "cereal": 0.9836561679840088, "grow": 0.9794354438781738, "meat": 0.9761837720870972, "popcorn": 0.9713596105575562, "gold": 0.9704795479774475, "fall": 0.968752384185791, "outdoors": 0.967617392539978, "hazelnut": 0.967538595199585, "pasture": 0.9664741158485413, "vegetable": 0.9636441469192505, "agriculture": 0.9629731178283691, "farm": 0.9544298648834229, "summer": 0.9505466222763062, "crop": 0.9406733512878418, "straw": 0.936707615852356, "nutrition": 0.9350242018699646}