{"tractor": 0.9882832169532776, "agriculture": 0.9880180358886719, "machinery": 0.9829529523849487, "farm": 0.9825426340103149, "machine": 0.9695723652839661, "field": 0.9683502316474915, "straw": 0.9558535218238831, "rural": 0.954679012298584, "crop": 0.9461360573768616, "industry": 0.9383519291877747, "summer": 0.9355251789093018, "wheat": 0.9246016144752502, "outdoors": 0.9142985939979553, "pasture": 0.9095522165298462, "transportation system": 0.9068326354026794, "equipment": 0.8965308666229248, "soil": 0.8954516649246216, "sky": 0.8904708623886108, "corn": 0.8904533982276917, "countryside": 0.8802792429924011}