{"leaf": 0.9891741275787354, "grass": 0.9745645523071289, "nature": 0.9706555604934692, "lawn": 0.9649580717086792, "flora": 0.95806485414505, "growth": 0.9577420949935913, "no person": 0.9444665908813477, "freshness": 0.9310564398765564, "lush": 0.9309530258178711, "summer": 0.930122435092926, "wet": 0.929809033870697, "garden": 0.9072304964065552, "ecology": 0.9034944176673889, "environment": 0.8860391974449158, "desktop": 0.8794347643852234, "soil": 0.8518238663673401, "dew": 0.849221408367157, "bright": 0.8485811352729797, "rain": 0.8450955748558044, "clean": 0.831352949142456}