{"illustration": 0.9956490397453308, "vector": 0.9867841005325317, "sketch": 0.9780268669128418, "insect": 0.9751437902450562, "eerie": 0.9722900986671448, "horror": 0.9719645380973816, "animal": 0.9650031328201294, "nature": 0.9646901488304138, "no person": 0.9629652500152588, "danger": 0.962742805480957, "Halloween": 0.9627400040626526, "wildlife": 0.962400496006012, "vicious": 0.9567395448684692, "skittish": 0.9513874650001526, "aggressive disposition": 0.9425855278968811, "graphic design": 0.9172799587249756, "fright": 0.9115942716598511, "furious": 0.9034498929977417, "aggression": 0.9028384685516357, "bizarre": 0.8958243131637573}