{"food": 0.9912069439888, "market": 0.9850934743881226, "healthy": 0.9627938270568848, "group": 0.9560866951942444, "pasture": 0.9550208449363708, "dry": 0.9530377984046936, "seed": 0.9520457983016968, "health": 0.9483489394187927, "cereal": 0.935947597026825, "stall": 0.9257709980010986, "basket": 0.9257598519325256, "vegetable": 0.9221293330192566, "many": 0.9191756248474121, "farming": 0.9070454239845276, "stock": 0.8894506096839905, "batch": 0.8861900568008423, "desktop": 0.8856773376464844, "nutrition": 0.8821433186531067, "diet": 0.8804339170455933, "sale": 0.8701033592224121}