{"agriculture": 0.9975348711013794, "farm": 0.994568943977356, "cropland": 0.993813157081604, "tractor": 0.9925825595855713, "machine": 0.9880964756011963, "field": 0.9865759611129761, "crop": 0.9835891723632812, "no person": 0.9795603156089783, "rural": 0.9747797846794128, "landscape": 0.9721696376800537, "countryside": 0.9656850695610046, "machinery": 0.9651967287063599, "industry": 0.9559060335159302, "vehicle": 0.9537640810012817, "outdoors": 0.952568531036377, "pasture": 0.9460296034812927, "nature": 0.9416232705116272, "soil": 0.9341668486595154, "grass": 0.9325767159461975, "farmland": 0.9238017797470093}