{"sketch": 0.9901390075683594, "illustration": 0.9813077449798584, "character": 0.9602057337760925, "child": 0.9585999250411987, "vector": 0.9513053894042969, "cute": 0.9411729574203491, "fun": 0.9372667670249939, "funny": 0.9280639886856079, "man": 0.8846004605293274, "graphic": 0.8809973001480103, "amusing": 0.8767092227935791, "smile": 0.8384071588516235, "son": 0.8077003955841064, "art": 0.7954022288322449, "humor": 0.7916646003723145, "woman": 0.7711387872695923, "isolated": 0.7639345526695251, "animal": 0.762457013130188, "love": 0.7614986300468445, "vectors": 0.7492740154266357}