{"illustration": 0.9787231683731079, "flower": 0.9614094495773315, "art": 0.9594199657440186, "painting": 0.9522165656089783, "color": 0.9366492033004761, "leaf": 0.9358657002449036, "watercolor": 0.9249727129936218, "nature": 0.9219163060188293, "beautiful": 0.9180469512939453, "summer": 0.9177097082138062, "woman": 0.9159069061279297, "desktop": 0.9112772941589355, "bright": 0.9068014621734619, "artistic": 0.906609058380127, "bouquet": 0.9031619429588318, "retro": 0.8924223780632019, "paper": 0.8908440470695496, "girl": 0.8836668729782104, "decoration": 0.8781809210777283, "flora": 0.8778722882270813}