{"agriculture": 0.9982967972755432, "farm": 0.9932807087898254, "rural": 0.9857909679412842, "cropland": 0.9819214344024658, "field": 0.9801400303840637, "vineyard": 0.9792122840881348, "soil": 0.9750619530677795, "pasture": 0.9739934206008911, "crop": 0.9715396761894226, "countryside": 0.9715390205383301, "no person": 0.9697919487953186, "farmland": 0.9685823321342468, "nature": 0.9610691070556641, "wine": 0.9604805707931519, "growth": 0.9564576745033264, "tractor": 0.943051815032959, "viticulture": 0.9398743510246277, "landscape": 0.9184181094169617, "industry": 0.9105003476142883, "summer": 0.9093772768974304}