{"agriculture": 0.9920181632041931, "farm": 0.9890940189361572, "cropland": 0.9882040023803711, "field": 0.9514302015304565, "tractor": 0.9392896294593811, "no person": 0.9343019723892212, "crop": 0.9300798773765564, "pasture": 0.9208981990814209, "soil": 0.918931245803833, "landscape": 0.9067919254302979, "growth": 0.9053672552108765, "grow": 0.8768487572669983, "farmland": 0.8641841411590576, "outdoors": 0.8456034660339355, "rural": 0.822992205619812, "plow": 0.8136804103851318, "nature": 0.7978370785713196, "farming": 0.7891305088996887, "food": 0.7886195182800293, "countryside": 0.7834138870239258}