{"nature": 0.9849105477333069, "summer": 0.9786714315414429, "field": 0.960034966468811, "outdoors": 0.9564895033836365, "lid": 0.944158136844635, "grass": 0.9371127486228943, "agriculture": 0.9355581402778625, "farm": 0.9326679110527039, "outside": 0.9186692833900452, "farming": 0.9137049317359924, "pasture": 0.9123208522796631, "person": 0.9073175191879272, "rural": 0.9007097482681274, "countryside": 0.8914763331413269, "flora": 0.8874693512916565, "young": 0.8778956532478333, "lifestyle": 0.8689219355583191, "leisure": 0.8626933097839355, "agriculturist": 0.8573156595230103, "growth": 0.857184648513794}