{"corn": 0.9984550476074219, "corncob": 0.988314151763916, "desktop": 0.9697403311729431, "hazelnut": 0.9677168726921082, "nutrition": 0.9651956558227539, "pasture": 0.9650592803955078, "food": 0.9625023007392883, "straw": 0.9551961421966553, "cereal": 0.9512029886245728, "vegetable": 0.9488522410392761, "agriculture": 0.9482300281524658, "closeup": 0.9405076503753662, "no person": 0.9398122429847717, "health": 0.9261789917945862, "healthy": 0.9098478555679321, "crop": 0.9023960828781128, "gold": 0.8999000191688538, "meat": 0.8969396948814392, "pattern": 0.8875244855880737, "color": 0.8523657917976379}