{"illustration": 0.9605302810668945, "text": 0.9544590711593628, "calligraphy": 0.9536867737770081, "scribble": 0.949042558670044, "paper": 0.9459618330001831, "handwriting": 0.9421715140342712, "vector": 0.9297963976860046, "letter": 0.927328884601593, "sign": 0.9254926443099976, "art": 0.9128222465515137, "picture frame": 0.910920262336731, "desktop": 0.9105837345123291, "design": 0.9076564311981201, "graphic": 0.8920875787734985, "business": 0.8857599496841431, "chalk out": 0.8781508207321167, "card": 0.8763224482536316, "disjunct": 0.8495556116104126, "document": 0.8449838161468506, "handwritten": 0.8426680564880371}