{"no person": 0.9853803515434265, "sketch": 0.9728307723999023, "child": 0.9675918221473694, "illustration": 0.9611586332321167, "wood": 0.9570683240890503, "fun": 0.9519177675247192, "toy": 0.9438953995704651, "isolated": 0.943331241607666, "cute": 0.9350041747093201, "little": 0.9193877577781677, "funny": 0.9192731976509094, "man": 0.8942802548408508, "traditional": 0.8884188532829285, "family": 0.8866742849349976, "art": 0.8851902484893799, "weed": 0.8622996807098389, "fiction": 0.8585283756256104, "vector": 0.8446006774902344, "entertainment": 0.842251718044281, "gentleman": 0.8284645080566406}