{"business": 0.9996331930160522, "wealth": 0.9992928504943848, "paper": 0.9992245435714722, "currency": 0.9991874098777771, "money": 0.9990731477737427, "finance": 0.9986680746078491, "savings": 0.9981309771537781, "dollar": 0.9974712133407593, "achievement": 0.9933421015739441, "cash": 0.9880023002624512, "financial": 0.9875884652137756, "bank": 0.9862735867500305, "pay": 0.9855415225028992, "investment": 0.9819943308830261, "abundance": 0.9737546443939209, "greed": 0.9642096161842346, "stacks": 0.9616920351982117, "century": 0.9610565304756165, "number": 0.9498676657676697, "gain": 0.9487238526344299}