{"illustration": 0.9606956243515015, "abstract": 0.9588428139686584, "text": 0.9576865434646606, "no person": 0.9570143818855286, "business": 0.9534881114959717, "internet": 0.9422774314880371, "graphic": 0.9414253234863281, "desktop": 0.9390379190444946, "technology": 0.9154149293899536, "design": 0.9104259014129639, "vector": 0.9103286862373352, "creativity": 0.9093170762062073, "winter": 0.9032520055770874, "Christmas": 0.9025498628616333, "element": 0.8994742035865784, "graphic design": 0.8993774056434631, "conceptual": 0.8959644436836243, "bright": 0.8931658864021301, "horizontal": 0.8791232109069824, "facts": 0.870485246181488}