{"chalk": 0.999778687953949, "chalkboard": 0.999625563621521, "handwriting": 0.995435893535614, "education": 0.9952288866043091, "school": 0.9941847920417786, "classroom": 0.9922978281974792, "class": 0.9889035820960999, "writing": 0.9857252836227417, "display": 0.9853368401527405, "text": 0.9788520336151123, "mathematics": 0.9714090824127197, "baptismal font": 0.9705896377563477, "elementary": 0.9591641426086426, "teacher": 0.9580305814743042, "lesson": 0.9466478228569031, "handwritten": 0.9441642165184021, "study": 0.9437248706817627, "slate tablet": 0.9365324378013611, "alphabet": 0.9222236275672913, "language": 0.9170522689819336}