{"business": 0.9905791878700256, "money": 0.9821717143058777, "airplane": 0.9488367438316345, "airport": 0.9372877478599548, "no person": 0.9319368600845337, "bank": 0.9315065741539001, "security": 0.9251300096511841, "finance": 0.9230541586875916, "identity": 0.9211689829826355, "signalise": 0.9188202023506165, "shopping": 0.9155728816986084, "vehicle": 0.9083963632583618, "paper": 0.9067774415016174, "drag race": 0.8876861333847046, "offense": 0.8854517936706543, "currency": 0.8736161589622498, "visa": 0.8736045956611633, "commerce": 0.8658724427223206, "passport": 0.8624563813209534, "accident": 0.8505716323852539}