{"agriculture": 0.9987019300460815, "corn": 0.9984062314033508, "farm": 0.9964711666107178, "cereal": 0.9958382844924927, "field": 0.992456316947937, "pasture": 0.9881474375724792, "growth": 0.9879623055458069, "crop": 0.986831545829773, "rural": 0.9860596060752869, "food": 0.9837794899940491, "no person": 0.9814205765724182, "leaf": 0.9792996048927307, "flora": 0.9740279316902161, "countryside": 0.9720497727394104, "cornfield": 0.9698561429977417, "country": 0.9683935046195984, "summer": 0.9629426002502441, "landscape": 0.959103524684906, "farmland": 0.9570128321647644, "grow": 0.9529626369476318}