{"education": 0.9924547672271729, "indoors": 0.9914076924324036, "woman": 0.9879345893859863, "child": 0.9857994318008423, "classroom": 0.9835723042488098, "sitting": 0.9788691401481628, "adult": 0.9752018451690674, "facial expression": 0.9747547507286072, "school": 0.971768856048584, "adolescent": 0.9685596823692322, "desk": 0.9663875102996826, "homework": 0.9655427932739258, "group": 0.9600870609283447, "togetherness": 0.9567923545837402, "writing": 0.9448374509811401, "concentration": 0.9448025226593018, "furniture": 0.9443291425704956, "class": 0.9443143606185913, "room": 0.9397066235542297, "student": 0.938328206539154}