{"lingerie": 0.9959321618080139, "girl": 0.9957613348960876, "love": 0.994192898273468, "nude": 0.9909898042678833, "woman": 0.9901615381240845, "glamour": 0.9846663475036621, "fashion": 0.983600914478302, "sexy": 0.980113685131073, "model": 0.9788084626197815, "portrait": 0.9755319356918335, "erotic": 0.974384069442749, "couple": 0.9736546277999878, "togetherness": 0.9672159552574158, "studio": 0.9670722484588623, "beautiful": 0.9533568620681763, "arouse": 0.9530171155929565, "friendship": 0.9506775736808777, "desire": 0.9438439011573792, "monochrome": 0.9312062859535217, "underwear": 0.927508533000946}