{"no person": 0.9685947895050049, "graphic design": 0.9684967994689941, "illustration": 0.9374967813491821, "technology": 0.9343719482421875, "vectors": 0.925037145614624, "internet": 0.923440158367157, "business": 0.9225847125053406, "isolated": 0.9105998873710632, "facts": 0.8999267816543579, "designing": 0.8935710191726685, "data": 0.8768872022628784, "electronics": 0.8754836916923523, "connection": 0.8699392080307007, "glazed": 0.858200192451477, "science": 0.8579515814781189, "service": 0.8366506099700928, "order": 0.826416552066803, "security": 0.8250949382781982, "communication": 0.815514087677002, "equipment": 0.8153035640716553}