{"squad": 0.980811357498169, "model": 0.9807704091072083, "woman": 0.9778533577919006, "fashion": 0.9665565490722656, "group together": 0.9638351202011108, "young": 0.9518077373504639, "body": 0.9484653472900391, "isolated": 0.9446719884872437, "teamwork": 0.931559145450592, "sexy": 0.9304483532905579, "figure": 0.9159286022186279, "girl": 0.9142144918441772, "group": 0.9106385111808777, "student": 0.9093132019042969, "exercise": 0.9046100378036499, "active": 0.8958114981651306, "fashionable": 0.8843075037002563, "fitness": 0.8793028593063354, "attractive": 0.873898983001709, "style": 0.8694515824317932}