{"template": 0.9976898431777954, "layout": 0.9954879879951477, "presentation": 0.9923101663589478, "page": 0.9902737736701965, "form": 0.9902271032333374, "navigation": 0.9892498254776001, "label": 0.987923800945282, "banner": 0.9828358292579651, "World Wide Web": 0.9821985363960266, "stripe": 0.9788600206375122, "restaurant check": 0.9784582257270813, "steps": 0.9775813817977905, "booklet": 0.9649773836135864, "information": 0.9648552536964417, "site": 0.9604762196540833, "stepping": 0.9589400291442871, "menu (food)": 0.9588624238967896, "number": 0.9575844407081604, "option (finance)": 0.9566972851753235, "variant": 0.9528288245201111}