{"cloud": 0.9859341979026794, "horizontal plane": 0.9836358428001404, "outdoors": 0.9817265868186951, "horizontal": 0.9508500099182129, "dusk": 0.9492096304893494, "sky": 0.9251934885978699, "nature": 0.9132355451583862, "abstract": 0.9122281074523926, "illuminated": 0.906096875667572, "sunset": 0.8683496713638306, "silhouette": 0.8654473423957825, "landscape": 0.8548176884651184, "illustration": 0.8417664170265198, "sea": 0.8369861245155334, "business": 0.8362782001495361, "text": 0.8251968622207642, "quiet": 0.8251357674598694, "vertical": 0.7640914916992188, "light": 0.7542195916175842, "pattern": 0.7462986707687378}