{"sky": 0.9871054887771606, "no person": 0.9852787256240845, "architecture": 0.9719676971435547, "old": 0.9565963745117188, "outdoors": 0.9380834698677063, "travel": 0.9267840385437012, "silo": 0.8975668549537659, "industry": 0.8645870089530945, "building": 0.8577591180801392, "tower": 0.8502675890922546, "nature": 0.843610942363739, "blue sky": 0.8420586585998535, "sun": 0.8337281942367554, "summer": 0.8269782662391663, "technology": 0.7922912836074829, "pollution": 0.7872763872146606, "steel": 0.7582472562789917, "abandoned": 0.7476220726966858, "tank": 0.7466843128204346, "museum": 0.7249912023544312}