{"no person": 0.9911051392555237, "growth": 0.9850279092788696, "leaf": 0.9787589311599731, "nature": 0.9609314799308777, "outdoors": 0.935958206653595, "ecology": 0.9285524487495422, "health": 0.9205648899078369, "flora": 0.9150810837745667, "ball-shaped": 0.8952690362930298, "ingredients": 0.8922538161277771, "business": 0.8826377987861633, "food": 0.8803257346153259, "grass": 0.8698930144309998, "cooking": 0.8650538325309753, "wood": 0.8647626042366028, "broccoli": 0.8644698262214661, "conceptual": 0.8599927425384521, "research": 0.856437087059021, "discovery": 0.8510686159133911, "glass items": 0.8417178988456726}