{"landscape": 0.9963403940200806, "agriculture": 0.9909551739692688, "field": 0.9907243847846985, "cropland": 0.9900797605514526, "nature": 0.9803664088249207, "rural": 0.979274332523346, "farm": 0.9747396111488342, "countryside": 0.9731503129005432, "sky": 0.9709611535072327, "no person": 0.9700769782066345, "soil": 0.950191855430603, "pasture": 0.9497660398483276, "country": 0.9495261907577515, "summer": 0.9442965984344482, "farmland": 0.9365047216415405, "grass": 0.9346464276313782, "sun": 0.9327095746994019, "outdoors": 0.9288786053657532, "horizon": 0.9281212687492371, "vineyard": 0.9255856871604919}