{"indoors": 0.9882615208625793, "technology": 0.9797446727752686, "business": 0.9671904444694519, "woman": 0.9670233130455017, "research": 0.9555873274803162, "industry": 0.9448035955429077, "blur": 0.9347137212753296, "production": 0.9324790835380554, "adult": 0.9202319383621216, "down to a science": 0.9175126552581787, "healthcare": 0.9051692485809326, "contemporary": 0.8958237171173096, "connection": 0.8941076993942261, "room": 0.8928785920143127, "access": 0.8917111754417419, "no person": 0.8870285749435425, "machinery": 0.885369062423706, "man": 0.8836919069290161, "merchandise": 0.8835030794143677, "science": 0.8834495544433594}