{"corncob": 0.9877550005912781, "corn": 0.982765257358551, "vertical": 0.9812796115875244, "horizontal": 0.9769697189331055, "outdoors": 0.9758148789405823, "flora": 0.973829448223114, "freshness": 0.9735756516456604, "nature": 0.9721149206161499, "growth": 0.964414119720459, "vegetable": 0.9526687264442444, "food": 0.9508658647537231, "leaf": 0.9266323447227478, "husk": 0.9263784885406494, "agriculture": 0.8946689963340759, "crop": 0.89435213804245, "summer": 0.8803954124450684, "indoors": 0.8790927529335022, "square": 0.8724039196968079, "bright": 0.8507878184318542, "straw": 0.8314698934555054}