{"house": 0.9960154891014099, "no person": 0.9934256076812744, "home": 0.9900550842285156, "bungalow": 0.9865069389343262, "landscape": 0.9836604595184326, "wood": 0.9815322160720825, "tree": 0.9779911041259766, "barn": 0.9671656489372253, "farm": 0.9633356928825378, "outdoors": 0.9618043899536133, "mountain": 0.9596275091171265, "farmhouse": 0.9557747840881348, "daylight": 0.9511879086494446, "summer": 0.9468259215354919, "grass": 0.9467628002166748, "nature": 0.9407570362091064, "travel": 0.9407501816749573, "building": 0.9360597729682922, "architecture": 0.9355674982070923, "family": 0.933984100818634}