{"art": 0.995134174823761, "sketch": 0.9884815216064453, "illustration": 0.9868822693824768, "chalk out": 0.9760057926177979, "scribble": 0.9658111929893494, "visuals": 0.9515191316604614, "funny": 0.9501252174377441, "character": 0.9487190246582031, "cute": 0.9343136548995972, "far-out": 0.9300907254219055, "retro": 0.9287791848182678, "line": 0.927955150604248, "vector": 0.9204347133636475, "design": 0.894794225692749, "crazy": 0.886443555355072, "cheerful": 0.8816487789154053, "simple": 0.874707818031311, "clip": 0.8678908944129944, "hand": 0.8554720878601074, "row of words": 0.8408973813056946}