{"grass": 0.9908156394958496, "nature": 0.9889477491378784, "summer": 0.9875989556312561, "wheat": 0.968565046787262, "field": 0.966308057308197, "leisure": 0.9583486914634705, "freedom": 0.9244015216827393, "outdoors": 0.9216095209121704, "pasture": 0.9125872850418091, "hayfield": 0.9097458124160767, "rural": 0.9053524136543274, "relaxation": 0.9048961400985718, "countryside": 0.9047826528549194, "love": 0.8981510996818542, "man": 0.8879796862602234, "joy": 0.8674386739730835, "cereal": 0.8466952443122864, "fun": 0.8463358283042908, "woman": 0.8413084745407104, "happiness": 0.8338360786437988}