{"farm": 0.9958997368812561, "agriculture": 0.9957615733146667, "soil": 0.9893745183944702, "food": 0.981387734413147, "grow": 0.974247395992279, "machine": 0.972266435623169, "tractor": 0.9714856743812561, "no person": 0.9626047015190125, "industry": 0.9446865916252136, "pasture": 0.9378854632377625, "ball-shaped": 0.917646050453186, "greenhouse": 0.9145330190658569, "leaf": 0.9113441705703735, "delve": 0.891688883304596, "plow": 0.8848743438720703, "vehicle": 0.8762547969818115, "vegetable": 0.8762089610099792, "outdoors": 0.8738987445831299, "flora": 0.871936559677124, "horticulture": 0.8712992072105408}