{"stripe": 0.9840617775917053, "illustration": 0.98005211353302, "graph": 0.9692092537879944, "vector": 0.9670995473861694, "design": 0.9554954767227173, "growth": 0.9533663988113403, "business": 0.9524735808372498, "progress": 0.9350861310958862, "vectors": 0.9138063788414001, "diagram": 0.9120988845825195, "data": 0.8969172835350037, "desktop": 0.8933044075965881, "graphic": 0.888303816318512, "paper": 0.882067859172821, "no person": 0.8812881112098694, "template": 0.8688219785690308, "improvement": 0.856768012046814, "finance": 0.8525727987289429, "horizontal": 0.8389355540275574, "office": 0.8373582363128662}