{"indoors": 0.9983200430870056, "trading floor": 0.9929080009460449, "room": 0.9899262189865112, "inside": 0.9896101951599121, "modern": 0.988473117351532, "ceiling": 0.9879752993583679, "hallway": 0.9723955988883972, "empty": 0.963570773601532, "absence": 0.9560559391975403, "window": 0.9527513384819031, "furniture": 0.9511452317237854, "lobby": 0.9465487003326416, "contemporary": 0.9363409876823425, "sparse": 0.9330632090568542, "reflection": 0.9315187931060791, "luxury": 0.9200838804244995, "spacious": 0.9136631488800049, "horizontal plane": 0.9104104042053223, "interior design": 0.9018201231956482, "office": 0.8959237933158875}