{"aircraft": 0.9989809393882751, "airplane": 0.9988855719566345, "vehicle": 0.991553008556366, "transportation system": 0.9872992634773254, "aviate": 0.987166702747345, "no person": 0.9853696823120117, "military": 0.984203577041626, "propeller": 0.9704911112785339, "airport": 0.9644008278846741, "biplane": 0.959328830242157, "fast": 0.9446724057197571, "flight": 0.9418700933456421, "helicopter": 0.9297330975532532, "travel": 0.9112150073051453, "precision": 0.9073202013969421, "one": 0.9056046605110168, "side view": 0.875194787979126, "outdoors": 0.8707137703895569, "action": 0.8659772276878357, "motion": 0.8496601581573486}