{"business": 0.9946315288543701, "no person": 0.9926645159721375, "finance": 0.9499015212059021, "outdoors": 0.9290160536766052, "travel": 0.9245761036872864, "glass items": 0.9199441075325012, "building": 0.9189480543136597, "sky": 0.9107705950737, "architecture": 0.9075186848640442, "soccer": 0.8713110089302063, "contemporary": 0.8690452575683594, "solar energy": 0.8685579895973206, "signalise": 0.8580092787742615, "money": 0.8559963703155518, "logo": 0.8541320562362671, "office": 0.8529903888702393, "street": 0.8523337244987488, "technology": 0.8496343493461609, "road": 0.8436753153800964, "city": 0.8367398381233215}