{"currency": 0.998671293258667, "money": 0.9983914494514465, "savings": 0.9962441921234131, "wealth": 0.9960922598838806, "finance": 0.9940804839134216, "business": 0.9940270185470581, "dollar": 0.9938008189201355, "achievement": 0.9926996827125549, "cash": 0.9894694089889526, "paper": 0.979339599609375, "value": 0.9770952463150024, "clothespin": 0.9754462838172913, "inflation": 0.9717003107070923, "bank": 0.9710484743118286, "income": 0.9692027568817139, "investment": 0.967275083065033, "pay": 0.9650193452835083, "laundry": 0.9567432403564453, "debt": 0.9493959546089172, "loan": 0.9450174570083618}