{"presentation": 0.9926993250846863, "layout": 0.9833741188049316, "booklet": 0.9762099385261536, "World Wide Web": 0.9759206771850586, "template": 0.9739797711372375, "page": 0.9732143878936768, "business": 0.9640142321586609, "information": 0.962626576423645, "facts": 0.9605833292007446, "form": 0.9572292566299438, "banner": 0.93645840883255, "option (finance)": 0.9320549964904785, "company": 0.929933488368988, "text": 0.9200183749198914, "promotion": 0.911365807056427, "data": 0.8919674754142761, "arrow": 0.8829702734947205, "navigation": 0.8801600933074951, "steps": 0.8697205781936646, "restaurant check": 0.8654329776763916}