{"savings": 0.9981776475906372, "growth": 0.9980716109275818, "currency": 0.9974439144134521, "money": 0.9947195053100586, "wealth": 0.9918021559715271, "investment": 0.9897039532661438, "finance": 0.988636314868927, "business": 0.9858093857765198, "stacks": 0.9833294153213501, "no person": 0.9832966327667236, "cash": 0.9830136299133301, "bank": 0.9784214496612549, "economy": 0.9689901471138, "change": 0.9665752649307251, "euro": 0.9655800461769104, "achievement": 0.9640233516693115, "financial": 0.9610339999198914, "credit": 0.9498291611671448, "income": 0.9456583261489868, "luck": 0.9438875317573547}