{"no person": 0.9933776259422302, "juicy": 0.9883100986480713, "health": 0.9809042811393738, "food": 0.9763838648796082, "fruit": 0.9741640090942383, "grow": 0.9591609835624695, "vitamin": 0.956989586353302, "nutrition": 0.9566608667373657, "game half": 0.9516832232475281, "leaf": 0.9467994570732117, "ingredients": 0.9466231465339661, "nature": 0.945815920829773, "delicious": 0.9389047622680664, "tropical": 0.9156589508056641, "three": 0.9156282544136047, "round out": 0.9144784808158875, "exotic": 0.9095382690429688, "pasture": 0.9053820967674255, "whole": 0.9044124484062195, "disjunct": 0.8971343636512756}