{"stripe": 0.9645075798034668, "facts": 0.9575698971748352, "template": 0.9540435075759888, "form": 0.953544020652771, "graph": 0.9535074830055237, "number": 0.94981849193573, "layout": 0.9336483478546143, "page": 0.9333921670913696, "navigation": 0.9160899519920349, "arrow": 0.9124242067337036, "World Wide Web": 0.9098207354545593, "label": 0.9039978384971619, "site": 0.8939639329910278, "vectors": 0.8939591646194458, "presentation": 0.887380063533783, "vector": 0.8808367252349854, "data": 0.876517117023468, "banner": 0.874717652797699, "diagram": 0.8700465559959412, "restaurant check": 0.8493981957435608}