{"no person": 0.9894767999649048, "health": 0.9867291450500488, "nutrition": 0.9802688956260681, "milk": 0.9693043231964111, "healthy": 0.9686881899833679, "traditional": 0.9658803343772888, "breakfast": 0.9430726766586304, "ingredients": 0.9390298128128052, "delicious": 0.9332462549209595, "glass": 0.9299349188804626, "food": 0.925994873046875, "bowl": 0.9128630757331848, "yogurt": 0.9125926494598389, "merchandise": 0.8912339806556702, "cream": 0.8911863565444946, "dairy": 0.8837319612503052, "lunch": 0.8660205006599426, "homemade": 0.8641846776008606, "wood": 0.8586756587028503, "kind": 0.847286581993103}