{"broccoli": 0.9980406165122986, "no person": 0.9912444949150085, "food": 0.985916793346405, "vegetable": 0.9843675494194031, "grow": 0.9817835688591003, "leaf": 0.9780471920967102, "nature": 0.9710035920143127, "cabbage": 0.9621061086654663, "health": 0.9422778487205505, "still life": 0.9419835209846497, "garden": 0.9306442141532898, "ingredients": 0.918969988822937, "outdoors": 0.9071639776229858, "flora": 0.8656564354896545, "wood": 0.8650052547454834, "farming": 0.8585332036018372, "market": 0.8567691445350647, "pasture": 0.8384711742401123, "kale": 0.8098287582397461, "freshness": 0.8091942667961121}