{"diagram": 0.998370349407196, "graph": 0.9969741106033325, "progress": 0.9942132830619812, "illustration": 0.9929031729698181, "written report": 0.9901748895645142, "number": 0.9811479449272156, "business": 0.9762225151062012, "finance": 0.97257000207901, "investment": 0.969031810760498, "vectors": 0.9545252919197083, "presentation": 0.9528009295463562, "sign": 0.9488964676856995, "data": 0.9435688257217407, "text": 0.9337568283081055, "education": 0.9333940148353577, "facts": 0.9326755404472351, "achievement": 0.9307609796524048, "improvement": 0.9256696105003357, "strategy": 0.9255284070968628, "procedure": 0.9232879281044006}