{"illustration": 0.989219605922699, "wing": 0.9663131833076477, "vector": 0.9627781510353088, "butterfly": 0.9541228413581848, "sketch": 0.950289785861969, "woman": 0.9477576017379761, "body": 0.9331965446472168, "beautiful": 0.9028357267379761, "graphic": 0.8989817500114441, "biology": 0.8980875015258789, "art": 0.8972887396812439, "fairy": 0.8832195997238159, "design": 0.8806931972503662, "girl": 0.8759180903434753, "cute": 0.8735314607620239, "animal": 0.8678145408630371, "pretty": 0.8626401424407959, "character": 0.8610934615135193, "desktop": 0.8568152189254761, "retro": 0.8516929745674133}