{"no person": 0.996674656867981, "architecture": 0.9912439584732056, "outdoors": 0.9887944459915161, "home": 0.9560428857803345, "building": 0.9559839367866516, "offense": 0.9462961554527283, "house": 0.9425032734870911, "daylight": 0.9368358254432678, "entrance": 0.922870934009552, "business": 0.9203892350196838, "window": 0.9193633794784546, "signal": 0.904864490032196, "soccer": 0.9031985998153687, "travel": 0.898826539516449, "tree": 0.8909785151481628, "hospital": 0.890240490436554, "luxury": 0.8866258263587952, "facade": 0.8850304484367371, "sky": 0.8784948587417603, "stock": 0.8730728626251221}