{"agriculture": 0.9962224960327148, "farm": 0.9928921461105347, "countryside": 0.9914417862892151, "no person": 0.9888486862182617, "rural": 0.9877164959907532, "landscape": 0.9874699115753174, "fall": 0.984534740447998, "hay": 0.9837268590927124, "field": 0.9792470335960388, "outdoors": 0.9773877263069153, "grass": 0.9769381284713745, "pasture": 0.975837767124176, "nature": 0.9701724648475647, "farmland": 0.9653351306915283, "sky": 0.9647107124328613, "house": 0.9642357230186462, "bale": 0.9621652364730835, "summer": 0.960594117641449, "straw": 0.957288384437561, "barn": 0.9506824612617493}