{"warning": 0.9998241066932678, "endanger": 0.999114453792572, "danger": 0.9986585378646851, "traffic": 0.9983313679695129, "triangle": 0.9977310299873352, "caution": 0.9974043965339661, "safety": 0.9971537590026855, "caveat": 0.9943857192993164, "attention": 0.9908177852630615, "mind": 0.987820565700531, "triangular": 0.9829567670822144, "no person": 0.9797303676605225, "dangerous": 0.9792282581329346, "alert": 0.9762218594551086, "road": 0.9647746086120605, "security": 0.9588654041290283, "facts": 0.9528699517250061, "financial security ": 0.9493136405944824, "forbidden": 0.9397515654563904, "zone": 0.9379002451896667}