{"no person": 0.9894949793815613, "astronomy": 0.9643051624298096, "sun": 0.9600350856781006, "outdoors": 0.9593527317047119, "dark": 0.9582779407501221, "nature": 0.9549914002418518, "moon": 0.9493086934089661, "danger": 0.9450031518936157, "sky": 0.9306264519691467, "astrology": 0.9171128869056702, "sunset": 0.9156253933906555, "space": 0.9148895740509033, "Heaven": 0.9148597717285156, "dusk": 0.911571204662323, "bright": 0.9077109694480896, "dawn": 0.9046911001205444, "illustration": 0.8774023652076721, "fantasy": 0.874938428401947, "sunbeam": 0.8664509654045105, "fair weather": 0.8659789562225342}