{"business": 0.9844179153442383, "text": 0.9838501214981079, "cloud": 0.9776039123535156, "conceptual": 0.9713985323905945, "strategy": 0.9603209495544434, "achievement": 0.9453669786453247, "management": 0.9268378019332886, "facts": 0.9241990447044373, "desktop": 0.923976480960846, "creativity": 0.9061421155929565, "designing": 0.9049103856086731, "invention": 0.903538703918457, "research": 0.901447594165802, "internet": 0.9001275300979614, "communication": 0.8993741273880005, "finance": 0.8991357088088989, "squad": 0.8949263095855713, "planning": 0.8909632563591003, "solution": 0.87916100025177, "change": 0.8781707286834717}