{"woman": 0.9841611981391907, "beautiful": 0.970922589302063, "girl": 0.9699406027793884, "desktop": 0.9641180634498596, "sexy": 0.9497077465057373, "style": 0.9395303726196289, "human": 0.9392508268356323, "young": 0.9370172023773193, "fashion": 0.9348641633987427, "person": 0.9334424138069153, "body": 0.9287874102592468, "art": 0.9280701279640198, "glamour": 0.9189231991767883, "light": 0.9161731600761414, "dark": 0.913828432559967, "music": 0.9099785089492798, "model": 0.9078977108001709, "pretty": 0.9052513837814331, "attractive": 0.9002730250358582, "lady": 0.8941884636878967}