{"gloves": 0.9980206489562988, "research": 0.996921718120575, "chemistry": 0.9937055706977844, "laboratory": 0.9931854009628296, "biology": 0.992687463760376, "science": 0.9891486763954163, "equipment": 0.984051525592804, "sterile": 0.9832985997200012, "scientist": 0.9817933440208435, "biochemistry": 0.9816848635673523, "scientific": 0.980649471282959, "analysis": 0.9800297617912292, "medicine": 0.9779661297798157, "healthcare": 0.9775291681289673, "microbiology": 0.9773953557014465, "health": 0.9729384183883667, "test": 0.9727335572242737, "chemical": 0.9712338447570801, "discovery": 0.965153694152832, "science laboratory": 0.963836133480072}