{"girl": 0.985862135887146, "portrait": 0.9856933355331421, "woman": 0.9838998317718506, "fashion": 0.9753908514976501, "beautiful": 0.97467041015625, "model": 0.9732843041419983, "hair": 0.9606440663337708, "insubstantial": 0.9586113691329956, "eye": 0.9554031491279602, "face": 0.9550402164459229, "hot": 0.9337910413742065, "studio": 0.9320893287658691, "smoke": 0.9231594800949097, "sexy": 0.923060953617096, "redhead": 0.915424644947052, "lips": 0.9150412678718567, "dark": 0.9141250252723694, "glamour": 0.9096013307571411, "color": 0.9036221504211426, "fantasy": 0.8985974788665771}