{"kiwi": 0.9911177158355713, "juicy": 0.9910199046134949, "nature": 0.9850652813911438, "fruit": 0.9820306301116943, "tropical": 0.9818453788757324, "exotic": 0.9794247150421143, "health": 0.979211151599884, "food": 0.9772717952728271, "game half": 0.9516893625259399, "nutrition": 0.9500024318695068, "no person": 0.9322652220726013, "confection": 0.929792582988739, "hairy": 0.9235067367553711, "disjunct": 0.9179647564888, "summer": 0.915285587310791, "juice": 0.913466215133667, "vitamin": 0.9024217128753662, "section": 0.9004279971122742, "half": 0.886989176273346, "healthy": 0.8839493989944458}