{"no person": 0.9877336025238037, "health": 0.9864669442176819, "syringe": 0.9839109182357788, "medicine": 0.9785853624343872, "healthcare": 0.9681000113487244, "isolated": 0.9608766436576843, "science": 0.9520154595375061, "food": 0.9495635032653809, "needle": 0.9489734172821045, "plastic": 0.9392879605293274, "injection": 0.9315237402915955, "acute": 0.9069651961326599, "one": 0.8727688193321228, "farming": 0.8547497391700745, "grow": 0.8414764404296875, "vaccination": 0.8333358764648438, "treatment": 0.8158411979675293, "nutrition": 0.8147368431091309, "stranded": 0.8104117512702942, "laboratory": 0.8065341114997864}