{"cereal": 0.9921770691871643, "growth": 0.989296019077301, "leaf": 0.9837861657142639, "wheat": 0.9783303141593933, "no person": 0.9776893854141235, "crop": 0.9717716574668884, "flora": 0.965569019317627, "grass": 0.965182900428772, "rural": 0.9610757231712341, "summer": 0.9585856795310974, "pasture": 0.9533845782279968, "paddy": 0.9499802589416504, "nature": 0.9489374756813049, "farm": 0.9475913047790527, "field": 0.9461255073547363, "sun": 0.9411292672157288, "food": 0.9308879375457764, "fair weather": 0.9261861443519592, "straw": 0.9259402751922607, "agriculture": 0.9246458411216736}