{"education": 0.9879261255264282, "book": 0.985333263874054, "library": 0.9829115867614746, "college": 0.9531500935554504, "bookcase": 0.9463548064231873, "homework": 0.935261070728302, "adolescent": 0.9332317113876343, "knowledge": 0.931447446346283, "school": 0.9277705550193787, "indoors": 0.9217001795768738, "desk": 0.9216939806938171, "research": 0.9053259491920471, "woman": 0.8996440768241882, "sit": 0.8907651305198669, "adult": 0.8902503252029419, "university": 0.8885108828544617, "study": 0.883082389831543, "concentration": 0.873318076133728, "writing": 0.8656784892082214, "table": 0.8651897311210632}