{"grass": 0.9980311989784241, "park": 0.9872922897338867, "summer": 0.9723711609840393, "nature": 0.9715980887413025, "fun": 0.9690994024276733, "child": 0.9690905809402466, "relaxation": 0.9684947729110718, "woman": 0.9680513143539429, "lawn": 0.9649896621704102, "leisure": 0.9614332318305969, "girl": 0.9591406583786011, "outdoors": 0.9578566551208496, "cute": 0.9570447206497192, "joy": 0.9544292092323303, "sit": 0.9443297982215881, "love": 0.9249541163444519, "pretty": 0.9149094223976135, "sitting": 0.8910688757896423, "smile": 0.8832834362983704, "adolescent": 0.8746746182441711}