{"no person": 0.9920384883880615, "architecture": 0.974280059337616, "outdoors": 0.9738499522209167, "travel": 0.963101327419281, "administration": 0.9082990884780884, "traditional": 0.8938481211662292, "city": 0.8822799921035767, "sky": 0.8578530550003052, "building": 0.8412321209907532, "retro": 0.8166847825050354, "unity": 0.7985994219779968, "flag": 0.7865116596221924, "popularity": 0.7741551995277405, "sightseeing": 0.7664726972579956, "tourism": 0.7459449768066406, "art": 0.7400410175323486, "ancient": 0.7385556101799011, "dome": 0.7353888750076294, "legislature": 0.7325780987739563, "old": 0.7263781428337097}