{"no person": 0.9857603907585144, "banana": 0.984319269657135, "health": 0.9785019159317017, "nature": 0.9769548177719116, "fruit": 0.974014937877655, "isolated": 0.9688915610313416, "food": 0.9612187743186951, "tropical": 0.958152711391449, "nutrition": 0.9580758810043335, "disjunct": 0.9477919340133667, "healthy": 0.9410727620124817, "stranded": 0.9195010662078857, "isolate": 0.9183073043823242, "vitamin": 0.9063400626182556, "studio": 0.9054489731788635, "ingredients": 0.9032409191131592, "leaf": 0.8984353542327881, "confection": 0.8961063027381897, "desktop": 0.8891605138778687, "juicy": 0.8846251964569092}