{"wood": 0.9991325736045837, "wooden": 0.9903378486633301, "retro": 0.9844250679016113, "alphabet": 0.9825692176818848, "no person": 0.9744816422462463, "text": 0.9448078870773315, "typography": 0.9411705732345581, "sign": 0.9343776702880859, "achievement": 0.9302109479904175, "design": 0.9243749976158142, "cube": 0.8941119909286499, "love": 0.891727089881897, "vintage": 0.8755553364753723, "education": 0.8754269480705261, "business": 0.8723169565200806, "creativity": 0.8681752681732178, "time": 0.8660739064216614, "desktop": 0.8599928617477417, "panel": 0.8482277989387512, "hardwood": 0.8390319347381592}