{"market": 0.9981716871261597, "kind": 0.9963110089302063, "stall": 0.9943997263908386, "abundance": 0.9888168573379517, "banana": 0.9886507987976074, "supermarket": 0.9880408644676208, "cabbage": 0.9879022836685181, "pimento": 0.9814853668212891, "melon": 0.980299711227417, "watermelon": 0.9798453450202942, "pineapple": 0.9787279963493347, "vegetable": 0.9769922494888306, "health": 0.9757134914398193, "broccoli": 0.9714146852493286, "no person": 0.9706885814666748, "pepper": 0.9689432978630066, "fruit": 0.9684709906578064, "ingredients": 0.962298572063446, "eggplant": 0.9598875641822815, "grapefruit": 0.9572301506996155}