{"tractor": 0.9981353282928467, "machinery": 0.9876697659492493, "machine": 0.9876602292060852, "soil": 0.9872232675552368, "agriculture": 0.9776759147644043, "farmland": 0.9697406888008118, "no person": 0.969512939453125, "rural": 0.9604295492172241, "farm": 0.9596142172813416, "ball-shaped": 0.9553133845329285, "plow": 0.9535032510757446, "ground": 0.9482407569885254, "cropland": 0.9268835783004761, "field": 0.9153721928596497, "countryside": 0.9080685973167419, "outdoors": 0.8959155678749084, "vehicle": 0.8954831957817078, "pasture": 0.8878206610679626, "dust": 0.8656517863273621, "nature": 0.8602070212364197}