{"no person": 0.994793713092804, "ingredients": 0.9915525317192078, "health": 0.9877699017524719, "nutrition": 0.9723731875419617, "disjunct": 0.9679322242736816, "leaf": 0.9464423060417175, "juicy": 0.9457688927650452, "vitamin": 0.9270962476730347, "delicious": 0.9238324165344238, "isolate": 0.922256588935852, "isolated": 0.9178887009620667, "nature": 0.9145379066467285, "food": 0.9091964364051819, "shining": 0.9058547616004944, "tomato": 0.9025622010231018, "cooking": 0.9010695815086365, "balanced diet": 0.8599585294723511, "merchandise": 0.8578392863273621, "glazed": 0.8528776168823242, "taste": 0.8507881760597229}