{"soil": 0.9996235370635986, "growth": 0.9989436268806458, "leaf": 0.996846616268158, "ball-shaped": 0.9951098561286926, "agriculture": 0.9936459064483643, "ground": 0.9923986792564392, "sprout": 0.9834696054458618, "nature": 0.9832951426506042, "no person": 0.9808700680732727, "flora": 0.9800773859024048, "little": 0.9713326096534729, "farmland": 0.9639776945114136, "farm": 0.9601571559906006, "maturation": 0.9544451832771301, "fertility": 0.9474465847015381, "root": 0.9335657358169556, "evolution": 0.9300999045372009, "garden": 0.9097408056259155, "rural": 0.9012977480888367, "outdoors": 0.8995046615600586}