{"no person": 0.995841920375824, "health": 0.9948445558547974, "ingredients": 0.9894894957542419, "juicy": 0.988035261631012, "nutrition": 0.9844256639480591, "farming": 0.9717598557472229, "delicious": 0.9683099985122681, "shining": 0.966163158416748, "vitamin": 0.9564929604530334, "cooking": 0.9535004496574402, "round out": 0.9507657289505005, "nature": 0.9484288096427917, "food": 0.9469658732414246, "tomato": 0.9428701996803284, "disjunct": 0.9402152299880981, "pasture": 0.9399939179420471, "leaf": 0.9248486161231995, "taste": 0.9215049743652344, "balanced diet": 0.9121178388595581, "glazed": 0.8428730368614197}