{"syringe": 0.9927771091461182, "needle": 0.9845300912857056, "medicine": 0.9718331098556519, "injection": 0.9698382019996643, "health": 0.9588152170181274, "treatment": 0.9403618574142456, "vaccination": 0.9359697103500366, "healthcare": 0.9349214434623718, "blood": 0.922335147857666, "isolated": 0.9122129082679749, "medical": 0.9063231348991394, "equipment": 0.8927294611930847, "liquid": 0.8816622495651245, "desktop": 0.8791874647140503, "acute": 0.8767479658126831, "science": 0.8717471361160278, "hypodermic": 0.8620519042015076, "plastic": 0.8610867261886597, "tooling": 0.856833279132843, "care": 0.8494199514389038}