{"currency": 0.9979537725448608, "wealth": 0.9960571527481079, "business": 0.9959790706634521, "paper": 0.9957752823829651, "savings": 0.9942513704299927, "money": 0.9941644072532654, "finance": 0.9930329322814941, "pay": 0.9876207709312439, "achievement": 0.9823799133300781, "investment": 0.9784673452377319, "debt": 0.9753146171569824, "number": 0.9741240739822388, "cash": 0.9690598845481873, "bank": 0.962488055229187, "financial": 0.9560146331787109, "tax": 0.9518613219261169, "abundance": 0.9218668937683105, "batch": 0.9162490367889404, "loan": 0.905559241771698, "economy": 0.9037039875984192}