{"chair": 0.9877744317054749, "indoors": 0.9777102470397949, "no person": 0.9674784541130066, "seat": 0.965081512928009, "furniture": 0.9627962708473206, "table": 0.9567583799362183, "room": 0.9473340511322021, "inside": 0.9367287158966064, "wood": 0.9076346158981323, "classroom": 0.8930090069770813, "architecture": 0.8807787299156189, "empty": 0.8796601295471191, "desk": 0.8685252070426941, "contemporary": 0.855359673500061, "light": 0.853820264339447, "business": 0.8531668782234192, "interior design": 0.8486592769622803, "education": 0.8470480442047119, "lecture": 0.8311519622802734, "shadow": 0.8270176649093628}