{"business": 0.9894770383834839, "telephone": 0.9766169190406799, "World Wide Web": 0.9746128916740417, "number": 0.9633285403251648, "internet": 0.9631195068359375, "finance": 0.9575617909431458, "technology": 0.9555767774581909, "touch": 0.9427249431610107, "currency": 0.9403728246688843, "screen": 0.9374779462814331, "spherical": 0.9198761582374573, "electronics": 0.9186589121818542, "pill": 0.9133099913597107, "wealth": 0.9038665890693665, "data": 0.9030667543411255, "communication": 0.9029465317726135, "connection": 0.9011405110359192, "computer": 0.9002897143363953, "money": 0.8977736234664917, "display": 0.8846846222877502}