{"no person": 0.9630849957466125, "horizontal": 0.9609577655792236, "business": 0.9507070183753967, "diagram": 0.9434934854507446, "disjunct": 0.9318457841873169, "illustration": 0.9313263297080994, "vector": 0.917833685874939, "achievement": 0.914313018321991, "line": 0.9104164242744446, "growth": 0.884520947933197, "graph": 0.8771905303001404, "graphic design": 0.873731255531311, "education": 0.8609461188316345, "research": 0.8504641056060791, "chalk out": 0.8419135212898254, "conceptual": 0.8404811024665833, "data": 0.8386008143424988, "paper": 0.837558388710022, "down to a science": 0.8338466882705688, "writing": 0.8311386704444885}