{"wheat": 0.9985563158988953, "cereal": 0.9963337182998657, "rye": 0.9961025714874268, "bread": 0.9938297867774963, "straw": 0.9901288151741028, "pasture": 0.9894382357597351, "barley": 0.9887064695358276, "crop": 0.9856687784194946, "field": 0.9834929704666138, "corn": 0.982291579246521, "rural": 0.9773151874542236, "seed": 0.9763339757919312, "spike": 0.9698386788368225, "gold": 0.9670247435569763, "agriculture": 0.9623111486434937, "flour": 0.9612980484962463, "farm": 0.9601360559463501, "growth": 0.9545218348503113, "barley cereal": 0.924866259098053, "husk": 0.9212805032730103}