{"classroom": 0.9993209838867188, "education": 0.9975234866142273, "school": 0.9953765869140625, "chalkboard": 0.9935751557350159, "teacher": 0.9909681677818298, "writing": 0.9907447695732117, "mathematics": 0.9872450232505798, "college": 0.9816787838935852, "indoors": 0.9809858202934265, "class": 0.977973997592926, "professor": 0.9757132530212402, "woman": 0.9752674698829651, "university": 0.9687204957008362, "elementary school": 0.9673924446105957, "knowledge": 0.9647709131240845, "chalk": 0.939853847026825, "student": 0.9386282563209534, "sitting": 0.934717059135437, "adult": 0.9315624237060547, "man": 0.9242756962776184}