{"leaf": 0.9883461594581604, "farm": 0.9856546521186829, "agriculture": 0.9856084585189819, "nature": 0.9814372062683105, "flora": 0.9802438020706177, "food": 0.9777542948722839, "flower": 0.958342969417572, "pasture": 0.9545777440071106, "crop": 0.9508655071258545, "growth": 0.9477477073669434, "grow": 0.9373419880867004, "vegetable": 0.9281744956970215, "cereal": 0.9113547801971436, "plantation": 0.9085702300071716, "fruit": 0.9057838916778564, "garden": 0.8998470306396484, "field": 0.8976531028747559, "farming": 0.8958107233047485, "corn": 0.8894269466400146, "color": 0.8722618222236633}