{"architecture": 0.9907441735267639, "house": 0.9878877997398376, "building": 0.9789158701896667, "family": 0.9593963027000427, "outdoors": 0.9584550857543945, "window": 0.9571464657783508, "travel": 0.9509153366088867, "no person": 0.9396425485610962, "town": 0.9385918974876404, "street": 0.9348434209823608, "city": 0.9346452951431274, "design": 0.9324214458465576, "old": 0.9286274909973145, "pattern": 0.9226664304733276, "door": 0.9210704565048218, "facade": 0.9163793325424194, "home": 0.9150566458702087, "horizontal": 0.9135869145393372, "decoration": 0.9080969095230103, "art": 0.9057484269142151}