{"flower": 0.9908124804496765, "garden": 0.9820197224617004, "color": 0.9468634724617004, "flora": 0.9459674954414368, "nature": 0.936892032623291, "light": 0.9345676302909851, "beautiful": 0.9274057149887085, "leaf": 0.9231687188148499, "tree": 0.9211836457252502, "art": 0.9144257307052612, "candle": 0.9137086868286133, "travel": 0.8726565837860107, "landscape": 0.8723915219306946, "stone": 0.8652321100234985, "design": 0.8601199388504028, "Zen": 0.8558209538459778, "illustration": 0.8447034358978271, "desktop": 0.8435184359550476, "water": 0.8428561687469482, "magic": 0.8407905697822571}