{"biology": 0.9585042595863342, "indoors": 0.9470616579055786, "nature": 0.9407193660736084, "research": 0.9385557770729065, "no person": 0.9358019232749939, "gloves": 0.9337145090103149, "woman": 0.9331040382385254, "man": 0.9078752994537354, "chemistry": 0.9048235416412354, "soil": 0.8990368247032166, "science": 0.8935322165489197, "leaf": 0.8855329751968384, "hand": 0.8832430839538574, "health": 0.8769406080245972, "glass": 0.8764063715934753, "medicine": 0.8633275032043457, "H2O": 0.8541714549064636, "detail": 0.8507982492446899, "knife": 0.8462912440299988, "ball-shaped": 0.8396350145339966}