{"nature": 0.9908786416053772, "outdoors": 0.9852697253227234, "grass": 0.9760991930961609, "cloud": 0.9714965224266052, "landscape": 0.9666891098022461, "sky": 0.9659281969070435, "agriculture": 0.9650386571884155, "summer": 0.9572790861129761, "tree": 0.948586642742157, "hill": 0.9266043901443481, "horizontal plane": 0.9207606911659241, "field": 0.913629412651062, "flora": 0.9075443148612976, "fair weather": 0.906921923160553, "growth": 0.9024659991264343, "farm": 0.8872747421264648, "travel": 0.8587928414344788, "idyllic": 0.8403992056846619, "sunny": 0.8375818133354187, "road": 0.8065512180328369}