{"graphic design": 0.9602215886116028, "illustration": 0.9594390988349915, "business": 0.9543287754058838, "progress": 0.9371809363365173, "no person": 0.9051834344863892, "data": 0.8803398609161377, "round": 0.8720892071723938, "facts": 0.8708322048187256, "vector": 0.8686968684196472, "diagram": 0.8619666695594788, "disjunct": 0.8575787544250488, "number": 0.8564265966415405, "paper": 0.8416372537612915, "shape": 0.8366543650627136, "designing": 0.8363800048828125, "graph": 0.8333388566970825, "achievement": 0.8134045004844666, "creativity": 0.7978904843330383, "design": 0.7965354323387146, "growth": 0.7705562114715576}