{"Easter": 0.9948275685310364, "health": 0.9901247024536133, "no person": 0.9883732199668884, "food": 0.9634241461753845, "nutrition": 0.9607477784156799, "delicious": 0.937288224697113, "nature": 0.9206657409667969, "starch": 0.8827217221260071, "cooking": 0.877074122428894, "traditional": 0.8758513331413269, "carbohydrate": 0.8729342222213745, "baking": 0.8604979515075684, "little": 0.8536657691001892, "potato": 0.8517903685569763, "round out": 0.8382943868637085, "summer": 0.8381300568580627, "breakfast": 0.8226439952850342, "ingredients": 0.8149822950363159, "isolated": 0.7923182249069214, "whole": 0.7816194295883179}