{"architecture": 0.9857946634292603, "building": 0.981249988079071, "house": 0.9748756289482117, "wood": 0.9738631844520569, "no person": 0.9681844115257263, "window": 0.9532902240753174, "street": 0.9475680589675903, "wooden": 0.9247332811355591, "sea": 0.9221899509429932, "old": 0.9168130159378052, "outdoors": 0.9147363305091858, "family": 0.9146035313606262, "door": 0.9111151695251465, "abandoned": 0.9106633067131042, "vintage": 0.9029226899147034, "travel": 0.9026322364807129, "facade": 0.8994212746620178, "construction": 0.8967335820198059, "sky": 0.8933258056640625, "urban": 0.8924238085746765}