{"leaf": 0.9995644688606262, "flora": 0.9934972524642944, "growth": 0.992422878742218, "nature": 0.9861850142478943, "garden": 0.9820649027824402, "rain": 0.9653126001358032, "no person": 0.955116868019104, "summer": 0.9359480142593384, "environment": 0.9325995445251465, "ecology": 0.9314265251159668, "freshness": 0.9300811290740967, "lush": 0.9211827516555786, "dew": 0.9080423712730408, "vein": 0.9011414051055908, "outdoors": 0.900473952293396, "drop": 0.8807128071784973, "vegetable": 0.8772516250610352, "moisture": 0.8767179846763611, "closeup": 0.8756136298179626, "bright": 0.871797502040863}