{"business": 0.9878397583961487, "no person": 0.9840429425239563, "paper": 0.9739714860916138, "wealth": 0.9614883661270142, "finance": 0.9348006844520569, "data": 0.930955171585083, "abundance": 0.9094243049621582, "stacks": 0.9048140645027161, "currency": 0.8990061283111572, "money": 0.8882462978363037, "monochrome": 0.879508912563324, "still life": 0.8554577827453613, "education": 0.8541613221168518, "facts": 0.8512219786643982, "dof": 0.842149555683136, "indoors": 0.8337738513946533, "number": 0.828704297542572, "old": 0.8274673223495483, "travel": 0.8225743770599365, "pay": 0.8177827596664429}