{"illustration": 0.9930506944656372, "house": 0.9810851812362671, "city": 0.9720278382301331, "architecture": 0.9712319374084473, "outdoors": 0.971137523651123, "tree": 0.9656498432159424, "vector": 0.9584583640098572, "sky": 0.9369009137153625, "building": 0.9264936447143555, "town": 0.9228205680847168, "street": 0.9160687923431396, "business": 0.903119683265686, "graphic": 0.8944511413574219, "travel": 0.8916207551956177, "apartment": 0.890008807182312, "sketch": 0.8897125720977783, "window": 0.8885908722877502, "landscape": 0.8775922060012817, "image": 0.8733232021331787, "no person": 0.870773434638977}