{"vegetable": 0.9881579279899597, "food": 0.9842861294746399, "freshness": 0.9722745418548584, "tomato": 0.96193927526474, "variation": 0.9574064016342163, "market": 0.9336361885070801, "equipment": 0.9279188513755798, "preparation": 0.9163886308670044, "cooking": 0.8799880743026733, "bottle": 0.8565973043441772, "healthy": 0.8470246195793152, "container": 0.8444720506668091, "business": 0.8399915099143982, "work": 0.8311778903007507, "pepper": 0.8273076415061951, "health": 0.8272050619125366, "industry": 0.8226760625839233, "desktop": 0.7969269752502441, "carrot": 0.7834475636482239, "fruit": 0.7783363461494446}