{"livestock": 0.9883818030357361, "farm": 0.9866069555282593, "barn": 0.9843863844871521, "animal": 0.9776805639266968, "cute": 0.9735418558120728, "agriculture": 0.969363808631897, "young": 0.965149462223053, "piglet": 0.9648951292037964, "domestic": 0.9542714357376099, "little": 0.9537865519523621, "mammal": 0.9497160315513611, "rural": 0.9409952163696289, "portrait": 0.9396336674690247, "funny": 0.9392150640487671, "fence": 0.9380199313163757, "cage": 0.9370294213294983, "no person": 0.9365053176879883, "baby": 0.9243147969245911, "nature": 0.9128277897834778, "cattle": 0.8976902961730957}