{"money": 0.9991449117660522, "currency": 0.9986785054206848, "business": 0.9986240863800049, "wealth": 0.9983693957328796, "paper": 0.9979548454284668, "savings": 0.9955787062644958, "finance": 0.9954961538314819, "achievement": 0.9948681592941284, "financial": 0.9877215027809143, "law": 0.9844610095024109, "cash": 0.9819191694259644, "pay": 0.981899619102478, "dollar": 0.9805101156234741, "bank": 0.9799063801765442, "investment": 0.9770255088806152, "no person": 0.9746116399765015, "legal": 0.9496374130249023, "stacks": 0.939669668674469, "security": 0.9339936375617981, "financial failure": 0.9316570162773132}