{"page": 0.9994339346885681, "text": 0.9878607392311096, "booklet": 0.9858890175819397, "template": 0.9849585294723511, "magazine": 0.9839497208595276, "presentation": 0.9817801117897034, "information": 0.978954017162323, "layout": 0.9776115417480469, "document": 0.9592992663383484, "form": 0.9556658267974854, "paper": 0.954616904258728, "no person": 0.953313410282135, "advertising": 0.9486943483352661, "blank": 0.9468433856964111, "education": 0.937484860420227, "facts": 0.9299172759056091, "catalog": 0.9241402745246887, "business": 0.9177560806274414, "promotion": 0.9161372780799866, "banner": 0.9105587601661682}