{"growth": 0.9952393770217896, "soil": 0.9904866814613342, "ball-shaped": 0.9707238078117371, "agriculture": 0.9338638186454773, "nature": 0.9229522943496704, "fragility": 0.9129936099052429, "flora": 0.8960034251213074, "leaf": 0.8908329606056213, "outdoors": 0.887725830078125, "evolution": 0.8333130478858948, "focus": 0.7781102061271667, "bud": 0.763322651386261, "vertical": 0.7246987223625183, "horizontal": 0.7009719014167786, "little": 0.6976718306541443, "text": 0.6903343796730042, "business": 0.6554471254348755, "sapling": 0.6411181092262268, "environment": 0.6362532377243042, "survival": 0.6149965524673462}