{"no person": 0.9969109892845154, "graphic design": 0.9947561025619507, "contemporary": 0.977622389793396, "illustration": 0.9540612101554871, "bright": 0.9474653601646423, "dark": 0.9468450546264648, "shining": 0.9364477396011353, "interior design": 0.9363549947738647, "business": 0.9127237796783447, "glazed": 0.9040780067443848, "illuminated": 0.9024627804756165, "indoors": 0.8994576334953308, "creativity": 0.8896427750587463, "luxury": 0.8766493797302246, "design": 0.8713726997375488, "sparkling": 0.8564429879188538, "conceptual": 0.8531373143196106, "vector": 0.8302885890007019, "elegant": 0.8234372735023499, "technology": 0.822924792766571}