{"cereal": 0.9951561689376831, "agriculture": 0.9923297762870789, "crop": 0.9904658794403076, "field": 0.9897441267967224, "wheat": 0.9896144270896912, "growth": 0.9876541495323181, "rural": 0.9876235723495483, "corn": 0.9868595600128174, "no person": 0.9861353635787964, "pasture": 0.9856691360473633, "farm": 0.9853920340538025, "countryside": 0.974277675151825, "landscape": 0.9710478782653809, "cropland": 0.9661552309989929, "country": 0.9627662301063538, "nature": 0.9582448601722717, "farmland": 0.95359206199646, "flora": 0.9423505067825317, "outdoors": 0.9346916675567627, "straw": 0.9346707463264465}