{"rodent": 0.9976450800895691, "cute": 0.9964901804924011, "mouse": 0.9909867644309998, "little": 0.9907788038253784, "animal": 0.9878799319267273, "mammal": 0.9856808185577393, "downy": 0.984587550163269, "hair": 0.9838237762451172, "one": 0.9835184812545776, "funny": 0.9825243353843689, "fur": 0.9795871376991272, "pet": 0.9773111939430237, "rat": 0.9732226729393005, "portrait": 0.962274432182312, "domestic": 0.9546985626220703, "hamster": 0.950147807598114, "young": 0.9462907314300537, "mice": 0.9455679655075073, "hairy": 0.9430773258209229, "pest": 0.9416016936302185}