{"lid": 0.9963585734367371, "sketch": 0.9913777112960815, "illustration": 0.9889724850654602, "rancher": 0.9670975208282471, "isolated": 0.9612588286399841, "vector": 0.9582803845405579, "cute": 0.9554044604301453, "funny": 0.9550428986549377, "man": 0.954681932926178, "cap": 0.9524555206298828, "character": 0.9474381804466248, "whimsical": 0.9270094037055969, "fun": 0.9175311923027039, "retro": 0.9079957604408264, "child": 0.90086430311203, "graphic design": 0.8838983178138733, "art": 0.8832739591598511, "little": 0.8742741346359253, "no person": 0.8636282086372375, "cowboy": 0.8512596487998962}