{"agriculture": 0.9977992177009583, "farm": 0.9961191415786743, "soil": 0.9918336868286133, "crop": 0.9873718023300171, "tractor": 0.9845037460327148, "outdoors": 0.9841633439064026, "field": 0.9825337529182434, "growth": 0.9803823232650757, "flora": 0.9717661738395691, "machine": 0.9715150594711304, "food": 0.9674788117408752, "industry": 0.9470618367195129, "agronomy": 0.9371392726898193, "summer": 0.9343159198760986, "machinery": 0.9331324696540833, "nature": 0.9287060499191284, "horizontal plane": 0.9208551049232483, "equipment": 0.9140706062316895, "pasture": 0.9133166670799255, "environment": 0.9099594950675964}