{"health": 0.9986135959625244, "no person": 0.9954602122306824, "ingredients": 0.993872880935669, "nutrition": 0.9837977290153503, "balanced diet": 0.9734299778938293, "vitamin": 0.965000331401825, "farming": 0.9592815041542053, "juicy": 0.956891655921936, "food": 0.9481555223464966, "delicious": 0.9353369474411011, "taste": 0.927802562713623, "cooking": 0.9218645691871643, "leaf": 0.9130569696426392, "nature": 0.910739541053772, "knife": 0.9008181691169739, "tomato": 0.8712509274482727, "kind": 0.8555319309234619, "round out": 0.8538419604301453, "bio": 0.8213489651679993, "pasture": 0.8143678903579712}