{"diagram": 0.9894565939903259, "illustration": 0.9799107313156128, "line": 0.9783268570899963, "graph": 0.9616468548774719, "company": 0.9605686664581299, "World Wide Web": 0.9587879180908203, "business": 0.9583768248558044, "design": 0.9543048739433289, "presentation": 0.947830080986023, "vector": 0.9435166120529175, "desktop": 0.9382380247116089, "progress": 0.9250131845474243, "graphic": 0.9245805144309998, "facts": 0.923175036907196, "data": 0.9212815761566162, "banner": 0.9140701293945312, "pattern": 0.9110864400863647, "abstract": 0.9073261022567749, "stripe": 0.9002341628074646, "layout": 0.8886391520500183}