{"no person": 0.9957088232040405, "outdoors": 0.988903820514679, "road": 0.9841958284378052, "travel": 0.9739365577697754, "signal": 0.9654785990715027, "billboard": 0.9560523629188538, "street": 0.9536222815513611, "sky": 0.9387277364730835, "transportation system": 0.9379087686538696, "storm": 0.9362742304801941, "business": 0.9257575869560242, "daylight": 0.9059417843818665, "text": 0.9034197330474854, "horizontal": 0.8729743957519531, "display": 0.8697357177734375, "information": 0.8597951531410217, "guidance": 0.8529356718063354, "one": 0.8461847901344299, "vehicle": 0.8360616564750671, "calamity": 0.831919252872467}