{"text": 0.98723965883255, "template": 0.9688040614128113, "page": 0.9684852957725525, "no person": 0.9524686932563782, "presentation": 0.9462786912918091, "form": 0.9362491369247437, "layout": 0.9264686107635498, "abstract": 0.9114793539047241, "booklet": 0.9095355272293091, "facts": 0.8964736461639404, "business": 0.8933167457580566, "information": 0.8904733657836914, "sequence": 0.8859968185424805, "donation": 0.8791822195053101, "promotion": 0.8614378571510315, "document": 0.8612571954727173, "World Wide Web": 0.8591515421867371, "steps": 0.8421446681022644, "option (finance)": 0.8277311325073242, "stepping": 0.825900673866272}