{"grass": 0.9969955682754517, "sun": 0.977132260799408, "field": 0.9756835103034973, "growth": 0.9671494960784912, "leaf": 0.9567298293113708, "nature": 0.9557962417602539, "dawn": 0.9498586058616638, "hayfield": 0.9390443563461304, "summer": 0.9319338798522949, "dof": 0.9058505296707153, "landscape": 0.9037059545516968, "weed": 0.8934127688407898, "gras": 0.8919069766998291, "fair weather": 0.891666829586029, "garden": 0.882777214050293, "lawn": 0.8718503713607788, "flora": 0.8681521415710449, "lush": 0.8667675256729126, "farm": 0.8483111262321472, "blade": 0.8382236957550049}