{"nature": 0.9811002016067505, "flora": 0.974536657333374, "leaf": 0.9586710929870605, "growth": 0.9488574862480164, "grass": 0.9423261284828186, "illustration": 0.9396008849143982, "agriculture": 0.9395415186882019, "environment": 0.9363501071929932, "vector": 0.9269193410873413, "outdoors": 0.9242829084396362, "desktop": 0.921079695224762, "ecology": 0.9122073650360107, "business": 0.9042955636978149, "vectors": 0.8892583847045898, "summer": 0.8842925429344177, "pattern": 0.865496814250946, "vertical": 0.8637440800666809, "freshness": 0.8293107748031616, "landscape": 0.8279322385787964, "garden": 0.8215408325195312}