{"indoors": 0.9883205890655518, "woman": 0.9871858954429626, "facial expression": 0.9812584519386292, "man": 0.9795817136764526, "sitting": 0.977229118347168, "furniture": 0.9756048917770386, "togetherness": 0.9755884408950806, "room": 0.9641789793968201, "sit": 0.940500795841217, "cooperation": 0.9380636811256409, "computer": 0.9309922456741333, "adult": 0.9255762696266174, "internet": 0.9203221797943115, "connection": 0.9025987982749939, "teamwork": 0.8992708325386047, "technology": 0.8920917510986328, "family": 0.8919984698295593, "looking": 0.8894907236099243, "multicultural": 0.8566617369651794, "partnership": 0.836657702922821}