{"no person": 0.9959332346916199, "nature": 0.9941124320030212, "sunflower": 0.9924087524414062, "flower": 0.9919680953025818, "summer": 0.9915968775749207, "flora": 0.9909805655479431, "field": 0.9790390133857727, "growth": 0.978683352470398, "bright": 0.9738743305206299, "fair weather": 0.973164975643158, "rural": 0.9651238918304443, "outdoors": 0.9543846845626831, "leaf": 0.9484278559684753, "sun": 0.9477600455284119, "hayfield": 0.9468584060668945, "color": 0.9396708607673645, "petal": 0.938361644744873, "pollen": 0.938162088394165, "floral": 0.9308354258537292, "sunny": 0.9273170232772827}