{"fantasy": 0.9866689443588257, "flame": 0.9824572205543518, "art": 0.9675987362861633, "Halloween": 0.9598758220672607, "illustration": 0.9445798993110657, "graphic": 0.9390947818756104, "lightning": 0.9377629160881042, "monster": 0.9318599700927734, "image": 0.9291365146636963, "scary": 0.9220461249351501, "magic": 0.9174909591674805, "design": 0.91486656665802, "artistic": 0.895007848739624, "moon": 0.8935294151306152, "color": 0.888834536075592, "flower": 0.8846710324287415, "influencer": 0.8808774352073669, "abstract": 0.877909243106842, "horror": 0.873053252696991, "desktop": 0.8709523677825928}