{"no person": 0.9950950145721436, "travel": 0.9462159276008606, "festival": 0.9399003982543945, "retro": 0.9317108988761902, "traditional": 0.9272915720939636, "stock": 0.9208182096481323, "summer": 0.9183390140533447, "vacation": 0.9128577709197998, "shopping": 0.8888660669326782, "business": 0.8823990821838379, "banner": 0.8818963766098022, "label": 0.8794866800308228, "text": 0.8754861354827881, "food": 0.8579615354537964, "merchandise": 0.8571930527687073, "bill": 0.8507533669471741, "outdoors": 0.8500560522079468, "winter": 0.8497664332389832, "beer": 0.844901442527771, "delicious": 0.8380160927772522}