{"no person": 0.965715229511261, "outdoors": 0.9478944540023804, "vehicle": 0.9260513186454773, "nature": 0.9155109524726868, "grass": 0.8974822759628296, "agriculture": 0.8794810175895691, "sky": 0.8594443202018738, "landscape": 0.8473689556121826, "transportation system": 0.8417614102363586, "environment": 0.8101911544799805, "summer": 0.7995485663414001, "industry": 0.79085373878479, "water": 0.7896289229393005, "rain": 0.7576833367347717, "business": 0.741454541683197, "pollution": 0.735765814781189, "horizontal plane": 0.7312398552894592, "horizontal": 0.7281760573387146, "growth": 0.6977731585502625, "travel": 0.6890631318092346}