{"tropical": 0.9942899942398071, "fruit": 0.9932540059089661, "food": 0.9923350214958191, "exotic": 0.9895563721656799, "health": 0.9829435348510742, "half": 0.9813885688781738, "no person": 0.9795308113098145, "freshness": 0.9756739139556885, "healthy": 0.9737291932106018, "nutrition": 0.9683423042297363, "nature": 0.965699315071106, "seed": 0.9648056626319885, "confection": 0.9619452357292175, "grow": 0.9614139795303345, "cut": 0.9541585445404053, "juicy": 0.9421374201774597, "horizontal": 0.9410873651504517, "desktop": 0.9379043579101562, "vegetable": 0.9275557398796082, "diet": 0.9262410998344421}