{"fruit": 0.9960522055625916, "bowl": 0.9955443739891052, "food": 0.9919365644454956, "sweet": 0.9903680086135864, "healthy": 0.9877047538757324, "breakfast": 0.9829409718513489, "corn": 0.9807650446891785, "cereal": 0.9803353548049927, "snowflake": 0.9795815944671631, "berry": 0.9774567484855652, "refreshment": 0.9759909510612488, "spoon": 0.9713414907455444, "nutrition": 0.9713171720504761, "raspberry": 0.9679641723632812, "grow": 0.9663652777671814, "milk": 0.9662144184112549, "dawn": 0.9608316421508789, "cornflakes": 0.9572834372520447, "blueberry": 0.9530738592147827, "diet": 0.9523793458938599}