{"no person": 0.9956119060516357, "dinner": 0.9748537540435791, "lunch": 0.9727346897125244, "food": 0.969232439994812, "delicious": 0.9682692289352417, "fish": 0.954736590385437, "dining": 0.9398074150085449, "sauce": 0.921322762966156, "nutrition": 0.9160811305046082, "ingredients": 0.8972063064575195, "traditional": 0.8855463862419128, "cooking": 0.8708920478820801, "olive oil": 0.8685259222984314, "meal": 0.8670998215675354, "seafood": 0.866008460521698, "breakfast": 0.8653274178504944, "still life": 0.864296555519104, "salmon": 0.8619786500930786, "mustard": 0.8614283204078674, "vegetable": 0.8524300456047058}