{"chalk": 0.9965657591819763, "chalkboard": 0.9897984266281128, "school": 0.9520651698112488, "no person": 0.9489338994026184, "education": 0.9485763907432556, "display": 0.9321141839027405, "text": 0.9196808934211731, "classroom": 0.9184551239013672, "writing": 0.9168545007705688, "slate tablet": 0.9147427082061768, "wood": 0.9091142416000366, "business": 0.9086057543754578, "horizontal": 0.8955522775650024, "desktop": 0.8827964067459106, "communication": 0.8825844526290894, "class": 0.8748766779899597, "empty": 0.8570947051048279, "message": 0.8326148390769958, "blank": 0.82663494348526, "handwriting": 0.8210322260856628}