{"farm": 0.9798218011856079, "agriculture": 0.9684593677520752, "landscape": 0.9643594622612, "tractor": 0.9491675496101379, "no person": 0.9483645558357239, "field": 0.9406127333641052, "machine": 0.9404707551002502, "outdoors": 0.938129723072052, "summer": 0.9367801547050476, "cereal": 0.9311633110046387, "nature": 0.9309425354003906, "pasture": 0.9287421703338623, "wheat": 0.9253648519515991, "food": 0.9230191111564636, "grass": 0.9093709588050842, "crop": 0.9023063778877258, "water": 0.901054859161377, "soil": 0.8923854827880859, "rural": 0.8922767043113708, "wheel": 0.8819991946220398}