{"root": 0.9984338879585266, "market": 0.9974160194396973, "vegetable": 0.9941458702087402, "grow": 0.992026150226593, "no person": 0.9917484521865845, "bunch": 0.9912017583847046, "root vegetable": 0.9900335669517517, "pasture": 0.9898147583007812, "food": 0.9891855716705322, "farming": 0.9814996719360352, "desktop": 0.9594704508781433, "health": 0.958568811416626, "group": 0.9583714604377747, "nature": 0.9472390413284302, "batch": 0.9470281600952148, "provitamin A": 0.9387284517288208, "healthy": 0.9348555207252502, "many": 0.9341079592704773, "nutrition": 0.9311197996139526, "agriculture": 0.9302948117256165}