{"paper": 0.9906733632087708, "page": 0.9796575903892517, "letter": 0.9770286679267883, "document": 0.9721774458885193, "blank": 0.9613690972328186, "texture": 0.9523664116859436, "abstract": 0.9416263103485107, "vintage": 0.941534161567688, "pattern": 0.9406729340553284, "antique": 0.9276905059814453, "old": 0.9263163805007935, "design": 0.9224211573600769, "parchment": 0.9127347469329834, "retro": 0.9106797575950623, "note": 0.8996806740760803, "desktop": 0.8898974061012268, "fabric": 0.8818666934967041, "picture frame": 0.8791701197624207, "text": 0.877225399017334, "empty": 0.876140832901001}