{"retro": 0.9923710823059082, "classic": 0.9766678810119629, "vintage": 0.9692478775978088, "wheel": 0.9688558578491211, "machinery": 0.9665907621383667, "no person": 0.9551902413368225, "antique": 0.9534525275230408, "old": 0.9459007382392883, "isolated": 0.9336718916893005, "power": 0.9295870065689087, "fast": 0.9155794978141785, "engine": 0.8829421401023865, "illustration": 0.8806493878364563, "transportation system": 0.8796931505203247, "design": 0.866359293460846, "equipment": 0.8550523519515991, "nostalgia": 0.8497662544250488, "cart": 0.8471846580505371, "steel": 0.8280918598175049, "art": 0.8160629272460938}