{"telephone": 0.9971513152122498, "no person": 0.9937703013420105, "electronics": 0.9931278228759766, "portable": 0.9916338920593262, "wireless": 0.9914215207099915, "touch": 0.9889545440673828, "technology": 0.9788188934326172, "internet": 0.9676047563552856, "cellular telephone": 0.9650026559829712, "connection": 0.9549880027770996, "screen": 0.9533141851425171, "appliance": 0.9504234194755554, "display": 0.9464207887649536, "contemporary": 0.9342412352561951, "cellular": 0.9334248304367065, "business": 0.9212645888328552, "graphic design": 0.9194134473800659, "machinery": 0.9072734713554382, "spherical": 0.8957428932189941, "access": 0.8805702328681946}