{"health": 0.9870393872261047, "healthcare": 0.9702250957489014, "research": 0.9697352051734924, "apple": 0.9608797430992126, "gloves": 0.9564517736434937, "medicine": 0.9558560252189636, "man": 0.924099862575531, "science": 0.9181902408599854, "woman": 0.9141651391983032, "physician": 0.8995764255523682, "medical": 0.8993486762046814, "surgery": 0.894080638885498, "professional person": 0.8885819315910339, "biology": 0.8852431178092957, "sterile": 0.8719499111175537, "treatment": 0.8660638928413391, "laboratory": 0.8632785677909851, "cure": 0.8441885709762573, "hospital": 0.8377792239189148, "diagnosis": 0.8197242021560669}