{"illustration": 0.9814622402191162, "line": 0.9752547740936279, "design": 0.9666619300842285, "desktop": 0.9640864729881287, "vector": 0.9572350978851318, "disjunct": 0.942503035068512, "banner": 0.9396109580993652, "business": 0.9338328242301941, "picture frame": 0.9310691356658936, "horizontal": 0.9281790256500244, "abstract": 0.9254088401794434, "blank": 0.9252526760101318, "growth": 0.9225515127182007, "graphic": 0.9171870350837708, "art": 0.9138661026954651, "diagram": 0.9129790663719177, "pattern": 0.9014872908592224, "presentation": 0.9007198810577393, "paper": 0.8944247961044312, "no person": 0.8765702247619629}