{"hay": 0.9928295016288757, "straw": 0.9923966526985168, "wheat": 0.9850496649742126, "farm": 0.9715207815170288, "sky": 0.9714341759681702, "countryside": 0.9640591144561768, "no person": 0.9620217084884644, "nature": 0.9612399935722351, "rural": 0.9555929899215698, "windmill": 0.9544815421104431, "wind": 0.9527823328971863, "cereal": 0.938521683216095, "pasture": 0.9372299313545227, "field": 0.929675817489624, "rye": 0.9194737076759338, "sun": 0.9187090396881104, "landscape": 0.9137252569198608, "bale": 0.9135277271270752, "agriculture": 0.9119789004325867, "barley cereal": 0.9047993421554565}