{"farm": 0.9974972605705261, "agriculture": 0.9963024854660034, "food": 0.992715060710907, "field": 0.9889636039733887, "grow": 0.9869133830070496, "flora": 0.9836536049842834, "plantation": 0.9828044176101685, "pasture": 0.979792594909668, "corn": 0.9791876077651978, "growth": 0.9773198366165161, "crop": 0.9772108793258667, "leaf": 0.9769958853721619, "nature": 0.969139039516449, "vegetable": 0.9592949151992798, "maturation": 0.9542337656021118, "cereal": 0.9331029653549194, "rural": 0.9196079969406128, "farming": 0.9015647172927856, "summer": 0.8972951769828796, "outdoors": 0.8932422995567322}