{"wheat": 0.9977070093154907, "cereal": 0.9952278137207031, "rural": 0.9901956915855408, "pasture": 0.989059567451477, "straw": 0.9856228828430176, "bread": 0.9851796627044678, "rye": 0.9844380021095276, "growth": 0.9833592176437378, "corn": 0.9820263981819153, "barley": 0.9790287613868713, "no person": 0.9777466654777527, "farmland": 0.9761249423027039, "sun": 0.9723559617996216, "fair weather": 0.9647712707519531, "countryside": 0.9501281380653381, "crop": 0.9485258460044861, "summer": 0.9396123290061951, "field": 0.9358258247375488, "barley cereal": 0.933994710445404, "nature": 0.9251695871353149}