{"vehicle": 0.9956419467926025, "wheel": 0.9932640790939331, "car": 0.9827106595039368, "tractor": 0.9826985597610474, "transportation system": 0.9805150032043457, "machine": 0.966616690158844, "soil": 0.9578118324279785, "tire": 0.9505593180656433, "machinery": 0.9467377662658691, "engine": 0.9348835349082947, "industry": 0.9200401902198792, "power": 0.9155294299125671, "no person": 0.91231769323349, "speed": 0.8983514308929443, "equipment": 0.89134281873703, "agriculture": 0.8886516094207764, "drive": 0.8736879229545593, "truck": 0.8616235256195068, "farm": 0.8350166082382202, "outdoors": 0.8233354687690735}