{"food": 0.982610285282135, "collage": 0.9771522879600525, "garlic": 0.9736069440841675, "isolate": 0.9715025424957275, "collection": 0.9709824919700623, "health": 0.9667701721191406, "set": 0.9666620492935181, "kind": 0.9552341103553772, "pepper": 0.9530414342880249, "ingredients": 0.9477233290672302, "no person": 0.945686936378479, "cooking": 0.9446912407875061, "leaf": 0.9445863962173462, "paper": 0.9375188946723938, "nature": 0.9346002340316772, "nutrition": 0.9306356310844421, "lemon": 0.9301087260246277, "viral vector": 0.9242667555809021, "healthy": 0.9165850281715393, "bottle": 0.9094253778457642}