{"sky": 0.9926210641860962, "cloud": 0.9837513566017151, "no person": 0.9769942164421082, "outdoors": 0.9734309911727905, "nature": 0.9709852933883667, "landscape": 0.9686399698257446, "storm": 0.9586393237113953, "rain": 0.9470489025115967, "travel": 0.9422712922096252, "summer": 0.9325083494186401, "sun": 0.9224971532821655, "wind": 0.9095397591590881, "weather": 0.9073533415794373, "architecture": 0.90712571144104, "roof": 0.8966267704963684, "countryside": 0.8950060606002808, "rural": 0.8710781335830688, "cloudiness": 0.8456207513809204, "fair weather": 0.8449406623840332, "cloudy": 0.8328117728233337}