{"currency": 0.9986090064048767, "money": 0.9983481168746948, "dollar": 0.9972859621047974, "bank": 0.9962385892868042, "finance": 0.9957675933837891, "cash": 0.9933546781539917, "wealth": 0.9926039576530457, "savings": 0.9909844398498535, "financial": 0.9883495569229126, "century": 0.9847949147224426, "business": 0.9840813875198364, "paper": 0.9755955934524536, "economy": 0.9755319356918335, "achievement": 0.9741842746734619, "investment": 0.9719530344009399, "banknote": 0.9691712856292725, "monetary": 0.9654982686042786, "pay": 0.9614390730857849, "payment": 0.9564382433891296, "commerce": 0.9466639757156372}