{"soil": 0.9822026491165161, "nature": 0.9778698682785034, "agriculture": 0.9668642282485962, "rural": 0.9661341905593872, "farm": 0.9587003588676453, "outdoors": 0.9473044276237488, "landscape": 0.940777599811554, "farming": 0.9342848062515259, "man": 0.9283818602561951, "one": 0.9255619645118713, "countryside": 0.9201603531837463, "growth": 0.9170565605163574, "cropland": 0.913842499256134, "summer": 0.9131559729576111, "grass": 0.9095279574394226, "tractor": 0.9071154594421387, "pasture": 0.9054540395736694, "field": 0.9017045497894287, "ground": 0.8920840620994568, "plow": 0.8910823464393616}