{"no person": 0.9867476224899292, "grass": 0.9769555330276489, "agriculture": 0.969613790512085, "nature": 0.964346170425415, "garden": 0.9622430801391602, "leaf": 0.9620716571807861, "summer": 0.9612815380096436, "pasture": 0.947545051574707, "farm": 0.9425058364868164, "growth": 0.9387940168380737, "outdoors": 0.9376905560493469, "flora": 0.932971715927124, "food": 0.9155508279800415, "water": 0.9135302901268005, "landscape": 0.9127727746963501, "rural": 0.905359148979187, "environment": 0.8955346941947937, "flower": 0.8875911235809326, "wood": 0.8858409523963928, "soil": 0.884046733379364}