{"market": 0.999404788017273, "fruit": 0.9973338842391968, "stall": 0.996931791305542, "banana": 0.9957945346832275, "pineapple": 0.9949617385864258, "abundance": 0.9906432032585144, "basket": 0.9887552261352539, "grow": 0.9882624745368958, "sell": 0.9795615077018738, "food": 0.977432370185852, "melon": 0.9772640466690063, "health": 0.975416898727417, "sale": 0.9725976586341858, "pear": 0.9723453521728516, "kind": 0.9707859754562378, "agriculture": 0.9689027667045593, "healthy": 0.9658141732215881, "supermarket": 0.9656219482421875, "pasture": 0.963869035243988, "watermelon": 0.9637007117271423}