{"vehicle": 0.9984468817710876, "race": 0.9978554844856262, "car": 0.9909203052520752, "competition": 0.9906908273696899, "transportation system": 0.9889854192733765, "championship": 0.9702123403549194, "drive": 0.9662833213806152, "truck": 0.9629233479499817, "action": 0.9581944346427917, "machine": 0.9573768973350525, "engine": 0.9449058771133423, "track": 0.9367835521697998, "fast": 0.9191309809684753, "road": 0.9142937064170837, "power": 0.9103908538818359, "bike": 0.9044877886772156, "hurry": 0.8971221446990967, "driver": 0.891686737537384, "racer": 0.8891858458518982, "wheel": 0.8882571458816528}