{"research": 0.985762357711792, "laboratory": 0.9802411794662476, "chemical": 0.9771941900253296, "chemistry": 0.9768179655075073, "medicine": 0.9761501550674438, "health": 0.9753789305686951, "scientific": 0.9682160019874573, "equipment": 0.9671626687049866, "biology": 0.9658167362213135, "science": 0.9629082083702087, "food": 0.9583100080490112, "science laboratory": 0.9508134722709656, "fruit": 0.9501794576644897, "liquid": 0.9423738718032837, "apple": 0.9392518997192383, "healthy": 0.9389505982398987, "scientist": 0.9343786835670471, "medical": 0.9317790269851685, "healthcare": 0.9267831444740295, "test": 0.9062036871910095}