{"food": 0.9943894743919373, "no person": 0.9873179793357849, "refreshment": 0.9676724076271057, "chip": 0.963528573513031, "tortilla": 0.9520965814590454, "chili": 0.949306309223175, "meal": 0.9486661553382874, "bowl": 0.9416736960411072, "delicious": 0.9362842440605164, "crisp": 0.9339504837989807, "crunchy": 0.9328753352165222, "dip": 0.9300543069839478, "fast": 0.9284164309501648, "traditional": 0.9222678542137146, "unhealthy": 0.9197710156440735, "hot": 0.9177827835083008, "wood": 0.9156150817871094, "salty": 0.9113342761993408, "corn": 0.9099873900413513, "salsa": 0.9092720150947571}