{"tree": 0.9690282344818115, "illustration": 0.9658403992652893, "nature": 0.9595707654953003, "no person": 0.9509033560752869, "outdoors": 0.9500941038131714, "desktop": 0.9427089691162109, "decoration": 0.9405767321586609, "architecture": 0.9346990585327148, "art": 0.9303121566772461, "design": 0.9198049306869507, "vector": 0.9188405275344849, "sky": 0.9169254302978516, "travel": 0.9123557806015015, "landscape": 0.898504912853241, "horizontal": 0.8718252778053284, "grass": 0.8700895309448242, "pattern": 0.8564826846122742, "bright": 0.850350558757782, "celebration": 0.8493048548698425, "color": 0.8376857042312622}