{"nature": 0.9933531284332275, "no person": 0.9669081568717957, "dry": 0.9535986185073853, "flower": 0.9516469240188599, "outdoors": 0.9450395107269287, "grass": 0.9251335859298706, "sky": 0.924298107624054, "field": 0.9182981848716736, "flora": 0.9114506244659424, "summer": 0.9084439873695374, "agriculture": 0.9032101631164551, "landscape": 0.8913060426712036, "bird": 0.8839905261993408, "cactus": 0.8798125386238098, "pasture": 0.8726584315299988, "wildlife": 0.8702643513679504, "rural": 0.8680620789527893, "weed": 0.860082745552063, "food": 0.8505840301513672, "desert": 0.8459635376930237}