{"no person": 0.9961798191070557, "travel": 0.9712834358215332, "outdoors": 0.9701264500617981, "aerial": 0.9597956538200378, "water": 0.9580482244491577, "city": 0.9567773938179016, "tree": 0.9554244875907898, "house": 0.951317548751831, "architecture": 0.940173327922821, "cropland": 0.9386752843856812, "town": 0.9378527402877808, "daylight": 0.9232673645019531, "vehicle": 0.9084309935569763, "transportation system": 0.8912703394889832, "suburb": 0.8865989446640015, "building": 0.8813034892082214, "summer": 0.8759042024612427, "roof": 0.8667864799499512, "road": 0.8659144639968872, "agriculture": 0.8648081421852112}