{"graphic design": 0.9748430252075195, "no person": 0.9518445730209351, "business": 0.9370144605636597, "vector": 0.8645339012145996, "paper": 0.8603388071060181, "text": 0.837212324142456, "illustration": 0.8186600208282471, "company": 0.7969271540641785, "booklet": 0.790049135684967, "internet": 0.7859684228897095, "facts": 0.770021378993988, "retro": 0.7483553886413574, "contemporary": 0.7382882237434387, "identity": 0.7295568585395813, "desktop": 0.7191541194915771, "creativity": 0.7191483378410339, "cover": 0.7172631025314331, "traffic": 0.7166720628738403, "design": 0.7083896994590759, "card": 0.7015671730041504}