{"no person": 0.9708661437034607, "illustration": 0.9676592350006104, "business": 0.9648839235305786, "office": 0.9617288708686829, "flat": 0.9611684083938599, "paper": 0.9586420655250549, "horizontal": 0.9558953642845154, "vector": 0.946657121181488, "vectors": 0.9336450099945068, "electronics": 0.9336162209510803, "equipment": 0.9224309325218201, "contemporary": 0.9217224717140198, "graphic design": 0.9188507795333862, "design": 0.9173632264137268, "technology": 0.9168343544006348, "blank": 0.9155523180961609, "outdoors": 0.9140132665634155, "stripe": 0.9045721888542175, "data": 0.9015798568725586, "picture frame": 0.8957422375679016}