{"animal": 0.982225775718689, "nature": 0.9820402264595032, "milk": 0.9737799763679504, "cow": 0.973752498626709, "grass": 0.9711177349090576, "farm": 0.9604402184486389, "cattle": 0.9593135714530945, "rural": 0.955865204334259, "farmland": 0.9510582089424133, "livestock": 0.949836015701294, "agriculture": 0.9364456534385681, "pasture": 0.934458315372467, "mammal": 0.9273742437362671, "countryside": 0.9256004691123962, "cute": 0.9204165935516357, "field": 0.9087990522384644, "eye": 0.896560549736023, "young": 0.894972562789917, "portrait": 0.8935769200325012, "looking": 0.8927963376045227}