{"festival": 0.988634467124939, "fun": 0.9851793646812439, "city": 0.9732531309127808, "street": 0.9727059006690979, "travel": 0.9700469374656677, "downtown": 0.9637741446495056, "dancing": 0.9528265595436096, "parade": 0.9514046311378479, "statue": 0.9492398500442505, "manga": 0.9459145665168762, "music": 0.9425167441368103, "vacation": 0.9395183324813843, "traditional": 0.9388587474822998, "urban": 0.9356746077537537, "Christmas": 0.9317938089370728, "evening": 0.9294806122779846, "moon": 0.9269298911094666, "casino": 0.9253602623939514, "art": 0.9215124249458313, "fantasy": 0.9182438254356384}