{"money": 0.9737043380737305, "currency": 0.9678309559822083, "savings": 0.9494473934173584, "wealth": 0.9415163993835449, "business": 0.939102292060852, "no person": 0.9358670711517334, "achievement": 0.9259849786758423, "dollar": 0.9204549193382263, "finance": 0.9101555347442627, "sunset": 0.901934802532196, "illustration": 0.8992709517478943, "investment": 0.8606185913085938, "debt": 0.8576852679252625, "conceptual": 0.8513177633285522, "loan": 0.850740373134613, "paper": 0.8484430313110352, "bank": 0.8311519622802734, "cash": 0.8284546732902527, "financial": 0.820398211479187, "value": 0.8156050443649292}