{"illustration": 0.9922319650650024, "sketch": 0.9912198185920715, "funny": 0.9907724857330322, "character": 0.9702287912368774, "cute": 0.969534695148468, "art": 0.9651023745536804, "retro": 0.9549431204795837, "cheerful": 0.9392746090888977, "scribble": 0.9261082410812378, "man": 0.9114764928817749, "far-out": 0.8815867304801941, "hand": 0.8751333355903625, "crazy": 0.8666254878044128, "visuals": 0.861832320690155, "clip": 0.829810380935669, "traditional": 0.81160569190979, "business": 0.7868095636367798, "isolated": 0.7498618960380554, "woman": 0.7456009387969971, "child": 0.7358884215354919}