{"diagram": 0.992856502532959, "education": 0.9831594228744507, "no person": 0.9698550701141357, "illustration": 0.9648501873016357, "business": 0.9619348645210266, "creativity": 0.9569529294967651, "designing": 0.9502965807914734, "strategy": 0.9374412894248962, "progress": 0.9320879578590393, "growth": 0.9315035939216614, "facts": 0.930486261844635, "graph": 0.927885890007019, "medicine": 0.9220607280731201, "health": 0.9207345247268677, "graphic design": 0.9202739596366882, "research": 0.9189037680625916, "biology": 0.9163035750389099, "achievement": 0.9104389548301697, "chalk out": 0.9077660441398621, "science": 0.9075716137886047}