{"education": 0.9988043308258057, "school": 0.9972808361053467, "child": 0.9935619831085205, "classroom": 0.9914885759353638, "desk": 0.9792866706848145, "indoors": 0.9744970202445984, "class": 0.97419273853302, "homework": 0.9727060198783875, "room": 0.9719839096069336, "book": 0.9710316061973572, "teacher": 0.9573909640312195, "knowledge": 0.9573233127593994, "table": 0.9559835195541382, "elementary school": 0.9559286236763, "lesson": 0.9493007659912109, "writing": 0.9410034418106079, "concentration": 0.9407695531845093, "pencil": 0.9341973066329956, "adult": 0.928098201751709, "boy": 0.9280498027801514}