{"tractor": 0.9908729791641235, "machinery": 0.9907005429267883, "no person": 0.9874043464660645, "outdoors": 0.9617977738380432, "vehicle": 0.9549353122711182, "machine": 0.9136089086532593, "summer": 0.9033994078636169, "retro": 0.9011356830596924, "power": 0.899775505065918, "industry": 0.8997737765312195, "rural": 0.890850841999054, "transportation system": 0.8698729276657104, "heavy": 0.8692606091499329, "equipment": 0.8688532710075378, "soil": 0.8483886122703552, "farmland": 0.8451161980628967, "countryside": 0.843707799911499, "agriculture": 0.8413223624229431, "large": 0.8297248482704163, "fall": 0.8257760405540466}