{"corn": 0.9973825812339783, "corncob": 0.9952587485313416, "agriculture": 0.9942418336868286, "farm": 0.9895256757736206, "growth": 0.9819340705871582, "crop": 0.9766309857368469, "food": 0.9731133580207825, "vegetable": 0.9681382179260254, "nature": 0.9623062014579773, "flora": 0.9615756273269653, "outdoors": 0.9582319855690002, "grow": 0.9502525329589844, "leaf": 0.9409201741218567, "pasture": 0.9384906888008118, "summer": 0.9377691745758057, "field": 0.9222173690795898, "cornfield": 0.9171007871627808, "cereal": 0.9088937640190125, "environment": 0.8989976048469543, "freshness": 0.8684359788894653}