{"no person": 0.9978004097938538, "market": 0.9916290044784546, "grow": 0.9895407557487488, "health": 0.9856406450271606, "pasture": 0.985255241394043, "fruit": 0.9840587973594666, "many": 0.9825692176818848, "nutrition": 0.9825536608695984, "food": 0.9789132475852966, "fall": 0.9729276895523071, "farming": 0.9727181196212769, "abundance": 0.971333920955658, "group": 0.970828652381897, "basket": 0.9607642889022827, "ingredients": 0.958713948726654, "stall": 0.9556182622909546, "kind": 0.9527023434638977, "juicy": 0.9499880075454712, "vitamin": 0.9408980011940002, "still life": 0.9316080808639526}