{"milk": 0.9961000680923462, "cow": 0.9936816692352295, "beef cattle": 0.9933478236198425, "livestock": 0.9924382567405701, "pasture": 0.992095410823822, "mammal": 0.9908718466758728, "farmland": 0.9904177784919739, "grass": 0.9903613328933716, "herd": 0.9852840900421143, "agriculture": 0.9822642207145691, "farm": 0.9805368185043335, "cattle": 0.9739906191825867, "dairy": 0.9721440672874451, "rural": 0.9637563824653625, "pastoral": 0.9627457857131958, "grassland": 0.9552197456359863, "animal": 0.9489225149154663, "field": 0.9438595175743103, "hayfield": 0.9383016228675842, "graze": 0.9376658201217651}