{"machinery": 0.9790357947349548, "tractor": 0.9776598811149597, "soil": 0.9746444821357727, "equipment": 0.9686222672462463, "agriculture": 0.9556227922439575, "industry": 0.9279137849807739, "machine": 0.9118140339851379, "farm": 0.9100286960601807, "vehicle": 0.8847426772117615, "outdoors": 0.8563891053199768, "plow": 0.8424052000045776, "farming": 0.8112518191337585, "man": 0.7944884896278381, "rural": 0.7905125617980957, "shovel": 0.7901648283004761, "agronomy": 0.7811204791069031, "ground": 0.7679470181465149, "one": 0.7557781338691711, "work": 0.7507669925689697, "exert": 0.7462660670280457}