{"illustration": 0.9904165267944336, "sketch": 0.9898638129234314, "character": 0.9731230735778809, "child": 0.9622173309326172, "humor": 0.9621140360832214, "man": 0.9555606245994568, "fun": 0.942639172077179, "vector": 0.9366238117218018, "funny": 0.931845486164093, "graphic": 0.9259274005889893, "toy": 0.9228504300117493, "son": 0.9146677255630493, "mascot": 0.9136828184127808, "amusing": 0.9060944318771362, "lid": 0.8630645871162415, "boy": 0.8379658460617065, "art": 0.8359259366989136, "smile": 0.8316819071769714, "cute": 0.8185822367668152, "caricature": 0.8145463466644287}