{"diagram": 0.9864263534545898, "graph": 0.9818015694618225, "facts": 0.9486042857170105, "presentation": 0.9383792877197266, "vectors": 0.9200080633163452, "illustration": 0.9145072102546692, "flat": 0.9119309782981873, "progress": 0.9104383587837219, "data": 0.9035261869430542, "education": 0.9007648825645447, "connection": 0.8974352478981018, "business": 0.8890899419784546, "analytics": 0.8800179958343506, "navigation": 0.8767848014831543, "written report": 0.8662760257720947, "horizontal": 0.8225015997886658, "information": 0.8191370964050293, "visualization": 0.7925037741661072, "research": 0.7796953320503235, "designing": 0.7677783370018005}