{"currency": 0.9993690848350525, "money": 0.9983127117156982, "wealth": 0.99801105260849, "finance": 0.997933030128479, "business": 0.9972635507583618, "savings": 0.9959228038787842, "bank": 0.9949203133583069, "cash": 0.9927955269813538, "investment": 0.9915001392364502, "financial": 0.9859135746955872, "economy": 0.9857220649719238, "gold": 0.9784349203109741, "change": 0.9748802781105042, "achievement": 0.9714291095733643, "market": 0.9625816345214844, "commerce": 0.9616569876670837, "dollar": 0.9551354646682739, "bullion": 0.9541990160942078, "glazed": 0.948839008808136, "shares": 0.9486722946166992}