{"no person": 0.9965583682060242, "food": 0.9909340143203735, "fruit": 0.9889707565307617, "juicy": 0.9867788553237915, "health": 0.9787902235984802, "delicious": 0.9764196872711182, "apple": 0.9715316891670227, "nutrition": 0.9649855494499207, "farming": 0.9624167084693909, "pasture": 0.9555323719978333, "leaf": 0.9450840950012207, "fall": 0.942920446395874, "grow": 0.9425883293151855, "healthy": 0.9380974173545837, "confection": 0.8919515609741211, "juice": 0.8876686096191406, "wood": 0.8773460984230042, "diet": 0.8676390051841736, "vitamin": 0.8660186529159546, "round out": 0.8596416115760803}