{"no person": 0.9820632934570312, "isolated": 0.977603554725647, "business": 0.9651544690132141, "graphic design": 0.9390706419944763, "connection": 0.9374057650566101, "electronics": 0.9140936136245728, "machinery": 0.9094545841217041, "internet": 0.8870458602905273, "telephone": 0.8531751036643982, "touch": 0.8530537486076355, "paper": 0.8496289849281311, "service": 0.8469648957252502, "data": 0.8410849571228027, "illustration": 0.8399749994277954, "shopping": 0.8374161124229431, "designing": 0.824828028678894, "vectors": 0.8155670762062073, "technology": 0.8092949986457825, "achievement": 0.8089880347251892, "portable": 0.7607710957527161}