{"no person": 0.9883937239646912, "sun": 0.9765219688415527, "nature": 0.9684703946113586, "dark": 0.9653332829475403, "outdoors": 0.9624001383781433, "sky": 0.9573670625686646, "danger": 0.9550151824951172, "Heaven": 0.9514331221580505, "sunset": 0.9365717172622681, "dawn": 0.9294497966766357, "space": 0.922703742980957, "astronomy": 0.9219909310340881, "bright": 0.9207924604415894, "dusk": 0.9136195182800293, "fair weather": 0.9124855995178223, "moon": 0.9112074971199036, "sunbeam": 0.9101845026016235, "fantasy": 0.891279935836792, "astrology": 0.8864387273788452, "influencer": 0.8809667825698853}