{"agriculture": 0.9987236857414246, "corn": 0.9985396862030029, "farm": 0.9965609908103943, "pasture": 0.9943954944610596, "corncob": 0.9938904047012329, "food": 0.9915127158164978, "grow": 0.9913615584373474, "hazelnut": 0.9886365532875061, "leaf": 0.9879828691482544, "nature": 0.9866310954093933, "no person": 0.9850994944572449, "flora": 0.9838269352912903, "growth": 0.9829401969909668, "crop": 0.979006826877594, "cereal": 0.974653959274292, "outdoors": 0.969664454460144, "vegetable": 0.9659706354141235, "straw": 0.9647819995880127, "summer": 0.9600799083709717, "meat": 0.9548559188842773}