{"business": 0.9936614036560059, "paper": 0.9930981993675232, "wealth": 0.9807104468345642, "achievement": 0.9802556037902832, "money": 0.9737315773963928, "woman": 0.9710007905960083, "indoors": 0.9671915173530579, "writing": 0.9348878860473633, "one": 0.9312261343002319, "currency": 0.9077719449996948, "leisure": 0.9027579426765442, "no person": 0.8916955590248108, "banking": 0.8911765813827515, "family": 0.8880792260169983, "pay": 0.8802909255027771, "finance": 0.8452079892158508, "service": 0.8439511060714722, "risk": 0.8433565497398376, "shopping": 0.8406884670257568, "down to a science": 0.8361156582832336}