{"apple": 0.9985734224319458, "no person": 0.9981071949005127, "fruit": 0.9939231276512146, "food": 0.9859640598297119, "health": 0.9773730039596558, "farming": 0.9643562436103821, "delicious": 0.9615853428840637, "grow": 0.9613839983940125, "nutrition": 0.9477892518043518, "one": 0.9473568201065063, "juicy": 0.9239130020141602, "bright": 0.9216299057006836, "three": 0.8891154527664185, "vitamin": 0.887063205242157, "two": 0.8620091080665588, "freshness": 0.8586335778236389, "leaf": 0.8585494756698608, "still life": 0.8561815023422241, "nature": 0.8526163101196289, "confection": 0.8499167561531067}