{"street": 0.9966515898704529, "travel": 0.9915270209312439, "road": 0.9908605813980103, "city": 0.9906145334243774, "traffic": 0.9820840954780579, "car": 0.9779691696166992, "architecture": 0.9610045552253723, "transportation system": 0.9592190980911255, "urban": 0.9467014670372009, "downtown": 0.9448198080062866, "building": 0.9387286901473999, "bus": 0.9350743293762207, "business": 0.9222667217254639, "outdoors": 0.9171903133392334, "no person": 0.899065375328064, "vehicle": 0.8594678044319153, "daylight": 0.8562013506889343, "intersection": 0.8332896828651428, "skyscraper": 0.8287316560745239, "cityscape": 0.8258618712425232}