{"currency": 0.9998971223831177, "wealth": 0.9997941851615906, "savings": 0.9997584223747253, "achievement": 0.9995948672294617, "money": 0.9985402822494507, "pay": 0.9973638653755188, "dollar": 0.9958251714706421, "finance": 0.9958018660545349, "act of giving": 0.9956846237182617, "business": 0.9946434497833252, "greed": 0.9917211532592773, "paper": 0.9914155602455139, "cash": 0.9911813735961914, "century": 0.9896286725997925, "isolated": 0.9890536665916443, "abundance": 0.9867492318153381, "generosity": 0.9841772317886353, "investment": 0.9832435250282288, "sell": 0.9792523980140686, "shopping": 0.9727914333343506}