{"classroom": 0.9999725818634033, "chalkboard": 0.9999157190322876, "education": 0.9997876286506653, "school": 0.9997666478157043, "teacher": 0.999427318572998, "class": 0.9990864992141724, "mathematics": 0.9985982775688171, "chalk": 0.9973092079162598, "professor": 0.9937372207641602, "lesson": 0.9918568134307861, "formula": 0.991650402545929, "desk": 0.9898046255111694, "elementary school": 0.9893403649330139, "university": 0.9886187314987183, "college": 0.9884041547775269, "study": 0.9876599907875061, "physics": 0.9850978851318359, "schoolgirl": 0.9830711483955383, "knowledge": 0.9827713370323181, "lecture": 0.9824045300483704}