{"sunset": 0.9932706952095032, "agriculture": 0.9924823641777039, "cropland": 0.9902205467224121, "dawn": 0.9878565073013306, "farm": 0.9849721789360046, "field": 0.9842202067375183, "sun": 0.983198344707489, "no person": 0.9816679358482361, "landscape": 0.9753772020339966, "rural": 0.9630017280578613, "countryside": 0.9620393514633179, "growth": 0.9604723453521729, "nature": 0.9588499665260315, "sky": 0.9517142176628113, "soil": 0.9477567076683044, "farmland": 0.9423302412033081, "crop": 0.9363527297973633, "evening": 0.9198575615882874, "dusk": 0.919575035572052, "fair weather": 0.9168774485588074}