{"agriculture": 0.997614860534668, "cropland": 0.9951766729354858, "no person": 0.9946390986442566, "growth": 0.9786077737808228, "countryside": 0.9774234890937805, "soil": 0.9758898019790649, "rural": 0.9746552109718323, "outdoors": 0.9736974239349365, "farm": 0.9707733392715454, "farmland": 0.9676116704940796, "pasture": 0.9652925133705139, "field": 0.9643638730049133, "nature": 0.9622719883918762, "landscape": 0.9595997333526611, "crop": 0.9594508409500122, "vineyard": 0.9540568590164185, "fair weather": 0.9337289929389954, "sky": 0.9306566715240479, "summer": 0.9197617769241333, "wine": 0.9176187515258789}