{"market": 0.9852484464645386, "stock": 0.982750654220581, "commerce": 0.9685338139533997, "food": 0.9657478928565979, "sale": 0.9575536847114563, "traditional": 0.9494225978851318, "shopping": 0.9367745518684387, "shop": 0.9062259197235107, "supermarket": 0.9034810066223145, "business": 0.872646152973175, "culture": 0.8491209745407104, "shelf": 0.8439589738845825, "commercial": 0.8435943126678467, "desktop": 0.8324434757232666, "merchandise": 0.8314546942710876, "editorial": 0.8264543414115906, "no person": 0.8141400218009949, "art": 0.7946854829788208, "color": 0.7924604415893555, "bargain": 0.7864962816238403}