{"growth": 0.998106837272644, "no person": 0.9965290427207947, "corn": 0.9955647587776184, "rural": 0.9953887462615967, "farmland": 0.9915136694908142, "pasture": 0.9901199340820312, "nature": 0.9887396693229675, "agriculture": 0.9868209958076477, "countryside": 0.9834886193275452, "leaf": 0.9812542200088501, "summer": 0.9756287336349487, "outdoors": 0.9682247042655945, "fair weather": 0.9554542303085327, "sun": 0.9454231262207031, "farm": 0.942742109298706, "sky": 0.9398597478866577, "cereal": 0.9363899230957031, "soil": 0.9272422790527344, "bright": 0.926717221736908, "cornfield": 0.9151498079299927}