{"health": 0.9908843636512756, "no person": 0.9858635067939758, "leaf": 0.9707621335983276, "nutrition": 0.9672048091888428, "food": 0.9667189717292786, "ingredients": 0.9595930576324463, "broccoli": 0.9471944570541382, "disjunct": 0.9357030987739563, "kind": 0.9348831176757812, "cabbage": 0.9265195727348328, "garlic": 0.9247820973396301, "tomato": 0.9246891736984253, "isolate": 0.922357976436615, "pimento": 0.9074115753173828, "pepper": 0.9057309031486511, "nature": 0.9054135680198669, "cooking": 0.9022564888000488, "market": 0.9003085494041443, "juicy": 0.8989143967628479, "delicious": 0.8854146599769592}