{"corn": 0.9993708729743958, "hazelnut": 0.9981213212013245, "pasture": 0.9877838492393494, "confection": 0.9843273758888245, "food": 0.9840751886367798, "closeup": 0.9840367436408997, "corncob": 0.9819464087486267, "popcorn": 0.9819143414497375, "desktop": 0.9810488224029541, "no person": 0.9799855947494507, "healthy": 0.9775106310844421, "straw": 0.9754859805107117, "vegetable": 0.9716418981552124, "gold": 0.9712308049201965, "agriculture": 0.969234824180603, "color": 0.9681522846221924, "nutrition": 0.961771547794342, "meat": 0.9600155353546143, "health": 0.9561457633972168, "crop": 0.9405601024627686}