{"tractor": 0.9992907047271729, "machinery": 0.9975304007530212, "machine": 0.9946761131286621, "soil": 0.9927805066108704, "agriculture": 0.9850460886955261, "equipment": 0.9807773232460022, "vehicle": 0.9720007181167603, "plow": 0.9718819856643677, "farm": 0.9637361168861389, "wheel": 0.9544133543968201, "industry": 0.9500784277915955, "heavy": 0.9452564120292664, "adhesive friction": 0.9342665076255798, "no person": 0.9305572509765625, "tire": 0.9246768951416016, "ball-shaped": 0.9219768047332764, "work": 0.9098719358444214, "transportation system": 0.9090913534164429, "power": 0.9058445692062378, "rural": 0.8963192701339722}