{"no person": 0.9550718665122986, "fun": 0.9514485597610474, "moon": 0.9466374516487122, "art": 0.9369490742683411, "illustration": 0.9272842407226562, "fantasy": 0.9240207672119141, "woman": 0.9011246562004089, "man": 0.8973975777626038, "sun": 0.89007169008255, "bright": 0.8876655101776123, "artistic": 0.8671343326568604, "summer": 0.8651553988456726, "graphic design": 0.8630254864692688, "design": 0.8623774647712708, "imagery": 0.8563650846481323, "water": 0.8495314121246338, "nature": 0.8472367525100708, "Christmas": 0.8261954188346863, "sky": 0.8233431577682495, "graphic": 0.8230956196784973}