{"business": 0.9940428137779236, "telephone": 0.9913015961647034, "data": 0.9719316363334656, "technology": 0.9666641354560852, "screen": 0.9639942049980164, "connection": 0.946833074092865, "finance": 0.945600152015686, "money": 0.9438392519950867, "communication": 0.9401102066040039, "internet": 0.933743953704834, "touch": 0.9296590089797974, "growth": 0.9257541298866272, "facts": 0.8963409066200256, "spherical": 0.881677508354187, "no person": 0.873748242855072, "machinery": 0.8693332076072693, "computer": 0.869274377822876, "hand": 0.8686915040016174, "electronics": 0.867364764213562, "horizontal": 0.8503990173339844}