{"page": 0.9779395461082458, "layout": 0.9764891266822815, "text": 0.9553906321525574, "form": 0.9365866780281067, "template": 0.931195855140686, "desktop": 0.9287653565406799, "company": 0.9157475233078003, "business": 0.9092276692390442, "set": 0.9067391157150269, "graphic": 0.9024174213409424, "tatter": 0.8683556318283081, "collage": 0.8680527806282043, "sequence": 0.8602707982063293, "tag": 0.8596799373626709, "World Wide Web": 0.8467369675636292, "information": 0.8383544087409973, "procedure": 0.8348515033721924, "simple": 0.830126941204071, "paper": 0.8113439679145813, "facts": 0.7988613843917847}