{"currency": 0.9974164962768555, "wealth": 0.9969283938407898, "savings": 0.994929313659668, "money": 0.9945163130760193, "business": 0.9909668564796448, "paper": 0.9892497062683105, "pay": 0.9892168045043945, "achievement": 0.9872249364852905, "finance": 0.979540228843689, "isolated": 0.9767670035362244, "cash": 0.9737062454223633, "act of giving": 0.9619697332382202, "shopping": 0.9609296321868896, "bank": 0.9468203783035278, "isolate": 0.9387699365615845, "century": 0.934556782245636, "value": 0.9335591793060303, "dollar": 0.9276532530784607, "abundance": 0.923227846622467, "no person": 0.9184826016426086}