{"technology": 0.996749758720398, "science": 0.9821020364761353, "no person": 0.9733710289001465, "computer": 0.9703150987625122, "data": 0.9550228118896484, "facts": 0.9493034482002258, "light": 0.9287291765213013, "number": 0.919818639755249, "connection": 0.8635646104812622, "internet": 0.8513716459274292, "abstract": 0.8397388458251953, "display": 0.839607298374176, "electronics": 0.8235859274864197, "laboratory": 0.8185571432113647, "space": 0.8140209317207336, "screen": 0.8118170499801636, "illustration": 0.8070283532142639, "network": 0.7827193140983582, "astronomy": 0.7582156658172607, "designing": 0.7546625137329102}