{"no person": 0.9835958480834961, "fork": 0.973983108997345, "knife": 0.9618160128593445, "still life": 0.9551530480384827, "food": 0.9462090730667114, "cutlery": 0.9438443183898926, "delicious": 0.9264044165611267, "flatware": 0.9039338231086731, "dining": 0.8788380026817322, "elegant": 0.8691563606262207, "plate": 0.858362078666687, "love": 0.852837085723877, "breakfast": 0.840444028377533, "dinner": 0.839927613735199, "glazed": 0.8209213018417358, "luxury": 0.8123944401741028, "shining": 0.8084462285041809, "nature": 0.8032974600791931, "bone": 0.7863633632659912, "health": 0.7794216275215149}