{"corn": 0.9995217323303223, "hazelnut": 0.9986501336097717, "corncob": 0.9956579208374023, "straw": 0.9877146482467651, "no person": 0.9843457341194153, "confection": 0.9726133346557617, "leaf": 0.9725925922393799, "food": 0.9711681008338928, "pasture": 0.9675930738449097, "agriculture": 0.9649927020072937, "popcorn": 0.9617258906364441, "flora": 0.9594237208366394, "nature": 0.9588372111320496, "crop": 0.9537607431411743, "nutrition": 0.9508147835731506, "cereal": 0.9473448395729065, "health": 0.9403666257858276, "summer": 0.933968722820282, "color": 0.9256512522697449, "closeup": 0.9243627786636353}