{"conceptual": 0.9900623559951782, "sky": 0.9774419069290161, "nature": 0.9703387022018433, "business": 0.9664592146873474, "achievement": 0.9642594456672668, "paper": 0.9564958214759827, "blue sky": 0.9545865654945374, "summer": 0.9539322257041931, "knowledge": 0.9536924362182617, "no person": 0.9476470947265625, "sun": 0.9396033883094788, "outdoors": 0.9395138025283813, "aid": 0.9215789437294006, "laborious": 0.9044213891029358, "freedom": 0.901924729347229, "college": 0.8911243677139282, "high": 0.8865616917610168, "facts": 0.8841338753700256, "man": 0.8802462816238403, "literature": 0.8745774030685425}