{"electricity": 0.9967315196990967, "solar energy": 0.9956470131874084, "energy": 0.9919365644454956, "industry": 0.9907752871513367, "technology": 0.9862058758735657, "no person": 0.9846269488334656, "production": 0.9846078753471375, "environment": 0.9710901379585266, "cropland": 0.9678652286529541, "grinder": 0.964637041091919, "power": 0.9604607820510864, "recycling": 0.9556251168251038, "agriculture": 0.9513722658157349, "roof": 0.9465972185134888, "outdoors": 0.9458152055740356, "ecology": 0.9371870756149292, "solar": 0.936765730381012, "sky": 0.9203791618347168, "photovoltaic": 0.9163181781768799, "daylight": 0.9150409698486328}