{"no person": 0.9976938366889954, "graphic design": 0.9948751330375671, "disjunct": 0.954407274723053, "paper": 0.9529231190681458, "geometric": 0.9265493154525757, "contemporary": 0.9246261715888977, "design": 0.923868715763092, "empty": 0.9217981100082397, "geography": 0.9144124984741211, "business": 0.9123647212982178, "identity": 0.9031409621238708, "illustration": 0.9014334678649902, "stripe": 0.9005709886550903, "vector": 0.8933112621307373, "wallpaper": 0.873486340045929, "glazed": 0.86370849609375, "retro": 0.8526992797851562, "triangle": 0.8487217426300049, "origami": 0.8302867412567139, "clean": 0.8190534114837646}