{"layout": 0.9869773983955383, "template": 0.9836177825927734, "navigation": 0.9818830490112305, "presentation": 0.9807140231132507, "booklet": 0.96854567527771, "vector": 0.9630725979804993, "banner": 0.9628753662109375, "page": 0.9607366919517517, "vectors": 0.9547849893569946, "form": 0.9544162750244141, "facts": 0.9520363211631775, "World Wide Web": 0.9516922831535339, "restaurant check": 0.9514169692993164, "label": 0.9472722411155701, "option (finance)": 0.9409736394882202, "no person": 0.9291504621505737, "business": 0.9274415969848633, "steps": 0.9214902520179749, "rhythm": 0.9198218584060669, "stripe": 0.9183564186096191}