{"business": 0.9933873414993286, "isolated": 0.979978621006012, "currency": 0.9785979390144348, "money": 0.9780293107032776, "no person": 0.9689776301383972, "paper": 0.9679309129714966, "wealth": 0.9645805358886719, "achievement": 0.9565669298171997, "finance": 0.9531667232513428, "savings": 0.9512145519256592, "telephone": 0.9379737973213196, "pay": 0.9350161552429199, "shopping": 0.9341506361961365, "isolate": 0.8965533971786499, "spherical": 0.8962018489837646, "electronics": 0.8703126907348633, "stacks": 0.8647485971450806, "service": 0.8629423975944519, "income": 0.8483388423919678, "cash": 0.8412473201751709}