{"grass": 0.9869096875190735, "outdoors": 0.9811269640922546, "agriculture": 0.9731243252754211, "farm": 0.9724012613296509, "nature": 0.9700892567634583, "horizontal plane": 0.9593544602394104, "tree": 0.9544371366500854, "field": 0.9485876560211182, "summer": 0.92532879114151, "sky": 0.9219048619270325, "farmhouse": 0.9218646883964539, "barn": 0.9200831651687622, "cloud": 0.9179735779762268, "landscape": 0.9128939509391785, "fall": 0.9050379991531372, "silhouette": 0.9030128121376038, "barnyard": 0.8858337998390198, "farmstead": 0.8810102939605713, "sunset": 0.877703845500946, "fair weather": 0.8743752837181091}