{"vector": 0.9956814050674438, "illustration": 0.99446702003479, "sketch": 0.9943916201591492, "tree": 0.9838236570358276, "graphic": 0.9591491222381592, "grass": 0.9565684795379639, "desktop": 0.9482292532920837, "nature": 0.9364432692527771, "landscape": 0.9270206689834595, "fun": 0.9211723208427429, "sky": 0.9186493754386902, "man": 0.9130994081497192, "image": 0.9052971005439758, "flora": 0.9034580588340759, "leaf": 0.9019272327423096, "animal": 0.8937832713127136, "cute": 0.889410138130188, "art": 0.8863111734390259, "child": 0.884895920753479, "field": 0.8844670057296753}