{"chalk out": 0.9849787354469299, "vector": 0.9795158505439758, "illustration": 0.9711501002311707, "design": 0.9539250731468201, "sketch": 0.9507820010185242, "scribble": 0.9456416964530945, "retro": 0.9423264265060425, "engraving": 0.9297302961349487, "sketchy": 0.9289556741714478, "art": 0.9099516868591309, "disjunct": 0.9076042771339417, "outline": 0.8673953413963318, "graphic": 0.8642618656158447, "image": 0.8419168591499329, "line": 0.8372439742088318, "decoration": 0.8326804637908936, "desktop": 0.8277636170387268, "vintage": 0.8273877501487732, "pencil": 0.785130500793457, "monochrome": 0.7835688591003418}