{"pasture": 0.9950934648513794, "agriculture": 0.9933806657791138, "market": 0.9873965382575989, "basket": 0.9869540333747864, "grow": 0.9862396121025085, "farm": 0.9829773902893066, "vegetable": 0.9822235107421875, "food": 0.9775018692016602, "cabbage": 0.9773963689804077, "nature": 0.9733613133430481, "crate": 0.9721441864967346, "garden": 0.9652089476585388, "shopping": 0.9606434106826782, "fruit": 0.9546846747398376, "radish": 0.9533340930938721, "health": 0.9502158164978027, "leaf": 0.947481632232666, "healthy": 0.9452968835830688, "root vegetable": 0.9443382024765015, "summer": 0.9381604790687561}