{"machinery": 0.9972435235977173, "tractor": 0.9963157773017883, "no person": 0.9845653176307678, "machine": 0.97086101770401, "vehicle": 0.9705502986907959, "soil": 0.9664884209632874, "power": 0.9620309472084045, "heavy": 0.9597259163856506, "equipment": 0.9580385088920593, "wheel": 0.9392372965812683, "outdoors": 0.9252896308898926, "industry": 0.916686475276947, "tire": 0.9046640992164612, "plow": 0.8801539540290833, "adhesive friction": 0.875845193862915, "agriculture": 0.8727133274078369, "ball-shaped": 0.8721456527709961, "transportation system": 0.868066132068634, "diesel": 0.837384819984436, "large": 0.8203672766685486}