{"agriculture": 0.9953780174255371, "farm": 0.9935852885246277, "livestock": 0.9933102130889893, "cow": 0.9916605353355408, "grass": 0.9867417216300964, "field": 0.9836859107017517, "cattle": 0.9821485280990601, "hayfield": 0.981560468673706, "pasture": 0.980496883392334, "milk": 0.9759593605995178, "rural": 0.9723023772239685, "herd": 0.9669514894485474, "dairy": 0.9640358686447144, "farmland": 0.9595949053764343, "landscape": 0.9539551138877869, "mammal": 0.9497225880622864, "sky": 0.936507523059845, "pastoral": 0.9297097325325012, "grassland": 0.9190717935562134, "animal": 0.916672945022583}