{"no person": 0.9849870800971985, "food": 0.9810633659362793, "still life": 0.9787014722824097, "apple": 0.9771942496299744, "fruit": 0.975837767124176, "wine": 0.974830687046051, "kind": 0.9728599190711975, "pear": 0.9684706330299377, "glass": 0.9305784106254578, "fall": 0.9296711683273315, "market": 0.9256061315536499, "banana": 0.9194372296333313, "ingredients": 0.9096203446388245, "vegetable": 0.9087074995040894, "grow": 0.8965256810188293, "basket": 0.8840709328651428, "health": 0.8773813247680664, "abundance": 0.8764047622680664, "cooking": 0.851405918598175, "wood": 0.8445395827293396}