{"internet": 0.9965702295303345, "computer": 0.9859548211097717, "wireless": 0.9857968688011169, "laptop": 0.9851797819137573, "child": 0.9811868667602539, "sit": 0.9782540798187256, "indoors": 0.9705851078033447, "portable": 0.9689674377441406, "homework": 0.9683011770248413, "technology": 0.9653679132461548, "connection": 0.9627530574798584, "family": 0.9503620266914368, "leisure": 0.949927031993866, "adolescent": 0.9476446509361267, "looking": 0.9399294257164001, "student": 0.9298760294914246, "intelligence": 0.9288874864578247, "contemporary": 0.9264214038848877, "casual": 0.9262043833732605, "writing": 0.9197528958320618}