{"paper": 0.9950740933418274, "business": 0.9929921627044678, "currency": 0.9844257831573486, "money": 0.9771734476089478, "wealth": 0.9741261005401611, "savings": 0.9673792719841003, "stacks": 0.9620360732078552, "finance": 0.9574726819992065, "batch": 0.9528094530105591, "achievement": 0.9514123201370239, "no person": 0.9473687410354614, "dollar": 0.9137874245643616, "luck": 0.8971179127693176, "isolated": 0.8951156139373779, "pile": 0.8934931755065918, "cash": 0.8924762010574341, "abundance": 0.8911948800086975, "financial": 0.8842475414276123, "shopping": 0.8841150999069214, "isolate": 0.8244612812995911}