{"food": 0.9968053102493286, "health": 0.9858918786048889, "pasture": 0.982218861579895, "nature": 0.9799004197120667, "cooking": 0.9749423861503601, "grow": 0.9626755118370056, "nutrition": 0.9602506756782532, "no person": 0.9598328471183777, "farming": 0.9586737155914307, "root vegetable": 0.9529577493667603, "little": 0.9524706602096558, "root": 0.9506348371505737, "vegetable": 0.9452295899391174, "ingredients": 0.9282758831977844, "outdoors": 0.9236500263214111, "delicious": 0.8895878791809082, "fall": 0.8846889138221741, "whole": 0.8833408951759338, "agriculture": 0.8746081590652466, "potato": 0.8642929792404175}