{"electronics": 0.9788854718208313, "no person": 0.9706363081932068, "technology": 0.9654751420021057, "business": 0.961131751537323, "data": 0.9545866847038269, "machinery": 0.9531241655349731, "graphic design": 0.9360060691833496, "isolated": 0.9351704716682434, "vectors": 0.9346006512641907, "illustration": 0.9249048829078674, "connection": 0.9229862689971924, "equipment": 0.918371856212616, "telephone": 0.9173248410224915, "internet": 0.911284327507019, "facts": 0.9105986952781677, "spherical": 0.9091649055480957, "service": 0.9057817459106445, "industry": 0.8737213015556335, "power": 0.8691310882568359, "touch": 0.8680497407913208}