{"sketch": 0.9896039962768555, "illustration": 0.9844882488250732, "vector": 0.9807935953140259, "fun": 0.9800896644592285, "child": 0.9792969822883606, "graphic": 0.9727492332458496, "alphabet": 0.9666363000869751, "cute": 0.9434669613838196, "theme": 0.9430979490280151, "funny": 0.9216437935829163, "text": 0.9132668375968933, "design": 0.8994249105453491, "character": 0.8900250196456909, "toy": 0.8875181674957275, "desktop": 0.884538471698761, "art": 0.8822171688079834, "vectors": 0.8785564303398132, "typography": 0.8671005964279175, "bill": 0.8631743788719177, "rudiment": 0.8536360263824463}