{"corn": 0.9984917640686035, "hazelnut": 0.9939186573028564, "corncob": 0.9936392903327942, "farm": 0.9924321174621582, "agriculture": 0.9904459714889526, "nature": 0.9876519441604614, "pasture": 0.9851146936416626, "leaf": 0.9810228943824768, "summer": 0.9757471084594727, "crop": 0.9751519560813904, "straw": 0.9721545577049255, "no person": 0.9704745411872864, "flora": 0.9695871472358704, "growth": 0.9666129946708679, "food": 0.9650739431381226, "cereal": 0.9643175601959229, "fodder": 0.952404260635376, "grow": 0.9493488669395447, "outdoors": 0.9360953569412231, "health": 0.9357424378395081}