{"classroom": 0.9980226755142212, "chair": 0.9961798191070557, "school": 0.9955217838287354, "education": 0.9940139651298523, "desk": 0.9891519546508789, "university": 0.9852345585823059, "table": 0.9848783612251282, "lecture": 0.9802538752555847, "furniture": 0.9800206422805786, "seat": 0.9799418449401855, "room": 0.9795395135879517, "indoors": 0.9770925045013428, "class": 0.9591845273971558, "seminar": 0.9441595077514648, "college": 0.9373515248298645, "no person": 0.9179418683052063, "row": 0.8841944932937622, "business": 0.8800021409988403, "teacher": 0.878028154373169, "empty": 0.8762286901473999}