{"garden": 0.9913443326950073, "leaf": 0.9904053807258606, "flora": 0.9879873991012573, "summer": 0.9803940057754517, "nature": 0.9755293130874634, "greenhouse": 0.9664691090583801, "maturation": 0.9534902572631836, "flower": 0.9528632760047913, "growth": 0.9508641362190247, "conservatory": 0.9507488012313843, "ivy": 0.9465845823287964, "agriculture": 0.9404851198196411, "vine": 0.9343076348304749, "no person": 0.9292197227478027, "outdoors": 0.9272879958152771, "farm": 0.9265271425247192, "horticulture": 0.9257134795188904, "shrub": 0.8940883874893188, "botanical": 0.8901810050010681, "vegetable": 0.8663045763969421}