{"electronics": 0.9874442219734192, "no person": 0.9820898771286011, "flat": 0.9784923195838928, "illustration": 0.9663723707199097, "vectors": 0.9656460881233215, "laptop": 0.9535448551177979, "business": 0.9425557851791382, "screen": 0.9411184191703796, "internet": 0.9391027092933655, "technology": 0.9374732375144958, "isolated": 0.9311730861663818, "graphic design": 0.9311622381210327, "equipment": 0.9302089214324951, "computer": 0.9268417954444885, "portable": 0.9251729846000671, "monitor": 0.9217253923416138, "vector": 0.9092904329299927, "retro": 0.9058728218078613, "indoors": 0.9051212072372437, "wireless": 0.9013118743896484}