{"art": 0.9991546869277954, "painting": 0.9991363883018494, "pastel": 0.9949828386306763, "visuals": 0.9934760928153992, "palette": 0.9924631118774414, "canvas": 0.9912091493606567, "watercolor painting": 0.9909932017326355, "artistic": 0.9891975522041321, "creativity": 0.9865021705627441, "illustration": 0.9825451374053955, "color": 0.9823051691055298, "acrylic": 0.979427695274353, "brush": 0.9782891273498535, "design": 0.9776496887207031, "painter": 0.977260172367096, "configuration": 0.9770234227180481, "face": 0.9736419320106506, "shot": 0.972933828830719, "texture": 0.9664183855056763, "pattern": 0.9655088186264038}