{"agriculture": 0.9963613152503967, "field": 0.9900895357131958, "rural": 0.9830710291862488, "farm": 0.9830412864685059, "nature": 0.9765943884849548, "crop": 0.9762415289878845, "growth": 0.974054753780365, "countryside": 0.9734795093536377, "farmland": 0.9708868265151978, "no person": 0.9699504971504211, "soil": 0.9688661694526672, "landscape": 0.9663663506507874, "cropland": 0.9652417302131653, "outdoors": 0.9522791504859924, "summer": 0.9489488005638123, "pasture": 0.9350577592849731, "food": 0.932366132736206, "flora": 0.9290027618408203, "perspective": 0.918437659740448, "sky": 0.9160719513893127}