{"no person": 0.9960722923278809, "joystick": 0.9743815064430237, "technology": 0.9691434502601624, "electronics": 0.9639476537704468, "leisure": 0.9628317356109619, "plastic": 0.9506915807723999, "game": 0.937267541885376, "infrared frequency": 0.9299171566963196, "control": 0.9280153512954712, "console": 0.9271244406700134, "recreation": 0.91899174451828, "one": 0.9176327586174011, "vehicle": 0.9013286232948303, "connection": 0.8896785974502563, "gambling": 0.8830451369285583, "play": 0.8712634444236755, "toy": 0.8685757517814636, "still life": 0.8681753277778625, "action": 0.8581666946411133, "glazed": 0.8551645874977112}