{"rice": 0.9977813363075256, "agriculture": 0.9950364232063293, "cropland": 0.9930844306945801, "landscape": 0.9902309775352478, "growth": 0.9896013140678406, "no person": 0.9847245812416077, "paddy": 0.9841213226318359, "plantation": 0.9798973202705383, "countryside": 0.9792636036872864, "farm": 0.9678109884262085, "field": 0.9677344560623169, "crop": 0.9639180898666382, "rural": 0.9636133909225464, "pasture": 0.9545782208442688, "grass": 0.9477856159210205, "farmland": 0.9472925662994385, "cereal": 0.941217839717865, "nature": 0.9377112984657288, "food": 0.9281215667724609, "soil": 0.9183668494224548}