{"no person": 0.9926962852478027, "architecture": 0.9857988357543945, "building": 0.9670637845993042, "outdoors": 0.9554080963134766, "house": 0.9548705816268921, "home": 0.9540485143661499, "sky": 0.9023468494415283, "garage": 0.8940150141716003, "family": 0.8937796354293823, "large": 0.8890458345413208, "wood": 0.882495641708374, "yard": 0.8742331266403198, "luxury": 0.8714665174484253, "summer": 0.8589056134223938, "lawn": 0.8567008972167969, "entrance": 0.8520526885986328, "grass": 0.8493949770927429, "contemporary": 0.830591082572937, "travel": 0.8283312320709229, "door": 0.826195478439331}