{"wood": 0.9976071119308472, "no person": 0.9848538637161255, "chalk": 0.9782488346099854, "wooden": 0.9680624008178711, "retro": 0.9615489840507507, "board": 0.9428592920303345, "picture frame": 0.939354419708252, "empty": 0.9385252594947815, "business": 0.9267526268959045, "achievement": 0.9261232614517212, "chalkboard": 0.9258782863616943, "knowledge": 0.9159314632415771, "display": 0.9154868721961975, "rustic": 0.8767138719558716, "education": 0.8587152361869812, "dirty": 0.8427294492721558, "handwritten": 0.8382036685943604, "writing": 0.8332048654556274, "exhibition": 0.8250610828399658, "conceptual": 0.8228455781936646}