{"grass": 0.9958189129829407, "nature": 0.9895831346511841, "summer": 0.9809064269065857, "sun": 0.9719905853271484, "no person": 0.9709506630897522, "leaf": 0.9583808779716492, "fair weather": 0.9539055228233337, "blur": 0.9510709047317505, "flora": 0.9406747221946716, "outdoors": 0.9406710267066956, "ball-shaped": 0.9306838512420654, "ball": 0.9291350245475769, "growth": 0.9246994256973267, "wood": 0.9176791906356812, "dawn": 0.9126933217048645, "hayfield": 0.911336362361908, "field": 0.9052265882492065, "garden": 0.901831865310669, "ecology": 0.8962302803993225, "light": 0.887930154800415}