{"nature": 0.9949485063552856, "no person": 0.9883678555488586, "food": 0.987644374370575, "flora": 0.9787256717681885, "artichoke": 0.9777030348777771, "grow": 0.9576812982559204, "desktop": 0.9540191292762756, "leaf": 0.9498934745788574, "health": 0.9443053603172302, "exotic": 0.9384622573852539, "color": 0.9327690005302429, "closeup": 0.9267022609710693, "vegetable": 0.9183845520019531, "healthy": 0.9160224199295044, "market": 0.9158883094787598, "texture": 0.9021655917167664, "nutrition": 0.8977884650230408, "freshness": 0.891204833984375, "garden": 0.8902655243873596, "ingredients": 0.8835927844047546}