{"room": 0.9980742931365967, "desk": 0.997075080871582, "furniture": 0.9941107630729675, "table": 0.9921046495437622, "education": 0.9912125468254089, "indoors": 0.9882410168647766, "school": 0.9854542016983032, "chair": 0.9788634181022644, "group": 0.9747301936149597, "election": 0.9709702134132385, "classroom": 0.9605039954185486, "seat": 0.9598496556282043, "university": 0.9539796113967896, "adult": 0.9418922066688538, "employee": 0.9291098117828369, "office": 0.9275197982788086, "meeting": 0.9157023429870605, "computer": 0.9141520261764526, "administration": 0.9132829308509827, "league": 0.9130619764328003}