{"tractor": 0.997853696346283, "machinery": 0.9967694282531738, "vehicle": 0.9960187077522278, "machine": 0.9941806197166443, "wheel": 0.9875962734222412, "soil": 0.9712337255477905, "no person": 0.9699504971504211, "equipment": 0.9698873162269592, "industry": 0.9682828187942505, "heavy": 0.9652673006057739, "power": 0.9641410112380981, "transportation system": 0.9570566415786743, "tire": 0.9431392550468445, "diesel": 0.9210875630378723, "car": 0.9089164733886719, "agriculture": 0.900521993637085, "engine": 0.8934339880943298, "outdoors": 0.8889896869659424, "truck": 0.874763011932373, "technology": 0.8463698625564575}