{"no person": 0.9663822054862976, "desktop": 0.9412385821342468, "dark": 0.8964318037033081, "traditional": 0.8923882246017456, "coffee": 0.8850641846656799, "balance": 0.8770849704742432, "old": 0.874358057975769, "achievement": 0.8654980659484863, "sugar": 0.852162778377533, "food": 0.8460655808448792, "closeup": 0.837347149848938, "health": 0.8158864378929138, "business": 0.8121728301048279, "still life": 0.8031104207038879, "retro": 0.7833582758903503, "cookie": 0.7725412249565125, "stone": 0.7688051462173462, "hot": 0.7645806670188904, "isolated": 0.7578278183937073, "table": 0.7473495602607727}