{"currency": 0.9979619979858398, "wealth": 0.9973170161247253, "finance": 0.9964311122894287, "business": 0.9940606951713562, "savings": 0.9885976314544678, "money": 0.9877254366874695, "paper": 0.9795260429382324, "abundance": 0.9756038784980774, "dollar": 0.9752107858657837, "investment": 0.9621896743774414, "cash": 0.9618796110153198, "greed": 0.9560282826423645, "pay": 0.954567015171051, "achievement": 0.945286214351654, "financial": 0.9383933544158936, "horizontal": 0.9283244609832764, "economy": 0.9248349070549011, "bank": 0.9149190187454224, "debt": 0.9074552655220032, "recession": 0.9034261107444763}