{"no person": 0.9904188513755798, "outdoors": 0.9642956256866455, "invertebrate": 0.959897518157959, "many": 0.957091212272644, "nature": 0.956864595413208, "underwater": 0.9345981478691101, "abundance": 0.9298003911972046, "pasture": 0.9165922403335571, "blur": 0.9121943712234497, "fish": 0.9055501222610474, "fair weather": 0.9047468304634094, "bright": 0.8948066830635071, "health": 0.8947298526763916, "horizontal": 0.8934306502342224, "travel": 0.890140950679779, "sea": 0.8886747360229492, "water": 0.8800764679908752, "grow": 0.8797643780708313, "desktop": 0.8765671253204346, "tropical": 0.8664473295211792}