{"contemporary": 0.9834684133529663, "no person": 0.9826922416687012, "illuminated": 0.9617955684661865, "blur": 0.9544010758399963, "dark": 0.9385414123535156, "business": 0.9170598983764648, "graphic design": 0.8915437459945679, "facts": 0.8906080722808838, "bright": 0.8828031420707703, "travel": 0.8703084588050842, "internet": 0.8618851900100708, "electronics": 0.8568099141120911, "technology": 0.8434696197509766, "data": 0.8421100974082947, "stripe": 0.8251927495002747, "fast": 0.8223637938499451, "connection": 0.8037883043289185, "woman": 0.790722131729126, "horizontal": 0.7722845673561096, "indoors": 0.7315940260887146}