{"silhouette": 0.9848408102989197, "no person": 0.9774631261825562, "illustration": 0.9517091512680054, "vector": 0.9366927146911621, "dark": 0.9232533574104309, "Christmas": 0.9199828505516052, "design": 0.9156213402748108, "moon": 0.9124982953071594, "spherical": 0.9091795682907104, "graphic design": 0.9026401042938232, "Halloween": 0.8990750908851624, "desktop": 0.8969849944114685, "travel": 0.8885442614555359, "architecture": 0.8841786980628967, "graphic": 0.8610938787460327, "vacation": 0.8603461384773254, "dawn": 0.8569335341453552, "man": 0.8452343940734863, "traditional": 0.8449829816818237, "contemporary": 0.8439059853553772}