{"health": 0.9959476590156555, "fruit": 0.9937849044799805, "food": 0.991439938545227, "juicy": 0.9879959225654602, "no person": 0.9867169857025146, "healthy": 0.9850856065750122, "disjunct": 0.9810958504676819, "nutrition": 0.9790680408477783, "strawberry": 0.9741248488426208, "diet": 0.962056577205658, "delicious": 0.961168646812439, "sweet": 0.9537187814712524, "berry": 0.9480745196342468, "freshness": 0.9473462700843811, "confection": 0.9351322054862976, "vitamin": 0.9305734634399414, "isolated": 0.9296018481254578, "leaf": 0.9139593839645386, "stranded": 0.9100672006607056, "closeup": 0.9081916809082031}