{"apple": 0.9941416382789612, "fruit": 0.9860734939575195, "food": 0.9843499064445496, "freshness": 0.9841750264167786, "refreshment": 0.9797737002372742, "sweet": 0.9679187536239624, "delicious": 0.9670360088348389, "weight": 0.9660840034484863, "isolated": 0.9647226929664612, "nutrition": 0.9634533524513245, "no person": 0.943483829498291, "disjunct": 0.9139347076416016, "stranded": 0.9129529595375061, "juicy": 0.9050871133804321, "health": 0.9036914706230164, "confection": 0.890742838382721, "juice": 0.885294497013092, "loss": 0.8760275840759277, "diet": 0.8674269318580627, "bright": 0.850166380405426}