{"woman": 0.9925042390823364, "relaxation": 0.9827097654342651, "indoors": 0.9776895642280579, "leisure": 0.9564726948738098, "dawn": 0.9489275813102722, "family": 0.9464156627655029, "pretty": 0.9104503393173218, "comfort": 0.8875641226768494, "sexy": 0.8758706450462341, "love": 0.8731933832168579, "health": 0.8720580339431763, "pajamas": 0.8707742691040039, "maternity": 0.8702313303947449, "bed": 0.8699651956558228, "composure": 0.8693135380744934, "sit": 0.8549007177352905, "reclining": 0.8536466360092163, "casual": 0.8516038656234741, "bedroom": 0.8472191095352173, "enjoyment": 0.8393217325210571}