{"cropland": 0.9962375164031982, "landscape": 0.9906349778175354, "agriculture": 0.9876902103424072, "field": 0.9844909310340881, "farm": 0.9569739699363708, "travel": 0.9539752006530762, "hill": 0.950528085231781, "no person": 0.9300527572631836, "sky": 0.9259875416755676, "crop": 0.9135262966156006, "tree": 0.8943250775337219, "nature": 0.8869121670722961, "light": 0.8752725124359131, "airplane": 0.8741670250892639, "grass": 0.8722578883171082, "vineyard": 0.8531658053398132, "mountain": 0.8463554382324219, "valley": 0.8388116359710693, "soil": 0.8387342095375061, "scenic": 0.822005033493042}