{"template": 0.9951712489128113, "form": 0.9868761301040649, "layout": 0.986287534236908, "page": 0.9778808355331421, "label": 0.9754189848899841, "steps": 0.9713155031204224, "stripe": 0.9690101146697998, "presentation": 0.9680320024490356, "donation": 0.9659704566001892, "booklet": 0.9653037190437317, "navigation": 0.9603187441825867, "variant": 0.9573593139648438, "restaurant check": 0.9537922143936157, "World Wide Web": 0.944407045841217, "banner": 0.9439384341239929, "stepping": 0.9386957883834839, "option (finance)": 0.9386566877365112, "tag": 0.9357783198356628, "vector": 0.9331124424934387, "sequence": 0.9228472113609314}