{"fork": 0.9961579442024231, "knife": 0.9960618615150452, "no person": 0.9892487525939941, "dining": 0.9824972748756409, "flatware": 0.9745110869407654, "lunch": 0.973787784576416, "cutlery": 0.9722263216972351, "breakfast": 0.9712112545967102, "dinner": 0.970398485660553, "food": 0.9694473743438721, "tableware": 0.9549471139907837, "plate": 0.9418069124221802, "glazed": 0.9379672408103943, "silverware": 0.9363710880279541, "dishware": 0.9205816388130188, "cooking": 0.9189426898956299, "empty": 0.9086039662361145, "porcelain": 0.9028986096382141, "spoon": 0.9004262685775757, "service": 0.8877487778663635}