{"corn": 0.9998806715011597, "corncob": 0.9996795654296875, "hazelnut": 0.9982931017875671, "popcorn": 0.9870842099189758, "agriculture": 0.9865147471427917, "pasture": 0.9836040139198303, "health": 0.9791504144668579, "straw": 0.9626742601394653, "nutrition": 0.9581960439682007, "no person": 0.9549335241317749, "crop": 0.953029990196228, "labyrinth": 0.9511948227882385, "food": 0.9511159658432007, "vegetable": 0.9444795846939087, "gold": 0.9430481195449829, "cereal": 0.9395701289176941, "bio": 0.9388477206230164, "farm": 0.9387356042861938, "desktop": 0.9291496276855469, "healthy": 0.9158316850662231}