{"diagram": 0.9976271986961365, "progress": 0.9958418011665344, "graphic design": 0.9912703037261963, "facts": 0.9888124465942383, "presentation": 0.9871993660926819, "graph": 0.9853971600532532, "no person": 0.9851206541061401, "wheel": 0.9665651321411133, "business": 0.9664201140403748, "data": 0.9528788328170776, "education": 0.9524925947189331, "origami": 0.9521421790122986, "information": 0.9472869038581848, "steps": 0.928234875202179, "illustration": 0.9267891645431519, "arrow": 0.9219406247138977, "designing": 0.9204955697059631, "draft": 0.9135739803314209, "order": 0.9126296639442444, "stepping": 0.9121413230895996}