{"classroom": 0.9999958276748657, "class": 0.9999165534973145, "teacher": 0.9998279809951782, "education": 0.9998179078102112, "school": 0.9998130202293396, "lesson": 0.9992295503616333, "chalkboard": 0.9990831613540649, "elementary": 0.9982607960700989, "schoolgirl": 0.9974998831748962, "lecture": 0.9961342811584473, "child": 0.9958194494247437, "pupils": 0.9932734966278076, "study": 0.9927547574043274, "elementary school": 0.9916881918907166, "indoors": 0.9884202480316162, "sitting": 0.9872593879699707, "college": 0.9863152503967285, "classmates": 0.9850547313690186, "mathematics": 0.9849064946174622, "professor": 0.9846317768096924}