{"outdoors": 0.9824255704879761, "food": 0.9701647162437439, "nature": 0.9695685505867004, "flora": 0.9689342975616455, "agriculture": 0.9639397859573364, "vertical": 0.9559210538864136, "corncob": 0.9550740122795105, "vegetable": 0.9540613293647766, "growth": 0.9359903931617737, "farm": 0.9284874200820923, "flower": 0.9090986847877502, "horizontal": 0.903410792350769, "crop": 0.8659494519233704, "leaf": 0.8616927266120911, "season": 0.8418047428131104, "corn": 0.8365497589111328, "field": 0.8200007081031799, "fruit": 0.8161254525184631, "husk": 0.8076930642127991, "tree": 0.8051231503486633}