{"nature": 0.9975563287734985, "vineyard": 0.9913608431816101, "outdoors": 0.990996241569519, "countryside": 0.9816240668296814, "pasture": 0.9808071255683899, "summer": 0.9797090888023376, "basket": 0.958686351776123, "farm": 0.9586654305458069, "field": 0.9529378414154053, "farming": 0.9491164088249207, "agriculture": 0.9478639960289001, "rural": 0.9285586476325989, "grass": 0.9259549975395203, "leisure": 0.9179463982582092, "man": 0.9161392450332642, "agriculturist": 0.8970804214477539, "fair weather": 0.8956443071365356, "happiness": 0.8955371975898743, "cropland": 0.8932322859764099, "crop": 0.8864606618881226}