{"no person": 0.9807974100112915, "illustration": 0.9686846733093262, "business": 0.9346277117729187, "isolated": 0.9119907021522522, "cute": 0.9095585346221924, "paper": 0.9065903425216675, "vector": 0.9053756594657898, "fun": 0.8768454194068909, "leaf": 0.8685911297798157, "vectors": 0.8671553730964661, "nature": 0.8316043019294739, "graphic design": 0.8312655091285706, "funny": 0.8093380928039551, "design": 0.8072860836982727, "child": 0.8047246932983398, "food": 0.8024915456771851, "disjunct": 0.7984069585800171, "sketch": 0.7935344576835632, "retro": 0.7749432325363159, "desktop": 0.769751250743866}