{"kiwi": 0.9961367249488831, "juicy": 0.9949572682380676, "tropical": 0.9927932024002075, "fruit": 0.991330623626709, "exotic": 0.9885258674621582, "health": 0.9837033748626709, "food": 0.9823188185691833, "nature": 0.9812701940536499, "game half": 0.9682356715202332, "hairy": 0.9680473208427429, "no person": 0.9650875926017761, "section": 0.962024450302124, "nutrition": 0.9552633762359619, "half": 0.9538508653640747, "confection": 0.9447854161262512, "juice": 0.9409310221672058, "slice": 0.9325774908065796, "vitamin": 0.9233580231666565, "disjunct": 0.9048433303833008, "summer": 0.8881552815437317}