{"currency": 0.9984652996063232, "savings": 0.9973167777061462, "money": 0.9971832633018494, "wealth": 0.99703049659729, "finance": 0.9966122508049011, "dollar": 0.9962753057479858, "cash": 0.9955015778541565, "business": 0.9929823875427246, "pay": 0.9921905398368835, "paper": 0.9906548857688904, "century": 0.9906383752822876, "bank": 0.9899397492408752, "achievement": 0.988015353679657, "debt": 0.9804336428642273, "tax": 0.9790592193603516, "loan": 0.9788724780082703, "financial": 0.9781538248062134, "investment": 0.9771793484687805, "abundance": 0.9620416760444641, "desktop": 0.9527020454406738}