{"water": 0.9911187291145325, "sunset": 0.9851310849189758, "dawn": 0.9759846925735474, "nature": 0.9663249850273132, "sea": 0.9540748596191406, "river": 0.9475540518760681, "beach": 0.9462296962738037, "sky": 0.9443058371543884, "H2O": 0.9385073781013489, "boat": 0.9379390478134155, "lake": 0.9296550154685974, "rain": 0.923170268535614, "landscape": 0.9202705025672913, "sun": 0.9198971390724182, "summer": 0.9067540168762207, "travel": 0.8933283686637878, "pier": 0.8892015218734741, "no person": 0.8648473024368286, "ocean": 0.8564308881759644, "bridge": 0.8438753485679626}