{"flame": 0.9989363551139832, "burn": 0.9959094524383545, "burnt": 0.9956995248794556, "heat": 0.9930922985076904, "no person": 0.9898760914802551, "danger": 0.9885352253913879, "hot": 0.9784124493598938, "ash": 0.9721075892448425, "outdoors": 0.9574676752090454, "flammable": 0.9508067965507507, "one": 0.9246641993522644, "smoke": 0.9208957552909851, "campfire": 0.9129094481468201, "bonfire": 0.9122610688209534, "cozy": 0.9010652303695679, "firewood": 0.9005377292633057, "coal": 0.8779832124710083, "blaze": 0.861672043800354, "dark": 0.8548589944839478, "natural gas": 0.8501825928688049}