{"World Wide Web": 0.9768178462982178, "presentation": 0.9765403866767883, "booklet": 0.9732704162597656, "number": 0.9693605899810791, "layout": 0.957892894744873, "text": 0.9552805423736572, "form": 0.9534922242164612, "restaurant check": 0.9474397897720337, "template": 0.9467096924781799, "bill": 0.9399617910385132, "information": 0.9309400916099548, "business": 0.9270198345184326, "tag": 0.9128386974334717, "facts": 0.9120727181434631, "illustration": 0.9037976861000061, "advertising": 0.8940811157226562, "promotion": 0.8931538462638855, "magazine": 0.8818961977958679, "label": 0.8816911578178406, "option (finance)": 0.8572317957878113}