{"wealth": 0.9922312498092651, "business": 0.9880518913269043, "money": 0.983936071395874, "currency": 0.9768857955932617, "finance": 0.9742599129676819, "dollar": 0.9684999585151672, "paper": 0.9535750150680542, "bank": 0.9512649178504944, "savings": 0.9402884840965271, "cash": 0.9327452182769775, "pay": 0.8762207627296448, "achievement": 0.8650121092796326, "tax": 0.8621557950973511, "gambling": 0.8603925704956055, "luck": 0.8595880270004272, "financial": 0.8592414855957031, "sign": 0.8497722744941711, "one": 0.8435029983520508, "abundance": 0.8426211476325989, "commerce": 0.8328463435173035}