{"flora": 0.9952013492584229, "grass": 0.994342565536499, "herb": 0.9933930039405823, "agriculture": 0.9927950501441956, "nature": 0.9905202388763428, "leaf": 0.988820493221283, "herbal": 0.9877392649650574, "medicine": 0.9660193920135498, "alternative": 0.9626783728599548, "cannabis": 0.9577101469039917, "outdoors": 0.9497967958450317, "illegal": 0.9493685364723206, "pot": 0.9483143091201782, "marijuana": 0.9417345523834229, "vegetable": 0.9257810115814209, "no person": 0.9223214983940125, "food": 0.9193525314331055, "growth": 0.91679447889328, "soil": 0.9132373929023743, "desktop": 0.9065788984298706}