{"isolated": 0.9891908168792725, "equipment": 0.9865884184837341, "fashion": 0.9854187965393066, "leather": 0.9795602560043335, "handle": 0.9731408953666687, "plastic": 0.9715401530265808, "desktop": 0.965021014213562, "accessory": 0.9551328420639038, "tool": 0.9303374290466309, "color": 0.9090810418128967, "wear": 0.9083709120750427, "exert": 0.898724377155304, "cutout": 0.8913272619247437, "safety": 0.8872111439704895, "bag": 0.8784670829772949, "studio": 0.8753964304924011, "glazed": 0.872651994228363, "shining": 0.871820330619812, "rubberize": 0.8662776350975037, "closeup": 0.8596753478050232}