{"costume": 0.9833675622940063, "festival": 0.9787153005599976, "fantasy": 0.9749710559844971, "art": 0.9738733172416687, "mask": 0.9696003794670105, "parade": 0.9590383768081665, "celebration": 0.9457497000694275, "party": 0.938261091709137, "entertainment": 0.9288614392280579, "theater": 0.9197628498077393, "fun": 0.9173243045806885, "masquerade": 0.9049502015113831, "design": 0.8997477889060974, "traditional": 0.8956641554832458, "illustration": 0.8717041611671448, "public show": 0.8706797957420349, "stage": 0.8625662922859192, "culture": 0.8555415272712708, "phantasy": 0.8543994426727295, "woman": 0.850344181060791}