{"business": 0.9053305983543396, "no person": 0.8750203251838684, "indoors": 0.8717158436775208, "horizontal": 0.8223277926445007, "sofa": 0.7941471934318542, "chair": 0.7591968178749084, "contemporary": 0.7368553876876831, "illustration": 0.730728805065155, "isolated": 0.718939483165741, "armchair": 0.7164949774742126, "family": 0.6992038488388062, "achievement": 0.6783546209335327, "seat": 0.6657249331474304, "furniture": 0.6649330854415894, "luxury": 0.66242516040802, "room": 0.6384233236312866, "technology": 0.6301312446594238, "internet": 0.6214789748191833, "leather": 0.6121035218238831, "architecture": 0.6092700958251953}