{"woman": 0.9984475374221802, "pretty": 0.9899829030036926, "eye": 0.9847584962844849, "fashion": 0.9827691912651062, "skin": 0.9766508936882019, "elegant": 0.9722846150398254, "hair": 0.9683769345283508, "glamour": 0.9653010368347168, "sexy": 0.9594430327415466, "young": 0.9589699506759644, "lips": 0.9548348784446716, "indoors": 0.9454121589660645, "long": 0.9382913708686829, "health": 0.9380754232406616, "cute": 0.9138702750205994, "adolescent": 0.883262574672699, "contemporary": 0.8654286861419678, "composure": 0.8626031875610352, "clean": 0.861325740814209, "isolated": 0.8607496619224548}