{"food": 0.9839789867401123, "kind": 0.9831831455230713, "fruit": 0.9678186774253845, "vegetable": 0.965630829334259, "no person": 0.9640406966209412, "collection": 0.9622777104377747, "assortment": 0.950477659702301, "healthy": 0.9487574696540833, "health": 0.9447287321090698, "desktop": 0.9393693804740906, "still life": 0.9392659664154053, "garlic": 0.9342021942138672, "cooking": 0.9267805814743042, "nutrition": 0.9256402254104614, "wood": 0.9247298240661621, "apple": 0.9231379628181458, "bowl": 0.9185689091682434, "diet": 0.9142408967018127, "collage": 0.9101783633232117, "abundance": 0.9079533219337463}