{"street": 0.9958373308181763, "light": 0.9855539202690125, "city": 0.9811515212059021, "art": 0.9710120558738708, "square": 0.9591727256774902, "urban": 0.9552848935127258, "neon": 0.9490660429000854, "travel": 0.9379491209983826, "evening": 0.9106401801109314, "dark": 0.8915167450904846, "color": 0.8822110891342163, "reflection": 0.8599798679351807, "tourism": 0.8599659204483032, "graffiti": 0.8599558472633362, "illuminated": 0.8496388792991638, "old": 0.8493047952651978, "town": 0.8435516357421875, "action place": 0.8385632038116455, "architecture": 0.8381137847900391, "vacation": 0.8295527100563049}