{"no person": 0.9842919111251831, "business": 0.9358134865760803, "merchandise": 0.928170382976532, "kind": 0.9244624972343445, "paper": 0.9075957536697388, "health": 0.8912221789360046, "glass items": 0.8776198029518127, "retro": 0.860443651676178, "shopping": 0.8589600324630737, "plastic": 0.8453053832054138, "healthcare": 0.837120532989502, "collection": 0.8287777304649353, "indoors": 0.8230504989624023, "H2O": 0.8216854333877563, "graphic design": 0.8143540620803833, "food": 0.8108766078948975, "set": 0.7862772345542908, "money": 0.7860777974128723, "condom": 0.7831581830978394, "trash": 0.7806824445724487}