{"wealth": 0.9936715364456177, "currency": 0.9936268329620361, "business": 0.9850904941558838, "savings": 0.9842998385429382, "pay": 0.9794105291366577, "act of giving": 0.977384626865387, "paper": 0.9727419018745422, "money": 0.964607834815979, "finance": 0.9628545045852661, "horizontal": 0.9544374346733093, "achievement": 0.9391579627990723, "generosity": 0.9246968030929565, "shopping": 0.922640323638916, "greed": 0.908812940120697, "isolated": 0.899250864982605, "abundance": 0.8978204131126404, "investment": 0.887997031211853, "dollar": 0.8532698154449463, "hand": 0.8499469757080078, "woman": 0.8372977375984192}