{"no person": 0.9942235350608826, "outdoors": 0.9623622894287109, "architecture": 0.9572508931159973, "seat": 0.9530112743377686, "house": 0.9472991824150085, "empty": 0.9146414995193481, "bench": 0.8945873379707336, "grass": 0.8945114612579346, "home": 0.8839570879936218, "furniture": 0.8804421424865723, "summer": 0.8732538223266602, "sky": 0.8670276403427124, "chair": 0.8600054383277893, "travel": 0.8565409183502197, "indoors": 0.8507355451583862, "building": 0.8501427173614502, "absence": 0.8396318554878235, "family": 0.8300197720527649, "wood": 0.8259584903717041, "luxury": 0.8251630067825317}