{"no person": 0.9957689046859741, "health": 0.9953247308731079, "delicious": 0.9828974604606628, "nutrition": 0.9823081493377686, "juicy": 0.978348433971405, "vitamin": 0.9679151773452759, "apple": 0.9467558264732361, "food": 0.9421128034591675, "nature": 0.9342966079711914, "bright": 0.9331891536712646, "juice": 0.9218286871910095, "taste": 0.9110639095306396, "wet": 0.9073707461357117, "fruit": 0.902403712272644, "ingredients": 0.8987460732460022, "balanced diet": 0.898332953453064, "summer": 0.8963085412979126, "disjunct": 0.8826634883880615, "farming": 0.8755531311035156, "isolated": 0.8739930391311646}