{"text": 0.9687542915344238, "facts": 0.960929274559021, "information": 0.9544897079467773, "sign": 0.9362432956695557, "outdoors": 0.9175135493278503, "option": 0.880202054977417, "travel": 0.8729279637336731, "business": 0.8719760775566101, "arrow": 0.8713405132293701, "nature": 0.8675666451454163, "education": 0.8633950352668762, "no person": 0.8622496724128723, "number": 0.8260414600372314, "label": 0.8222135901451111, "signalise": 0.7603352665901184, "landscape": 0.7602996230125427, "order": 0.7579116225242615, "advice": 0.7431268095970154, "growth": 0.7423852682113647, "paper": 0.7336782813072205}