{"no person": 0.9710057377815247, "business": 0.9680611491203308, "template": 0.9677397608757019, "facts": 0.9504597187042236, "World Wide Web": 0.9102996587753296, "data": 0.9091215133666992, "time": 0.9066075086593628, "graphic design": 0.8928262591362, "internet": 0.8760643005371094, "designing": 0.8739979863166809, "information": 0.8650720715522766, "layout": 0.8626598715782166, "presentation": 0.8574996590614319, "education": 0.8536366820335388, "banner": 0.8509733080863953, "promotion": 0.8478017449378967, "schedule": 0.8241840600967407, "text": 0.8136242032051086, "page": 0.8107366561889648, "spherical": 0.8104454278945923}