{"research": 0.9853604435920715, "safety": 0.9726740121841431, "financial security ": 0.9707750678062439, "down to a science": 0.9700260758399963, "healthcare": 0.9697129726409912, "discovery": 0.9657506942749023, "woman": 0.9632786512374878, "chemistry": 0.9631454944610596, "biology": 0.9506610035896301, "science": 0.9476461410522461, "man": 0.9394994378089905, "gloves": 0.9348992705345154, "teamwork": 0.9347432851791382, "health": 0.9318190813064575, "indoors": 0.9236342906951904, "technology": 0.9026966094970703, "protection": 0.8805453777313232, "looking": 0.8729486465454102, "industry": 0.8719655871391296, "horizontal": 0.8703101277351379}