{"basket": 0.9808324575424194, "nature": 0.979905903339386, "food": 0.9785511493682861, "leaf": 0.9687111973762512, "vegetable": 0.9680325388908386, "no person": 0.9637124538421631, "outdoors": 0.962243378162384, "garden": 0.9578351378440857, "pasture": 0.9463931322097778, "health": 0.9422414302825928, "summer": 0.9233221411705017, "healthy": 0.9199516177177429, "grow": 0.9110095500946045, "agriculture": 0.9103666543960571, "growth": 0.9068017601966858, "soil": 0.901094913482666, "farm": 0.8942075967788696, "radish": 0.8751661777496338, "flora": 0.8722554445266724, "wood": 0.8695610165596008}