{"map": 0.9999901056289673, "geography": 0.9999557733535767, "cartography": 0.9998493194580078, "country": 0.9998121857643127, "Continent": 0.99893718957901, "atlas": 0.9988622665405273, "margin": 0.9979636669158936, "International": 0.9965547323226929, "soil": 0.9926611185073853, "outline": 0.9893866777420044, "universe": 0.9877233505249023, "illustration": 0.9842004179954529, "ball-shaped": 0.9833258390426636, "territory": 0.9821020364761353, "contour": 0.9804509878158569, "spherical": 0.9775553941726685, "planet": 0.9746300578117371, "travel": 0.9723074436187744, "location": 0.9658911228179932, "topography": 0.9551413059234619}