{"tractor": 0.9959126114845276, "machinery": 0.9908576607704163, "machine": 0.9661087393760681, "wheel": 0.9605394601821899, "diesel": 0.950899064540863, "no person": 0.9271049499511719, "vehicle": 0.9239813089370728, "power": 0.9236016273498535, "car": 0.9040704965591431, "tire": 0.9038969874382019, "heavy": 0.8773224353790283, "equipment": 0.8760186433792114, "truck": 0.8616410493850708, "technology": 0.8537143468856812, "transportation system": 0.8258744478225708, "soil": 0.8028420805931091, "engine": 0.7193763852119446, "industry": 0.719244658946991, "ball-shaped": 0.6923108100891113, "driver": 0.6686951518058777}