{"health": 0.986581563949585, "isolate": 0.9660823345184326, "medicine": 0.954643189907074, "food": 0.9543361663818359, "no person": 0.9501634240150452, "healthy": 0.9472211003303528, "isolated": 0.9231521487236023, "nutrition": 0.9154506921768188, "disjunct": 0.89500892162323, "chemistry": 0.8940447568893433, "liquid": 0.8922983407974243, "juicy": 0.8885241746902466, "glass": 0.8719329833984375, "color": 0.8701913356781006, "stranded": 0.8676506876945496, "delicious": 0.8672874569892883, "vitamin": 0.8617479801177979, "nature": 0.8580766320228577, "diet": 0.8526657223701477, "leaf": 0.8496942520141602}