{"pumpkin": 0.9986876845359802, "no person": 0.9972833395004272, "Halloween": 0.9972067475318909, "squash": 0.9950463771820068, "food": 0.992463231086731, "grow": 0.9921277761459351, "fall": 0.9906253814697266, "Thanksgiving": 0.9861457943916321, "vegetable": 0.9827229976654053, "pasture": 0.9677324891090393, "farming": 0.9630722999572754, "nutrition": 0.95615154504776, "gourd (vegetable)": 0.9524720311164856, "wood": 0.945368766784668, "desktop": 0.9383078217506409, "rustic": 0.9336844086647034, "delicious": 0.9323254227638245, "fruit": 0.9230117797851562, "ingredients": 0.9228029251098633, "still life": 0.9197620749473572}