{"no person": 0.9836783409118652, "health": 0.9587210416793823, "nutrition": 0.9367435574531555, "nature": 0.935245931148529, "food": 0.9275569319725037, "apple": 0.9089890122413635, "desktop": 0.903350830078125, "vitamin": 0.8919668197631836, "healthy": 0.881555438041687, "leaf": 0.8780315518379211, "summer": 0.8640451431274414, "fruit": 0.8625381588935852, "isolated": 0.8548601269721985, "delicious": 0.8478364944458008, "freshness": 0.8379325270652771, "horizontal": 0.8347751498222351, "bright": 0.8334448337554932, "disjunct": 0.8326239585876465, "ingredients": 0.81364905834198, "diet": 0.7949612140655518}