{"corn": 0.9998537302017212, "corncob": 0.9987446069717407, "hazelnut": 0.9986374974250793, "straw": 0.996559202671051, "no person": 0.9911303520202637, "pasture": 0.9906598925590515, "popcorn": 0.9897187948226929, "agriculture": 0.9890336990356445, "gold": 0.9875993728637695, "meat": 0.9865727424621582, "cereal": 0.9803205728530884, "desktop": 0.9792492985725403, "nutrition": 0.9790309071540833, "health": 0.9774326086044312, "closeup": 0.9760211706161499, "vegetable": 0.9702334403991699, "color": 0.9663026928901672, "food": 0.961378276348114, "grow": 0.9595212936401367, "healthy": 0.9576671719551086}