{"business": 0.9906514883041382, "touch": 0.9877523183822632, "electronics": 0.9732897281646729, "machinery": 0.9689831137657166, "internet": 0.9630014896392822, "telephone": 0.9628238677978516, "portable": 0.9620190858840942, "paper": 0.9559324979782104, "data": 0.9506876468658447, "technology": 0.9465757012367249, "wireless": 0.9444568157196045, "no person": 0.9407575130462646, "writing": 0.9302715063095093, "computer": 0.918311357498169, "screen": 0.9122061133384705, "organization": 0.9087055325508118, "facts": 0.9009782075881958, "laptop": 0.894135057926178, "pill": 0.8777356147766113, "composition": 0.8775877952575684}