{"no person": 0.9916096329689026, "architecture": 0.9857398867607117, "outdoors": 0.9802842736244202, "contemporary": 0.9514405727386475, "window": 0.9420556426048279, "glass items": 0.9404543042182922, "sky": 0.9324467778205872, "horizontal plane": 0.9324130415916443, "modern": 0.9274423718452454, "business": 0.9261999726295471, "building": 0.9058403372764587, "daylight": 0.8956236243247986, "facade": 0.8651025891304016, "winter": 0.861529529094696, "office": 0.8512066006660461, "empty": 0.8501806259155273, "house": 0.8468950986862183, "luxury": 0.840904712677002, "large": 0.8105584383010864, "horizontal": 0.7952835559844971}