{"leaf": 0.9892016649246216, "agriculture": 0.9878835082054138, "fruit": 0.9864010214805603, "grow": 0.9861825704574585, "outdoors": 0.9858238697052002, "vine": 0.9855448603630066, "food": 0.9855347871780396, "nature": 0.9695495963096619, "no person": 0.9684635996818542, "pasture": 0.9546610713005066, "tree": 0.9486585259437561, "farm": 0.9418521523475647, "blur": 0.9387110471725464, "crop": 0.9354863166809082, "flower": 0.9348282217979431, "growth": 0.9274864196777344, "flora": 0.9186890721321106, "garden": 0.8821796178817749, "vineyard": 0.8758965134620667, "berry": 0.870873749256134}