{"no person": 0.9935333728790283, "time": 0.990044891834259, "business": 0.981295645236969, "paper": 0.9724001288414001, "creativity": 0.9561236500740051, "clock": 0.9501384496688843, "scissors": 0.9398181438446045, "conceptual": 0.9285770058631897, "graphic design": 0.9248773455619812, "facts": 0.8933740258216858, "education": 0.89034104347229, "data": 0.8888146877288818, "achievement": 0.8809327483177185, "arrow": 0.8808904886245728, "growth": 0.8668546676635742, "desktop": 0.8499694466590881, "design": 0.8410463333129883, "illustration": 0.8398658633232117, "office": 0.8234649896621704, "pencil": 0.8218473196029663}