{"nature": 0.984063982963562, "basket": 0.980198085308075, "food": 0.9583145976066589, "pasture": 0.9420478343963623, "wood": 0.9365805387496948, "vegetable": 0.9280937910079956, "garden": 0.9263908267021179, "no person": 0.9170696139335632, "fruit": 0.9131279587745667, "wicker": 0.9064090251922607, "leaf": 0.9032376408576965, "market": 0.9016890525817871, "summer": 0.8983263969421387, "outdoors": 0.892717182636261, "broccoli": 0.8874590396881104, "health": 0.876724898815155, "rustic": 0.8732680678367615, "fall": 0.8644989132881165, "carrot": 0.8611973524093628, "apple": 0.8587111234664917}