{"agriculture": 0.9996403455734253, "soil": 0.9995286464691162, "farm": 0.9980936646461487, "row": 0.9949074387550354, "growth": 0.9946651458740234, "ground": 0.99250727891922, "rural": 0.9886845946311951, "farmland": 0.9875067472457886, "crop": 0.9871997237205505, "field": 0.9852097630500793, "ball-shaped": 0.9850525259971619, "flora": 0.9836511015892029, "no person": 0.9815419316291809, "pasture": 0.978736400604248, "grow": 0.9776372909545898, "nature": 0.9729270339012146, "cultivation": 0.9656001925468445, "food": 0.9632959961891174, "countryside": 0.9632914662361145, "outdoors": 0.9565739035606384}