{"illustration": 0.9917056560516357, "paper": 0.989421546459198, "retro": 0.9699425101280212, "no person": 0.9533529877662659, "vintage": 0.9330547451972961, "animal": 0.9272301197052002, "old": 0.9213811755180359, "nature": 0.915837287902832, "print": 0.9066829681396484, "fish": 0.8998462557792664, "text": 0.8955392241477966, "card": 0.8723657727241516, "desktop": 0.8270877599716187, "head": 0.8077368140220642, "horizontal": 0.8041210770606995, "bill": 0.801017165184021, "art": 0.7919645309448242, "isolated": 0.7691201567649841, "disjunct": 0.7626755833625793, "wildlife": 0.751934289932251}