{"no person": 0.9738171696662903, "house": 0.9658392071723938, "architecture": 0.9564424753189087, "outdoors": 0.9557913541793823, "city": 0.9481972455978394, "building": 0.9433709383010864, "travel": 0.9375038146972656, "industry": 0.9335575103759766, "family": 0.9292941093444824, "sky": 0.9291387796401978, "summer": 0.9187345504760742, "nature": 0.9172596335411072, "home": 0.9110277891159058, "business": 0.889370858669281, "urban": 0.8805022835731506, "tree": 0.8687465786933899, "water": 0.8666223287582397, "garden": 0.8599318861961365, "landscape": 0.8569430112838745, "growth": 0.8554627895355225}