{"greenhouse": 0.9992927312850952, "garden": 0.9981169700622559, "conservatory": 0.9951485991477966, "flora": 0.9947789907455444, "horticulture": 0.993293046951294, "flower": 0.9928098917007446, "maturation": 0.9834570288658142, "leaf": 0.9801803827285767, "botanical": 0.9769733548164368, "growth": 0.9709191918373108, "agriculture": 0.9690396189689636, "nature": 0.9681375622749329, "pot": 0.9591619372367859, "shrub": 0.9533606767654419, "cultivation": 0.9477832913398743, "farm": 0.947154700756073, "summer": 0.9463326930999756, "yard": 0.9264962077140808, "outdoors": 0.9113948941230774, "greenery": 0.9067050814628601}