{"wheat": 0.9987622499465942, "cereal": 0.9957243204116821, "rye": 0.9925170540809631, "bread": 0.9908648133277893, "straw": 0.9897243976593018, "sun": 0.9891327023506165, "corn": 0.9885425567626953, "rural": 0.9875416159629822, "pasture": 0.9873818755149841, "farmland": 0.9799200892448425, "field": 0.977667510509491, "fair weather": 0.9719570875167847, "countryside": 0.9711291790008545, "barley": 0.9707329273223877, "gold": 0.9705314636230469, "sunset": 0.9607178568840027, "crop": 0.9552594423294067, "barley cereal": 0.9511860609054565, "dawn": 0.9493546485900879, "nature": 0.9419891238212585}