{"dice": 0.9989733695983887, "chance": 0.9968940019607544, "casino": 0.9960618615150452, "luck": 0.9949800372123718, "gambling": 0.9948430061340332, "craps": 0.9941195249557495, "lucky": 0.984320878982544, "risk": 0.9709082245826721, "cube": 0.9679397344589233, "shining": 0.9462344646453857, "die": 0.9362844824790955, "put on the line": 0.9345906376838684, "poker": 0.9311947226524353, "no person": 0.9292287826538086, "participate": 0.9136108756065369, "reflection": 0.9022831916809082, "box": 0.8996680974960327, "jackpot": 0.8982591032981873, "bright": 0.8964292407035828, "fun": 0.8906064629554749}