{"machinery": 0.9887680411338806, "no person": 0.9854944944381714, "technology": 0.9769291281700134, "outdoors": 0.9765436053276062, "machine": 0.9653096199035645, "equipment": 0.9642621278762817, "agriculture": 0.9638703465461731, "rural": 0.9550732374191284, "vehicle": 0.9410750269889832, "wheat": 0.940783679485321, "summer": 0.9343534111976624, "countryside": 0.930086076259613, "pasture": 0.9298832416534424, "industry": 0.9283719062805176, "field": 0.9256459474563599, "crop": 0.9095348119735718, "cropland": 0.9083918333053589, "grow": 0.9024609923362732, "soil": 0.8946698307991028, "nature": 0.8932281136512756}