{"no person": 0.9712991714477539, "desktop": 0.9557527899742126, "retro": 0.9364659190177917, "color": 0.9362916946411133, "disjunct": 0.9211344122886658, "love": 0.9210024476051331, "bright": 0.9209152460098267, "typography": 0.9065364599227905, "health": 0.9021193981170654, "design": 0.9007527828216553, "text": 0.8927407264709473, "paper": 0.8778878450393677, "nature": 0.8702440857887268, "sign": 0.8603997230529785, "food": 0.859624445438385, "art": 0.8377494215965271, "style": 0.8280000686645508, "romance": 0.8257434368133545, "isolated": 0.823624312877655, "round out": 0.8229162096977234}