{"education": 0.99273681640625, "classroom": 0.9898668527603149, "woman": 0.9882103204727173, "university": 0.9870982766151428, "college": 0.9842538833618164, "class": 0.9842253923416138, "school": 0.9811506867408752, "student": 0.9720118641853333, "sitting": 0.97098708152771, "indoors": 0.9686058163642883, "man": 0.9679745435714722, "adult": 0.9632647037506104, "adolescent": 0.9562846422195435, "room": 0.9495153427124023, "computer": 0.9471334218978882, "furniture": 0.9422664642333984, "sit": 0.9399482011795044, "group": 0.9357990026473999, "teacher": 0.9324524402618408, "laptop": 0.9319477677345276}