{"food": 0.9882338047027588, "fruit": 0.9876877665519714, "confection": 0.9785255789756775, "juicy": 0.9694448113441467, "sweet": 0.9664404988288879, "color": 0.965137243270874, "banana": 0.9648825526237488, "desktop": 0.9629199504852295, "tropical": 0.9611870646476746, "melon": 0.9574456214904785, "healthy": 0.9565169811248779, "nutrition": 0.9509989619255066, "no person": 0.9505178332328796, "grow": 0.9322395920753479, "vegetable": 0.9254645705223083, "closeup": 0.9250861406326294, "diet": 0.9219247698783875, "watermelon": 0.9127237200737, "tasty": 0.8998925089836121, "summer": 0.889370858669281}