{"business": 0.9989878535270691, "paper": 0.9982669353485107, "finance": 0.9965950846672058, "money": 0.995958149433136, "wealth": 0.9951702952384949, "currency": 0.9937155842781067, "dollar": 0.9911127686500549, "financial": 0.9863440990447998, "achievement": 0.9839539527893066, "savings": 0.9830160737037659, "federal": 0.9762274026870728, "tax": 0.9748883247375488, "administration": 0.9741360545158386, "pay": 0.97345370054245, "document": 0.9725525379180908, "investment": 0.9688155651092529, "income": 0.9658265113830566, "insurance": 0.9560965895652771, "bank": 0.9526983499526978, "cash": 0.9489109516143799}