{"stripe": 0.9972338080406189, "banner": 0.9816030859947205, "template": 0.9771649241447449, "World Wide Web": 0.9770804643630981, "label": 0.9758224487304688, "design": 0.972258985042572, "illustration": 0.9468151330947876, "vector": 0.9356339573860168, "set": 0.9325675368309021, "layout": 0.9148134589195251, "graphic": 0.9073877334594727, "desktop": 0.9037469625473022, "tag": 0.9008209109306335, "identity": 0.8985161781311035, "horizontal": 0.8970370888710022, "navigation": 0.8896909952163696, "site": 0.8852110505104065, "element": 0.882401704788208, "menu (food)": 0.8701425790786743, "page": 0.8686046004295349}