{"no person": 0.9912061095237732, "graphic design": 0.9814879894256592, "contemporary": 0.9691054821014404, "bright": 0.9455618858337402, "business": 0.9286593794822693, "stripe": 0.9165217280387878, "sunbeam": 0.9093884229660034, "internet": 0.8997082710266113, "retro": 0.8952131271362305, "vector": 0.8803033828735352, "navigation": 0.8707902431488037, "design": 0.8644944429397583, "wallpaper": 0.8624803423881531, "shining": 0.8506075143814087, "banner": 0.836583137512207, "creativity": 0.8343313932418823, "facts": 0.8271911144256592, "achievement": 0.8271821737289429, "dark": 0.8255177736282349, "electronics": 0.8223574161529541}