{"agriculture": 0.9991604089736938, "farm": 0.997226893901825, "corn": 0.9951634407043457, "pasture": 0.9922305941581726, "crop": 0.9915726184844971, "growth": 0.9901705384254456, "cereal": 0.9868661761283875, "grow": 0.9855241179466248, "field": 0.9778168797492981, "food": 0.9777732491493225, "outdoors": 0.9710386991500854, "rural": 0.9671257734298706, "countryside": 0.9629130959510803, "cropland": 0.9538748264312744, "summer": 0.9482225179672241, "cornfield": 0.9395946264266968, "farmland": 0.9385005831718445, "nature": 0.9326925873756409, "flora": 0.9208477139472961, "vegetable": 0.9161111116409302}