{"no person": 0.9980354905128479, "graphic design": 0.996833860874176, "stripe": 0.994607150554657, "paper": 0.9889145493507385, "page": 0.9859476089477539, "template": 0.9827318787574768, "navigation": 0.9745466113090515, "presentation": 0.9705214500427246, "layout": 0.9681258201599121, "progress": 0.9678947329521179, "graph": 0.9600391387939453, "data": 0.9585344791412354, "business": 0.9543817639350891, "photocopy": 0.9534450769424438, "restaurant check": 0.9503874182701111, "diagram": 0.9498800039291382, "facts": 0.9493128657341003, "contemporary": 0.9332447648048401, "banner": 0.9232996702194214, "vectors": 0.9190831780433655}