{"agriculture": 0.9991856217384338, "farm": 0.9958242177963257, "crop": 0.9914773106575012, "grow": 0.9881994724273682, "growth": 0.9875360131263733, "soil": 0.9823572635650635, "cropland": 0.9804892539978027, "rural": 0.9802489876747131, "field": 0.9799205660820007, "pasture": 0.9763206839561462, "row": 0.9754736423492432, "no person": 0.9718347191810608, "flora": 0.9706692099571228, "cultivation": 0.9687231779098511, "maturation": 0.9682838320732117, "farmland": 0.9648459553718567, "plantation": 0.9600237607955933, "food": 0.9545688629150391, "countryside": 0.9538310170173645, "nature": 0.9511228799819946}