{"merchandise": 0.9615893959999084, "market": 0.9611241817474365, "isolated": 0.9465861916542053, "stock": 0.9366431832313538, "box": 0.9282574653625488, "shopping": 0.9279124736785889, "achievement": 0.9274565577507019, "business": 0.9188085198402405, "commerce": 0.916370153427124, "food": 0.8963222503662109, "delicious": 0.874546468257904, "promoting": 0.872222900390625, "nutrition": 0.8615981340408325, "no person": 0.8603615760803223, "isolate": 0.8358908891677856, "money": 0.8264197111129761, "breakfast": 0.8257492780685425, "health": 0.8242838978767395, "disjunct": 0.8241834044456482, "sale": 0.8193580508232117}