{"money": 0.9999332427978516, "currency": 0.9999182224273682, "wealth": 0.9998865127563477, "savings": 0.9997501969337463, "finance": 0.9997350573539734, "dollar": 0.9997084736824036, "business": 0.9997081160545349, "paper": 0.9985398054122925, "cash": 0.9985076785087585, "bank": 0.9974333643913269, "pay": 0.9973338842391968, "achievement": 0.9967817068099976, "abundance": 0.995961606502533, "century": 0.9947644472122192, "greed": 0.9913801550865173, "banknote": 0.9909278750419617, "number": 0.9894578456878662, "investment": 0.987603485584259, "prosperity": 0.9868062734603882, "financial": 0.9864007234573364}