{"wheat": 0.9952267408370972, "straw": 0.9949374198913574, "cereal": 0.9940494298934937, "pasture": 0.9890931844711304, "rural": 0.9886648654937744, "countryside": 0.9788786172866821, "corn": 0.9784902930259705, "sky": 0.9678993225097656, "summer": 0.9666301608085632, "field": 0.9630126953125, "nature": 0.9611395597457886, "rye": 0.9581651091575623, "bread": 0.9520378112792969, "grass": 0.9496296048164368, "crop": 0.9438174366950989, "blue sky": 0.9399126172065735, "outdoors": 0.9332382678985596, "sun": 0.9310669898986816, "growth": 0.9264910221099854, "farmland": 0.9248420596122742}