{"World Wide Web": 0.9840907454490662, "template": 0.9757782816886902, "set": 0.9578012228012085, "layout": 0.9466196298599243, "card": 0.945121169090271, "label": 0.9304692149162292, "vector": 0.916969358921051, "banner": 0.9157775044441223, "vectors": 0.9093217849731445, "page": 0.9088393449783325, "name": 0.9087685346603394, "business": 0.906105637550354, "internet": 0.8989336490631104, "illustration": 0.8987866044044495, "graphic": 0.8974958062171936, "company": 0.8970160484313965, "form": 0.8912453651428223, "presentation": 0.8775575160980225, "desktop": 0.8754189014434814, "laptop": 0.8579931259155273}