{"template": 0.9985009431838989, "label": 0.9972779154777527, "World Wide Web": 0.9966596364974976, "banner": 0.9965392351150513, "page": 0.9934021830558777, "layout": 0.9920476078987122, "presentation": 0.9894715547561646, "restaurant check": 0.9875820875167847, "form": 0.9867061972618103, "menu (food)": 0.9857778549194336, "tag": 0.9823203086853027, "navigation": 0.9795570373535156, "set": 0.9732335805892944, "stripe": 0.9691820740699768, "arrow": 0.9683449864387512, "site": 0.9625909924507141, "information": 0.9588165283203125, "promotion": 0.9562652111053467, "vector": 0.9547282457351685, "advertising": 0.9490311741828918}