{"indoors": 0.9945671558380127, "woman": 0.9904870390892029, "togetherness": 0.9895434379577637, "adult": 0.9853675365447998, "education": 0.9848400950431824, "sitting": 0.9797773957252502, "facial expression": 0.9741326570510864, "homework": 0.9712876081466675, "adolescent": 0.967370867729187, "writing": 0.9610288143157959, "sit": 0.9542465806007385, "furniture": 0.9503461122512817, "looking": 0.9367957711219788, "school": 0.9350351691246033, "man": 0.9347342252731323, "room": 0.932161808013916, "cooperation": 0.9320130944252014, "child": 0.9264132380485535, "teamwork": 0.9239404797554016, "concentration": 0.921146035194397}