{"summer": 0.9913944602012634, "nature": 0.9786152839660645, "grass": 0.9765992760658264, "girl": 0.9744051098823547, "child": 0.9666359424591064, "field": 0.9338169097900391, "outdoors": 0.9295569062232971, "smile": 0.9260084629058838, "cute": 0.9174640774726868, "beautiful": 0.916142463684082, "hayfield": 0.8934881091117859, "portrait": 0.888435423374176, "fun": 0.8709020614624023, "fair weather": 0.8668904304504395, "park": 0.866777777671814, "woman": 0.8410657644271851, "sun": 0.8343592882156372, "joy": 0.8291303515434265, "little": 0.8140124082565308, "happiness": 0.7851781845092773}