{"World Wide Web": 0.989632248878479, "internet": 0.9783869981765747, "vectors": 0.9764819741249084, "page": 0.976373553276062, "telephone": 0.974452793598175, "template": 0.9722112417221069, "touch": 0.9714862704277039, "navigation": 0.9537026286125183, "portable": 0.9453492760658264, "menu (food)": 0.9351463913917542, "illustration": 0.915245771408081, "technology": 0.9104659557342529, "wireless": 0.9045103192329407, "number": 0.9035488367080688, "electronics": 0.901805579662323, "business": 0.8932748436927795, "no person": 0.8932636976242065, "screen": 0.8923120498657227, "facts": 0.8790203332901001, "form": 0.8761327862739563}