{"agriculture": 0.9985874891281128, "growth": 0.9966176152229309, "corn": 0.9958470463752747, "farm": 0.9931275844573975, "flora": 0.9894571900367737, "outdoors": 0.9874482750892639, "soil": 0.9853325486183167, "crop": 0.9841780066490173, "field": 0.9804480075836182, "cornfield": 0.9754768013954163, "nature": 0.9731715321540833, "pasture": 0.973168134689331, "cereal": 0.9673041701316833, "leaf": 0.9672085046768188, "corncob": 0.9648382067680359, "environment": 0.9597156047821045, "food": 0.9588676691055298, "rural": 0.9585226774215698, "sky": 0.9567285180091858, "farmland": 0.9548993110656738}