{"banner": 0.9368419051170349, "template": 0.9241626858711243, "business": 0.9146804213523865, "label": 0.914057195186615, "stripe": 0.9011268615722656, "horizontal": 0.8992332816123962, "page": 0.8991260528564453, "text": 0.8961257338523865, "identity": 0.8958733081817627, "illustration": 0.8883675932884216, "presentation": 0.8876875042915344, "card": 0.8742284178733826, "facts": 0.8626507520675659, "vector": 0.8600071668624878, "navigation": 0.8568664789199829, "name": 0.8537525534629822, "graph": 0.8492599725723267, "form": 0.8468608260154724, "no person": 0.8452368378639221, "time": 0.8384660482406616}