{"keyboard": 0.9994596838951111, "computer": 0.9992488026618958, "key": 0.999113142490387, "internet": 0.9985852241516113, "business": 0.9974870681762695, "technology": 0.9974533915519714, "online": 0.9898586869239807, "data": 0.9838964939117432, "text": 0.9826073050498962, "access": 0.9817018508911133, "communication": 0.9709658622741699, "World Wide Web": 0.9689006209373474, "network": 0.9680446982383728, "close in": 0.9575775265693665, "laptop": 0.95597904920578, "connection": 0.948538064956665, "no person": 0.9472779035568237, "facts": 0.9427894949913025, "security": 0.9398891925811768, "information": 0.9384985566139221}