{"agriculture": 0.9971639513969421, "farm": 0.9934804439544678, "growth": 0.9833594560623169, "crop": 0.9825297594070435, "pasture": 0.9770839810371399, "industry": 0.9763166308403015, "field": 0.9698389172554016, "rural": 0.9671074748039246, "machine": 0.961219847202301, "farmland": 0.9607261419296265, "nature": 0.957145094871521, "flora": 0.9538512825965881, "soil": 0.9510151743888855, "tractor": 0.9499213099479675, "farming": 0.9486814737319946, "food": 0.937976062297821, "countryside": 0.9321616888046265, "outdoors": 0.9321572780609131, "no person": 0.9192883968353271, "machinery": 0.9095519781112671}