{"market": 0.9986108541488647, "kind": 0.9979713559150696, "stall": 0.9956883788108826, "banana": 0.9918047189712524, "abundance": 0.990069568157196, "no person": 0.9892461895942688, "marketplace": 0.9873292446136475, "sale": 0.9872009754180908, "pineapple": 0.986164927482605, "sell": 0.9803521633148193, "health": 0.9785860776901245, "fruit": 0.9761129021644592, "peach": 0.9731778502464294, "melon": 0.9663122892379761, "shopping": 0.9605967402458191, "pear": 0.9543238878250122, "option": 0.9520642757415771, "supermarket": 0.9508926868438721, "variation": 0.9496272206306458, "pasture": 0.9447221159934998}