{"stacks": 0.9849544763565063, "business": 0.9809122085571289, "paper": 0.9765943884849548, "no person": 0.9686775207519531, "wealth": 0.9591180086135864, "savings": 0.9514272212982178, "currency": 0.9200199842453003, "achievement": 0.910154402256012, "facts": 0.8876124620437622, "knowledge": 0.8874324560165405, "book": 0.8874202370643616, "finance": 0.8833266496658325, "data": 0.8812221884727478, "money": 0.8756566047668457, "graphic design": 0.8592575788497925, "literature": 0.8510741591453552, "research": 0.8132282495498657, "education": 0.8025051355361938, "growth": 0.772034227848053, "horizontal": 0.7598494291305542}