{"market": 0.999404788017273, "stall": 0.9970107078552246, "kind": 0.9935023188591003, "vegetable": 0.9879209995269775, "sale": 0.9835779666900635, "supermarket": 0.9827369451522827, "eggplant": 0.9686536192893982, "grow": 0.9685084223747253, "food": 0.9663971066474915, "no person": 0.9600354433059692, "health": 0.9555627107620239, "healthy": 0.9554064273834229, "fruit": 0.9543055295944214, "basket": 0.953735888004303, "banana": 0.953183114528656, "cabbage": 0.9493310451507568, "garlic": 0.9486498236656189, "pasture": 0.9466586112976074, "sell": 0.9448494911193848, "marketplace": 0.9416998028755188}