{"grass": 0.9966170191764832, "outdoors": 0.9949679970741272, "animal": 0.9942235350608826, "nature": 0.9940985441207886, "wildlife": 0.9833081960678101, "horizontal": 0.9718465209007263, "springtime": 0.9704588055610657, "hare": 0.9481768608093262, "hayfield": 0.9305114150047302, "field": 0.929652750492096, "portrait": 0.9280228018760681, "Easter": 0.9215933680534363, "bird": 0.9036601781845093, "rabbit": 0.8972650170326233, "cloud": 0.89377760887146, "cute": 0.8765586018562317, "vertical": 0.8593498468399048, "vertebrate": 0.8572195172309875, "farm": 0.8547516465187073, "summer": 0.8530192971229553}