{"desktop": 0.9909825921058655, "no person": 0.9803901314735413, "wood": 0.9731506109237671, "pattern": 0.952081561088562, "texture": 0.9505411982536316, "abstract": 0.9406735897064209, "nature": 0.9328392148017883, "landscape": 0.9315817952156067, "outdoors": 0.9210824966430664, "color": 0.9208304286003113, "travel": 0.9152353405952454, "tree": 0.9098606705665588, "wooden": 0.9084691405296326, "daylight": 0.9066285490989685, "environment": 0.8991518020629883, "water": 0.8977147340774536, "retro": 0.8929324150085449, "old": 0.8869678974151611, "design": 0.8813701868057251, "rural": 0.8789445161819458}