{"moon": 0.993330180644989, "astronomy": 0.984305202960968, "no person": 0.9776155352592468, "galaxy": 0.9747852683067322, "sun": 0.9740617275238037, "astrology": 0.9517766237258911, "planet": 0.9512037634849548, "space": 0.9396339058876038, "nature": 0.9298343062400818, "sky": 0.9262189865112305, "fantasy": 0.924036979675293, "dark": 0.9210565090179443, "H2O": 0.9103776812553406, "ball-shaped": 0.9070844054222107, "water": 0.901471734046936, "science": 0.9005067944526672, "sunset": 0.8977446556091309, "abstract": 0.8761683106422424, "fiction": 0.8748053312301636, "reflection": 0.8744319677352905}