{"business": 0.9516903758049011, "no person": 0.948215126991272, "disjunct": 0.944122850894928, "diagram": 0.9376335740089417, "growth": 0.9149875044822693, "illustration": 0.9099590182304382, "progress": 0.9050159454345703, "facts": 0.9028701186180115, "corporation": 0.8969560265541077, "graph": 0.8826865553855896, "education": 0.8822205066680908, "graphic design": 0.877802848815918, "horizontal": 0.8717203140258789, "data": 0.8653350472450256, "strategy": 0.8540120124816895, "designing": 0.8503817915916443, "organization": 0.841084361076355, "research": 0.8281773328781128, "connection": 0.8210554122924805, "internet": 0.8095678687095642}