{"Halloween": 0.9711257815361023, "illustration": 0.9633870720863342, "horror": 0.9622948169708252, "fun": 0.9455803036689758, "fantasy": 0.9434106945991516, "moon": 0.9315558075904846, "scary": 0.9299227595329285, "no person": 0.9178539514541626, "art": 0.9163587093353271, "music": 0.9121641516685486, "woman": 0.9117767810821533, "vicious": 0.9108698964118958, "entertainment": 0.9092243313789368, "war": 0.8964884281158447, "silhouette": 0.8954461812973022, "military": 0.8942463994026184, "eerie": 0.8892858624458313, "recreation": 0.8876078724861145, "danger": 0.8839206695556641, "travel": 0.8836333751678467}