{"nature": 0.9943016767501831, "togetherness": 0.9806146025657654, "outdoors": 0.9801262021064758, "couple": 0.9748849272727966, "leisure": 0.9734872579574585, "woman": 0.9725270867347717, "man": 0.9719027280807495, "summer": 0.970704972743988, "grass": 0.9671837687492371, "love": 0.9572216272354126, "happiness": 0.9412714242935181, "girl": 0.9404456615447998, "fun": 0.930553138256073, "walk": 0.9228634238243103, "lifestyle": 0.9222663044929504, "relaxation": 0.919324517250061, "friendship": 0.9132282733917236, "child": 0.9060090184211731, "family": 0.8989514708518982, "active": 0.8928203582763672}