{"pattern": 0.9664229154586792, "desktop": 0.962853729724884, "no person": 0.9598429799079895, "design": 0.9539088606834412, "abstract": 0.9538137912750244, "color": 0.9251292943954468, "textile": 0.9150049686431885, "line": 0.9139434695243835, "texture": 0.9054775238037109, "growth": 0.9027597904205322, "graphic": 0.899734616279602, "decoration": 0.8816558718681335, "nature": 0.8645785450935364, "fabric": 0.8586288690567017, "illustration": 0.8508638739585876, "art": 0.8454749584197998, "stripe": 0.8419930934906006, "outdoors": 0.8340644240379333, "business": 0.8080047369003296, "wool": 0.8012409210205078}