{"sketch": 0.9794092774391174, "fun": 0.9714469909667969, "illustration": 0.9703594446182251, "funny": 0.9685981273651123, "vector": 0.9472207427024841, "child": 0.9424198269844055, "cute": 0.9331977367401123, "man": 0.9267581701278687, "isolated": 0.9245295524597168, "graphic design": 0.9186791181564331, "no person": 0.9020629525184631, "humor": 0.8724780678749084, "business": 0.8686171174049377, "education": 0.860136866569519, "son": 0.8384914398193359, "preschool": 0.8298107981681824, "amusing": 0.8287076950073242, "infantile": 0.810897171497345, "family": 0.8073870539665222, "vectors": 0.8071901202201843}