{"graphic design": 0.9968079924583435, "grass": 0.995570957660675, "no person": 0.9951779842376709, "illustration": 0.9924651384353638, "vector": 0.987782895565033, "nature": 0.9713767170906067, "sky": 0.9700764417648315, "outdoors": 0.9637442231178284, "sketch": 0.9618602991104126, "rural": 0.9594864845275879, "summer": 0.9558491706848145, "sun": 0.9534755349159241, "family": 0.9498462677001953, "countryside": 0.94721919298172, "architecture": 0.9435828328132629, "fun": 0.942764163017273, "growth": 0.9395701289176941, "cute": 0.9360732436180115, "child": 0.9342842102050781, "travel": 0.9301041960716248}