{"agriculture": 0.997779905796051, "rural": 0.9925406575202942, "pasture": 0.9908843636512756, "farm": 0.9898874163627625, "farmland": 0.9884048700332642, "countryside": 0.9879866242408752, "soil": 0.9870908260345459, "growth": 0.9851580262184143, "no person": 0.9846707582473755, "field": 0.979864239692688, "cropland": 0.9752137064933777, "nature": 0.9731648564338684, "sky": 0.9614169597625732, "crop": 0.9587598443031311, "outdoors": 0.9560022354125977, "summer": 0.942229688167572, "ground": 0.9185231924057007, "industry": 0.9039586782455444, "fair weather": 0.8918821215629578, "grass": 0.8824242949485779}