{"no person": 0.9944610595703125, "health": 0.989336371421814, "ingredients": 0.980863094329834, "juicy": 0.9793227910995483, "nutrition": 0.978540301322937, "food": 0.9727159738540649, "tomato": 0.9583660960197449, "farming": 0.9515489339828491, "delicious": 0.9485740065574646, "shining": 0.946453869342804, "disjunct": 0.9436930418014526, "leaf": 0.9314598441123962, "cooking": 0.9128434658050537, "isolate": 0.9016031622886658, "vitamin": 0.8982731103897095, "isolated": 0.8866199254989624, "round out": 0.8811063170433044, "grow": 0.8598105907440186, "vegetable": 0.8432846665382385, "balanced diet": 0.8424961566925049}