{"watermelon": 0.9900700449943542, "melon": 0.9726372361183167, "fruit": 0.9654825925827026, "nature": 0.9376488327980042, "freshness": 0.9349019527435303, "horizontal": 0.9320797920227051, "summer": 0.919162392616272, "food": 0.9166483879089355, "juicy": 0.9132447838783264, "text": 0.9008216261863708, "health": 0.8920303583145142, "farming": 0.8809621334075928, "no person": 0.8337033987045288, "vertical": 0.8263270854949951, "outdoors": 0.8248631954193115, "market": 0.7974404096603394, "desktop": 0.7800318598747253, "slice": 0.762083888053894, "tropical": 0.7158169150352478, "seed": 0.7017065286636353}