{"no person": 0.9858402013778687, "still life": 0.9794792532920837, "connection": 0.9760362505912781, "technology": 0.9741818904876709, "horizontal": 0.9684665203094482, "business": 0.9354026913642883, "indoors": 0.9281347393989563, "access": 0.9234390258789062, "science": 0.914918839931488, "computer": 0.9137572646141052, "industry": 0.8979208469390869, "medicine": 0.8960248827934265, "security": 0.8716884255409241, "one": 0.8623616099357605, "internet": 0.8592879772186279, "laptop": 0.8556225299835205, "wear": 0.8410979509353638, "desktop": 0.8386461734771729, "shadow": 0.8370957970619202, "addiction": 0.8321567177772522}