{"business": 0.9411004185676575, "spherical": 0.9409307241439819, "no person": 0.9059324860572815, "illustration": 0.903161883354187, "nature": 0.899626612663269, "health": 0.891112208366394, "ball-shaped": 0.8888658881187439, "ecology": 0.878023624420166, "leaf": 0.8688924908638, "desktop": 0.8650422692298889, "vector": 0.8457613587379456, "market": 0.8112238645553589, "graphic": 0.7991427779197693, "nutrition": 0.7943568229675293, "vectors": 0.7941173911094666, "travel": 0.782117486000061, "commerce": 0.7801375389099121, "conceptual": 0.7770328521728516, "disjunct": 0.7753024101257324, "bill": 0.7734094262123108}