{"corn": 0.9991080164909363, "hazelnut": 0.9879820942878723, "food": 0.986635148525238, "vegetable": 0.9838225245475769, "pasture": 0.982119083404541, "cereal": 0.977831244468689, "agriculture": 0.973702073097229, "desktop": 0.9701686501502991, "corncob": 0.9693844318389893, "no person": 0.9633792042732239, "healthy": 0.9612846374511719, "crop": 0.9569341540336609, "meat": 0.956081211566925, "farm": 0.9529750943183899, "grow": 0.952163577079773, "wooden": 0.9410533308982849, "straw": 0.9345412850379944, "health": 0.9342073202133179, "closeup": 0.9331769943237305, "nutrition": 0.9323630332946777}