{"picture frame": 0.9854015111923218, "empty": 0.9838277101516724, "no person": 0.9735305309295654, "ornate": 0.9713522791862488, "margin": 0.9681882858276367, "antique": 0.9654468297958374, "retro": 0.9646286964416504, "carve": 0.963976263999939, "gilt": 0.9446049928665161, "painting": 0.9425421357154846, "exhibition": 0.941801905632019, "decoration": 0.938813328742981, "baroque": 0.9300376176834106, "wood": 0.9205622673034668, "blank": 0.9193512797355652, "museum": 0.9191701412200928, "design": 0.9085784554481506, "dirty": 0.9028420448303223, "graphic design": 0.9002804756164551, "luxury": 0.8935322165489197}