{"fruit": 0.9944080114364624, "market": 0.9853819608688354, "juicy": 0.9824827909469604, "health": 0.980652928352356, "food": 0.978623628616333, "apple": 0.975911557674408, "nutrition": 0.9753707647323608, "no person": 0.9735211730003357, "confection": 0.971744954586029, "summer": 0.9704861640930176, "healthy": 0.964322566986084, "juice": 0.9638850688934326, "vitamin": 0.9603379964828491, "delicious": 0.9573089480400085, "freshness": 0.9558970928192139, "diet": 0.9538798332214355, "shopping": 0.9254814982414246, "sweet": 0.920380175113678, "tropical": 0.9141968488693237, "farming": 0.9054422974586487}