{"card": 0.9480361938476562, "desktop": 0.9252573251724243, "nature": 0.901211678981781, "business": 0.8962281942367554, "abstract": 0.894765317440033, "template": 0.8871724009513855, "flora": 0.8828358054161072, "illustration": 0.8825395107269287, "growth": 0.869659423828125, "diagram": 0.8695521950721741, "leaf": 0.8656912446022034, "ecology": 0.8627263903617859, "technology": 0.8613128066062927, "grass": 0.8508315682411194, "text": 0.8495412468910217, "facts": 0.8420723676681519, "design": 0.8302966952323914, "tree": 0.8276216983795166, "layout": 0.8222572803497314, "World Wide Web": 0.8173927664756775}