{"corncob": 0.9844436645507812, "corn": 0.9636699557304382, "vertical": 0.9570855498313904, "horizontal": 0.9470153450965881, "flora": 0.9452617168426514, "nature": 0.9446174502372742, "growth": 0.9326396584510803, "outdoors": 0.9325974583625793, "agriculture": 0.9317759275436401, "freshness": 0.930463433265686, "vegetable": 0.9016757011413574, "food": 0.8610198497772217, "crop": 0.8265618681907654, "husk": 0.8180088400840759, "desktop": 0.8174580335617065, "leaf": 0.793087899684906, "farm": 0.7901740074157715, "indoors": 0.766491711139679, "summer": 0.7649766802787781, "square": 0.7649219632148743}