{"art": 0.991256833076477, "illustration": 0.9793796539306641, "beautiful": 0.9633687138557434, "design": 0.9629983305931091, "graphic": 0.9620702266693115, "fairy": 0.9533604383468628, "painting": 0.94687819480896, "vector": 0.9357125759124756, "girl": 0.9312852621078491, "visuals": 0.9305565357208252, "narrative": 0.9248941540718079, "color": 0.9247025847434998, "woman": 0.9218657612800598, "desktop": 0.9193991422653198, "chalk out": 0.9180877208709717, "image": 0.9131600856781006, "artistic": 0.9052810072898865, "flower": 0.9019179344177246, "face": 0.8934829235076904, "style": 0.8922972679138184}