{"no person": 0.9884965419769287, "wood": 0.9728487133979797, "food": 0.9696975350379944, "tropical": 0.9552711844444275, "fruit": 0.9482355117797852, "health": 0.9470014572143555, "nutrition": 0.9253959655761719, "wooden": 0.913744330406189, "juicy": 0.891639232635498, "nature": 0.8580237030982971, "exotic": 0.8571957945823669, "delicious": 0.8516499996185303, "rustic": 0.8455495834350586, "horizontal": 0.8435544967651367, "healthy": 0.8185756206512451, "desktop": 0.8155342936515808, "vitamin": 0.8141970038414001, "table": 0.8116330504417419, "leaf": 0.7875012159347534, "cut": 0.7680795192718506}