{"insect": 0.9849855899810791, "nature": 0.9844365119934082, "little": 0.9742306470870972, "no person": 0.972886860370636, "mosquito": 0.9590707421302795, "outdoors": 0.933243453502655, "animal": 0.9322674870491028, "pest": 0.9188152551651001, "wildlife": 0.9178659319877625, "summer": 0.9161469340324402, "leaf": 0.8927687406539917, "fly": 0.8686189651489258, "eye": 0.8541035652160645, "closeup": 0.8523725867271423, "one": 0.849808394908905, "biology": 0.8434818387031555, "pain": 0.8235639333724976, "bite": 0.8227630257606506, "close": 0.8227581977844238, "wild": 0.8138614296913147}