{"illustration": 0.9930825233459473, "bill": 0.9768915772438049, "text": 0.9542679786682129, "sketch": 0.9264218211174011, "cloud": 0.9189082980155945, "graphic": 0.8937299847602844, "desktop": 0.8870839476585388, "vector": 0.870208203792572, "man": 0.8700557947158813, "business": 0.8093321323394775, "no person": 0.8040370941162109, "fun": 0.797637939453125, "squad": 0.7738289833068848, "conceptual": 0.7603983283042908, "outdoors": 0.7540359497070312, "vectors": 0.7097336053848267, "card": 0.6997838616371155, "smile": 0.6976420879364014, "funny": 0.695956289768219, "art": 0.692514181137085}