{"chalk": 0.9897454977035522, "chalkboard": 0.9861193895339966, "diagram": 0.9812663793563843, "education": 0.9784398674964905, "presentation": 0.9650397300720215, "facts": 0.9618812799453735, "graph": 0.9356995224952698, "progress": 0.9281439781188965, "business": 0.9242756962776184, "writing": 0.9113479852676392, "strategy": 0.8959607481956482, "graph plot": 0.8856779336929321, "navigation": 0.8829861879348755, "vectors": 0.8791734576225281, "information": 0.8661950826644897, "data": 0.861725389957428, "order": 0.8579366207122803, "internet": 0.8575223684310913, "World Wide Web": 0.8555619716644287, "handwriting": 0.8437238335609436}