{"business": 0.9963135123252869, "currency": 0.9936542510986328, "finance": 0.9925697445869446, "money": 0.9922012090682983, "wealth": 0.9894339442253113, "paper": 0.9775775671005249, "savings": 0.964396595954895, "euro": 0.9626399278640747, "financial": 0.9519116282463074, "economy": 0.9364951252937317, "no person": 0.9333752989768982, "abundance": 0.9328672289848328, "achievement": 0.9298346042633057, "investment": 0.9264059066772461, "bank": 0.9260725975036621, "shopping": 0.9234012365341187, "pay": 0.912208080291748, "number": 0.906730592250824, "cash": 0.8900773525238037, "five": 0.8758864402770996}