{"World Wide Web": 0.9925851225852966, "navigation": 0.9891676902770996, "form": 0.9785736203193665, "menu (food)": 0.9784353971481323, "login": 0.964535653591156, "stripe": 0.9618640542030334, "internet": 0.9587300419807434, "template": 0.955416202545166, "telephone": 0.9420093894004822, "information": 0.9346168637275696, "interface": 0.933151125907898, "site": 0.9327027201652527, "touch": 0.9222068190574646, "register": 0.9195066094398499, "page": 0.9169633388519287, "facts": 0.9132550358772278, "user": 0.9003029465675354, "label": 0.8870841264724731, "password": 0.8797353506088257, "pill": 0.8753861784934998}