{"soil": 0.9835622906684875, "gold": 0.9449290633201599, "wheat": 0.9375671148300171, "field": 0.9374749064445496, "cereal": 0.9281719923019409, "rural": 0.9255046248435974, "no person": 0.9122257232666016, "agriculture": 0.911819577217102, "crop": 0.9035468697547913, "farm": 0.8810367584228516, "countryside": 0.8658514618873596, "outdoors": 0.8567952513694763, "pasture": 0.8565637469291687, "corn": 0.8527904748916626, "rye": 0.8512939214706421, "farmland": 0.847596287727356, "nature": 0.8394665718078613, "desktop": 0.8355777263641357, "landscape": 0.8317264914512634, "bread": 0.8263651132583618}