{"technology": 0.9871643781661987, "internet": 0.978919267654419, "business": 0.9767162799835205, "abstract": 0.9766359925270081, "communication": 0.9640805721282959, "data": 0.9562262892723083, "desktop": 0.9561578631401062, "computer": 0.9526562690734863, "illustration": 0.9425046443939209, "facts": 0.9377806186676025, "science": 0.925576388835907, "creativity": 0.9252371191978455, "spherical": 0.905035674571991, "futuristic": 0.9011600613594055, "invention": 0.8987395167350769, "World Wide Web": 0.8981379270553589, "text": 0.8937775492668152, "growth": 0.8852141499519348, "modern": 0.8822561502456665, "strategy": 0.8718186020851135}