{"music": 0.9946866035461426, "performance": 0.9885462522506714, "rave": 0.9818690419197083, "light": 0.9799056649208069, "concert": 0.978563666343689, "festival": 0.9755364656448364, "band": 0.9440864324569702, "dancing": 0.9425815343856812, "musician": 0.9177269339561462, "action": 0.90964275598526, "singer": 0.9064698815345764, "flame": 0.9014888405799866, "nightclub": 0.8788623213768005, "party": 0.8644962310791016, "stage": 0.8496510982513428, "blur": 0.8321957588195801, "motion": 0.8302827477455139, "city": 0.8195532560348511, "art": 0.8174992203712463, "nightlife": 0.8118519186973572}