{"no person": 0.9978929162025452, "woman": 0.9969092011451721, "graphic design": 0.9961840510368347, "young": 0.9899165034294128, "illustration": 0.9881709814071655, "man": 0.9825550317764282, "isolated": 0.9799296259880066, "sexy": 0.9777362942695618, "hair": 0.9775185585021973, "fashion": 0.9612292051315308, "glamour": 0.9579653143882751, "cute": 0.9578998684883118, "sit": 0.9545167088508606, "nude": 0.9542654752731323, "love": 0.9536343216896057, "elegant": 0.9530846476554871, "nature": 0.9529414176940918, "health": 0.9521726965904236, "two": 0.9469538927078247, "pretty": 0.9408374428749084}