{"dollar": 0.9998835325241089, "currency": 0.9998822212219238, "money": 0.9998270869255066, "finance": 0.9997449517250061, "wealth": 0.9996932744979858, "savings": 0.9996752738952637, "cash": 0.9994874000549316, "business": 0.9993224143981934, "century": 0.9988420605659485, "bank": 0.99847012758255, "pay": 0.9969760179519653, "investment": 0.9967482089996338, "loan": 0.9965916872024536, "abundance": 0.9956876635551453, "achievement": 0.9955610036849976, "paper": 0.9954566955566406, "financial": 0.9946416616439819, "note": 0.9942276477813721, "prosperity": 0.9938392043113708, "tax": 0.9932317733764648}