{"research": 0.9998090863227844, "chemistry": 0.9994828701019287, "biology": 0.9987194538116455, "glass": 0.998683750629425, "science": 0.9986314177513123, "biochemistry": 0.9981195330619812, "laboratory": 0.9978364109992981, "pharmacology": 0.9968439340591431, "medicine": 0.9955331087112427, "microbiology": 0.9954712390899658, "beaker": 0.9946966171264648, "test": 0.9940485954284668, "flask": 0.9927212595939636, "scientific": 0.9912282228469849, "chemical": 0.9900934100151062, "sample": 0.9887306094169617, "discovery": 0.9861668944358826, "science laboratory": 0.9840137362480164, "tube": 0.9835342764854431, "liquid": 0.9816447496414185}