{"education": 0.9821729063987732, "woman": 0.9818083643913269, "sitting": 0.9799210429191589, "teamwork": 0.9737904667854309, "office": 0.9728297591209412, "man": 0.9709181785583496, "group": 0.9688844084739685, "indoors": 0.9647876620292664, "adult": 0.9641515016555786, "desk": 0.9538046717643738, "looking": 0.9460960626602173, "writing": 0.9370137453079224, "classroom": 0.930526077747345, "togetherness": 0.9290325045585632, "student": 0.9262715578079224, "brainstorming": 0.9187168478965759, "multicultural": 0.9158322811126709, "table": 0.906834602355957, "cooperation": 0.9053293466567993, "sit": 0.9049968719482422}