{"chalkboard": 0.9999505281448364, "classroom": 0.9993690848350525, "chalk": 0.9992846846580505, "mathematics": 0.9991706609725952, "school": 0.9986923336982727, "education": 0.9985419511795044, "solution": 0.9978153705596924, "algebra": 0.9970874190330505, "teacher": 0.9962651133537292, "formula": 0.9955704808235168, "brainstorming": 0.9944204688072205, "intelligence": 0.993009090423584, "display": 0.9926007390022278, "class": 0.9920571446418762, "opinion": 0.9890751242637634, "writing": 0.9876407980918884, "doubt": 0.9875141978263855, "college": 0.9854389429092407, "knowledge": 0.981423556804657, "genius": 0.9758499264717102}