{"abstract": 0.9749374985694885, "art": 0.9743374586105347, "illustration": 0.9583147168159485, "desktop": 0.9453461766242981, "color": 0.9377998113632202, "texture": 0.9374996423721313, "design": 0.9323184490203857, "graphic": 0.9156498312950134, "wave": 0.9024155139923096, "fantasy": 0.8996192812919617, "image": 0.8891621232032776, "round": 0.8788535594940186, "visuals": 0.8738492727279663, "pattern": 0.8693954348564148, "wallpaper": 0.8584529161453247, "science": 0.8560353517532349, "artistic": 0.8474234938621521, "futuristic": 0.8431532979011536, "nature": 0.8383472561836243, "decoration": 0.8378376960754395}