{"health": 0.9841572642326355, "isolated": 0.9259209036827087, "research": 0.9165540337562561, "healthcare": 0.9153531193733215, "medicine": 0.907296359539032, "science": 0.9007352590560913, "apple": 0.8854184150695801, "gloves": 0.882793664932251, "healthy": 0.8592641949653625, "isolate": 0.8560903072357178, "chemical": 0.8411958813667297, "biology": 0.836439311504364, "medical": 0.8318585753440857, "food": 0.8305366635322571, "sterile": 0.81829833984375, "chemistry": 0.8080633878707886, "nutrition": 0.794955313205719, "woman": 0.7940613031387329, "treatment": 0.792302668094635, "equipment": 0.7890000343322754}