{"health": 0.9980465173721313, "nutrition": 0.9941689968109131, "fruit": 0.988976001739502, "juicy": 0.988875150680542, "food": 0.9871150255203247, "vitamin": 0.9829195737838745, "apple": 0.9821233153343201, "farming": 0.9799172282218933, "isolated": 0.964823305606842, "no person": 0.9584767818450928, "nature": 0.9492838978767395, "healthy": 0.9484453201293945, "juice": 0.94575035572052, "delicious": 0.9371352791786194, "diet": 0.9348719716072083, "healthcare": 0.9288260340690613, "taste": 0.9212180376052856, "ingredients": 0.9181820154190063, "freshness": 0.8978241682052612, "leaf": 0.8934791088104248}