{"fun": 0.9736204743385315, "no person": 0.9676757454872131, "retro": 0.9173761010169983, "art": 0.9094131588935852, "design": 0.9054543375968933, "funny": 0.9018626809120178, "artistic": 0.9004262685775757, "illustration": 0.8987002372741699, "vortex": 0.8982565999031067, "elegant": 0.8911092877388, "vacation": 0.8906122446060181, "woman": 0.8873574733734131, "creativity": 0.8775461912155151, "cute": 0.8672683238983154, "child": 0.8634768128395081, "nature": 0.8540611863136292, "Christmas": 0.8470679521560669, "joy": 0.8424504995346069, "leisure": 0.8288056254386902, "sky": 0.8236519694328308}