{"agriculture": 0.9942713975906372, "vegetable": 0.990208089351654, "crop": 0.984455943107605, "food": 0.9836891293525696, "flora": 0.9830378293991089, "pasture": 0.9822081923484802, "cereal": 0.9805375933647156, "farm": 0.9765611886978149, "seed": 0.9757605791091919, "maturation": 0.9661403298377991, "healthy": 0.9488472938537598, "leaf": 0.9484416842460632, "legume": 0.9417152404785156, "cultivation": 0.9396284222602844, "growth": 0.9306802153587341, "nature": 0.9292316436767578, "farming": 0.9271289706230164, "grow": 0.9138058423995972, "sprout": 0.9063107967376709, "garden": 0.9041013121604919}