{"isolated": 0.970167338848114, "no person": 0.92817622423172, "plastic": 0.8903248906135559, "fashion": 0.8898312449455261, "empty": 0.8754626512527466, "love": 0.8747706413269043, "disjunct": 0.8718277215957642, "luxury": 0.863624632358551, "jewelry": 0.8491330742835999, "shining": 0.8242639303207397, "cooking": 0.8162868618965149, "cutout": 0.8077484369277954, "equipment": 0.8063596487045288, "wealth": 0.8057922720909119, "glazed": 0.8005998730659485, "engagement": 0.8002527356147766, "bright": 0.7993885278701782, "porcelain": 0.7887021899223328, "food": 0.7747389078140259, "romance": 0.7670957446098328}