{"no person": 0.9850613474845886, "business": 0.9658465385437012, "data": 0.947995662689209, "paper": 0.9277204871177673, "contemporary": 0.9266014099121094, "stripe": 0.9193850755691528, "facts": 0.9106994271278381, "graphic design": 0.9099022150039673, "form": 0.9000903367996216, "graph": 0.8882953524589539, "technology": 0.8796590566635132, "navigation": 0.8768137693405151, "internet": 0.8678519129753113, "restaurant check": 0.8558467626571655, "document": 0.8367202877998352, "presentation": 0.8328968286514282, "horizontal": 0.8318390250205994, "page": 0.8246152400970459, "statistics": 0.8189873099327087, "vectors": 0.8117789626121521}