{"nature": 0.9883374571800232, "vertical": 0.9713770151138306, "horizontal": 0.9594239592552185, "food": 0.9486793279647827, "illustration": 0.9370647072792053, "indoors": 0.9301592707633972, "flora": 0.9196022152900696, "leaf": 0.9085276126861572, "biology": 0.9062815308570862, "cross section": 0.898740291595459, "freshness": 0.8958412408828735, "flower": 0.8825802803039551, "disjunct": 0.8809900879859924, "square": 0.8755422830581665, "growth": 0.8745126724243164, "fruit": 0.8710092306137085, "vegetable": 0.8432304859161377, "no person": 0.8383521437644958, "evolution": 0.795680046081543, "decoration": 0.7900757789611816}