{"agriculture": 0.9982655644416809, "farm": 0.995256245136261, "soil": 0.9940423369407654, "food": 0.9901798963546753, "pasture": 0.9888758063316345, "flora": 0.9882297515869141, "growth": 0.9872259497642517, "nature": 0.9837509989738464, "rural": 0.9824085831642151, "leaf": 0.9818457365036011, "garden": 0.9816606044769287, "landscape": 0.9781094789505005, "field": 0.975162148475647, "crop": 0.9743151664733887, "summer": 0.9727749228477478, "grow": 0.9692927002906799, "farmland": 0.958397388458252, "outdoors": 0.95655757188797, "countryside": 0.9553222060203552, "vegetable": 0.9550032019615173}