{"no person": 0.9943498969078064, "nature": 0.9629777669906616, "tree": 0.954833984375, "recycling": 0.9512470364570618, "hanging": 0.9507347941398621, "still life": 0.9437910914421082, "wood": 0.9422500133514404, "conceptual": 0.9406377077102661, "Christmas": 0.9398701190948486, "winter": 0.9394301772117615, "ecology": 0.9342779517173767, "architecture": 0.9238089919090271, "one": 0.911426305770874, "leaf": 0.8923937082290649, "water": 0.8909623026847839, "retro": 0.887588620185852, "ball-shaped": 0.8868455290794373, "growth": 0.8843278884887695, "grass": 0.8758758306503296, "outdoors": 0.857445240020752}