{"juicy": 0.9967015385627747, "juice": 0.9919780492782593, "tropical": 0.9908819198608398, "grapefruit": 0.980907142162323, "no person": 0.9611626863479614, "disjunct": 0.953983724117279, "whole": 0.9513408541679382, "round out": 0.9486621022224426, "fruit": 0.9416414499282837, "exotic": 0.9406957030296326, "health": 0.9242209196090698, "food": 0.9239954352378845, "isolated": 0.9141663312911987, "game half": 0.9094398021697998, "nutrition": 0.908977210521698, "vitamin": 0.9015833139419556, "citrus": 0.8896998763084412, "bright": 0.8864138722419739, "delicious": 0.8798061013221741, "stranded": 0.8768765330314636}