{"food": 0.9667752385139465, "desktop": 0.9505695700645447, "color": 0.9218940734863281, "healthy": 0.9124775528907776, "health": 0.9110991358757019, "horizontal": 0.89129638671875, "closeup": 0.8785971999168396, "corn": 0.8732513785362244, "no person": 0.869552731513977, "delicious": 0.8552857041358948, "party": 0.8551107048988342, "summer": 0.8512658476829529, "nutrition": 0.8428457975387573, "vegetable": 0.8405767679214478, "meal": 0.8350852727890015, "corncob": 0.8173825740814209, "fruit": 0.810869574546814, "gold": 0.8106870055198669, "refreshment": 0.8100625872612, "nature": 0.8026679158210754}