{"currency": 0.9998154044151306, "finance": 0.9997417330741882, "dollar": 0.9997164607048035, "money": 0.9996817111968994, "wealth": 0.9996359348297119, "cash": 0.9991475343704224, "business": 0.9988248944282532, "savings": 0.9986108541488647, "achievement": 0.997327446937561, "abundance": 0.9951823353767395, "investment": 0.9934259653091431, "bank": 0.9932905435562134, "financial": 0.9922303557395935, "century": 0.9922103881835938, "paper": 0.991655707359314, "pay": 0.9875587224960327, "note": 0.9868931770324707, "greed": 0.9826265573501587, "prosperity": 0.977330207824707, "debt": 0.9770844578742981}