{"agriculture": 0.9969700574874878, "farm": 0.9956594109535217, "tractor": 0.9894472360610962, "field": 0.986559271812439, "soil": 0.9859440326690674, "crop": 0.9844973087310791, "rural": 0.9824075102806091, "cropland": 0.9793158173561096, "pasture": 0.9774608612060547, "countryside": 0.9725877046585083, "landscape": 0.9698012471199036, "country": 0.9664300680160522, "straw": 0.9648808836936951, "hay": 0.9647426605224609, "no person": 0.9645738005638123, "farmland": 0.9602630138397217, "growth": 0.9570120573043823, "wheat": 0.9544847011566162, "plow": 0.9541954398155212, "nature": 0.9537150859832764}