{"vegetable": 0.9788561463356018, "legume": 0.9696844220161438, "bean": 0.968467652797699, "health": 0.9670687913894653, "cereal": 0.9658785462379456, "healthy": 0.9632260799407959, "farming": 0.9616343975067139, "nutrition": 0.954014003276825, "seed": 0.9509958624839783, "food": 0.9502478837966919, "ingredients": 0.9467560648918152, "pulse": 0.945467472076416, "dry": 0.9451227188110352, "desktop": 0.9428491592407227, "grow": 0.932053804397583, "pasture": 0.9261322021484375, "closeup": 0.9143214821815491, "no person": 0.9105806946754456, "pea": 0.9104533791542053, "uncooked": 0.9049755930900574}