{"business": 0.994046688079834, "money": 0.9913047552108765, "no person": 0.9904452562332153, "finance": 0.9852390289306641, "paper": 0.9825961589813232, "wealth": 0.9794857501983643, "currency": 0.9787539839744568, "stacks": 0.9606328010559082, "newspaper": 0.9597766399383545, "law": 0.9562056660652161, "savings": 0.9469432830810547, "abundance": 0.9458677768707275, "magazine": 0.9240643382072449, "prosperity": 0.9188093543052673, "text": 0.9094692468643188, "isolate": 0.9093316197395325, "blur": 0.9017629027366638, "education": 0.8900871872901917, "banking": 0.8720142841339111, "book": 0.8549339771270752}