{"agriculture": 0.9958832263946533, "field": 0.9943379759788513, "farm": 0.9898378849029541, "rural": 0.9894348978996277, "growth": 0.984995424747467, "nature": 0.9805300235748291, "soil": 0.9791926145553589, "pasture": 0.9783933758735657, "farmland": 0.9720315337181091, "summer": 0.9708415865898132, "no person": 0.9702653884887695, "landscape": 0.9702110886573792, "season": 0.9649596810340881, "flora": 0.9649029970169067, "corn": 0.9640865921974182, "countryside": 0.9600918889045715, "crop": 0.9582034945487976, "outdoors": 0.9556906223297119, "country": 0.9465063214302063, "leaf": 0.9445868134498596}