{"template": 0.9964861869812012, "layout": 0.9933226704597473, "page": 0.9877554774284363, "booklet": 0.9872841835021973, "World Wide Web": 0.9831010103225708, "label": 0.9826818108558655, "option (finance)": 0.9787847399711609, "presentation": 0.9769790768623352, "steps": 0.9759010076522827, "information": 0.9750696420669556, "tag": 0.9743790030479431, "stepping": 0.964409589767456, "banner": 0.9614498019218445, "facts": 0.956273078918457, "form": 0.9549314975738525, "comparability": 0.9521514773368835, "navigation": 0.9424046874046326, "restaurant check": 0.9396352767944336, "sequence": 0.9350004196166992, "promotion": 0.930390477180481}