{"form": 0.9968602657318115, "template": 0.9951779842376709, "World Wide Web": 0.992094099521637, "layout": 0.9877360463142395, "presentation": 0.985870361328125, "page": 0.9857058525085449, "label": 0.9854525923728943, "restaurant check": 0.9848188161849976, "stripe": 0.9845565557479858, "navigation": 0.9826140999794006, "number": 0.9797993302345276, "banner": 0.9794163703918457, "site": 0.9705131649971008, "steps": 0.9624418020248413, "menu (food)": 0.9620290994644165, "login": 0.9603931903839111, "arrow": 0.9571192860603333, "option (finance)": 0.9490752816200256, "browse": 0.9463545680046082, "user": 0.9421356320381165}