{"woman": 0.9950743317604065, "pretty": 0.9823258519172668, "college": 0.981938898563385, "isolated": 0.977777898311615, "casual": 0.9751157760620117, "young": 0.9668384194374084, "cute": 0.9514867663383484, "success": 0.9402391910552979, "elegant": 0.9397053718566895, "education": 0.9351733922958374, "adolescent": 0.9192663431167603, "contemporary": 0.9184936285018921, "fashion": 0.9140440225601196, "looking": 0.9099822044372559, "student": 0.8999542593955994, "university": 0.8807381391525269, "friendly": 0.8672986626625061, "sexy": 0.8612645268440247, "textbook": 0.8559606671333313, "attractive": 0.8487012982368469}