{"money": 0.9985380172729492, "dollar": 0.9966408014297485, "finance": 0.9965723752975464, "currency": 0.9965466856956482, "business": 0.9931493401527405, "cash": 0.9891694784164429, "wealth": 0.9891433119773865, "bank": 0.9877499938011169, "financial": 0.9871000051498413, "century": 0.9803789854049683, "economy": 0.9752639532089233, "savings": 0.974052906036377, "investment": 0.9705889225006104, "paper": 0.9692811965942383, "achievement": 0.9675692915916443, "commerce": 0.9649688005447388, "note": 0.9620742201805115, "one": 0.9484463930130005, "payment": 0.9441125392913818, "banknote": 0.9360458254814148}