{"shelf": 0.999700665473938, "stock": 0.9981095790863037, "merchandise": 0.9959932565689087, "shop": 0.9942100048065186, "option": 0.991063117980957, "supermarket": 0.9907355904579163, "counter": 0.9876489043235779, "market": 0.9847111105918884, "order": 0.975639820098877, "shopping": 0.9717896580696106, "drink": 0.9672421813011169, "container": 0.9604548811912537, "aisle": 0.9596461057662964, "commerce": 0.9576722979545593, "bottle": 0.9524198174476624, "choose": 0.9385291337966919, "service": 0.9348646998405457, "rack": 0.9320734739303589, "indoors": 0.9282147288322449, "pharmacist": 0.9235304594039917}