{"food": 0.9932037591934204, "health": 0.9889805316925049, "leaf": 0.9850438833236694, "no person": 0.9792989492416382, "healthy": 0.9771501421928406, "fruit": 0.9720474481582642, "vegetable": 0.9678962826728821, "nutrition": 0.9602477550506592, "freshness": 0.9516234993934631, "nature": 0.94980788230896, "tomato": 0.9497716426849365, "farming": 0.9493407011032104, "knife": 0.9381235837936401, "juicy": 0.93796706199646, "delicious": 0.933262050151825, "pasture": 0.931404709815979, "grow": 0.9147099256515503, "flora": 0.91095370054245, "garden": 0.9007119536399841, "agriculture": 0.89579176902771}