{"no person": 0.9962133765220642, "health": 0.9930791258811951, "ingredients": 0.9902797341346741, "food": 0.9898780584335327, "vegetable": 0.9876797199249268, "nutrition": 0.9835927486419678, "market": 0.9831879734992981, "pasture": 0.9809579253196716, "grow": 0.972334086894989, "bean": 0.9713663458824158, "nature": 0.9651407599449158, "cooking": 0.9648510217666626, "healthy": 0.9643806219100952, "vitamin": 0.9603531360626221, "leaf": 0.9585676789283752, "agriculture": 0.9384697675704956, "asparagus": 0.9376453161239624, "corn": 0.9363020062446594, "freshness": 0.9160152077674866, "summer": 0.9137221574783325}