{"currency": 0.9982549548149109, "money": 0.9975645542144775, "finance": 0.9971597194671631, "business": 0.996616542339325, "wealth": 0.9966124892234802, "savings": 0.9944419264793396, "cash": 0.9898101091384888, "bank": 0.9844940304756165, "abundance": 0.9843093156814575, "pay": 0.971552848815918, "paper": 0.9711999893188477, "dollar": 0.9654972553253174, "achievement": 0.9585931897163391, "investment": 0.9573544859886169, "financial": 0.9501270651817322, "euro": 0.9500060081481934, "debt": 0.9382679462432861, "stacks": 0.9328054785728455, "recession": 0.9308992624282837, "banking": 0.9218978881835938}