{"machine": 0.995253324508667, "agriculture": 0.9884422421455383, "tractor": 0.9876226186752319, "farm": 0.9772372245788574, "machinery": 0.9727214574813843, "crop": 0.9626731872558594, "industry": 0.9508838653564453, "equipment": 0.9489939212799072, "vehicle": 0.9418442249298096, "pasture": 0.9366056323051453, "power": 0.936027467250824, "soil": 0.9349349141120911, "field": 0.9346739649772644, "no person": 0.9227865934371948, "agronomy": 0.9207105040550232, "rural": 0.9108361601829529, "cropland": 0.9092656970024109, "technology": 0.9053774476051331, "outdoors": 0.890862762928009, "irrigation": 0.875249445438385}