{"diagram": 0.9923661351203918, "progress": 0.9807993173599243, "presentation": 0.9739904999732971, "graph": 0.973601758480072, "number": 0.9544193148612976, "facts": 0.9543197751045227, "data": 0.9350413084030151, "layout": 0.9268896579742432, "business": 0.9138959646224976, "vectors": 0.9084985852241516, "illustration": 0.9023707509040833, "order": 0.8996176719665527, "World Wide Web": 0.8958598971366882, "designing": 0.888516902923584, "vector": 0.8761534690856934, "template": 0.8721832633018494, "label": 0.861414909362793, "written report": 0.853155255317688, "page": 0.8281333446502686, "option": 0.8195472955703735}