{"abandoned": 0.9929343461990356, "barn": 0.9926815629005432, "no person": 0.9838867783546448, "farm": 0.9801701903343201, "old": 0.9675716161727905, "house": 0.966471791267395, "architecture": 0.9652674794197083, "rural": 0.9642582535743713, "agriculture": 0.9484301805496216, "shed": 0.9407072067260742, "rustic": 0.9392597675323486, "building": 0.9384872317314148, "farmhouse": 0.9195861220359802, "outdoors": 0.9176406860351562, "wood": 0.9130844473838806, "country": 0.9098454713821411, "family": 0.9042305946350098, "derelict": 0.9007325768470764, "countryside": 0.8816801905632019, "fence": 0.8706464767456055}