{"sketch": 0.984480619430542, "illustration": 0.9812828302383423, "child": 0.9651966691017151, "fun": 0.955181896686554, "vector": 0.9532901048660278, "funny": 0.9338831305503845, "cute": 0.9284121990203857, "no person": 0.9273036122322083, "man": 0.913826584815979, "son": 0.9086388349533081, "isolated": 0.8946885466575623, "infantile": 0.8870818614959717, "education": 0.8842340111732483, "graphic design": 0.8782516121864319, "baby": 0.8770524859428406, "business": 0.8764247298240662, "school": 0.8663071393966675, "art": 0.865717887878418, "toy": 0.8514635562896729, "graphic": 0.8512373566627502}