{"market": 0.9992830157279968, "stall": 0.9942852854728699, "shopping": 0.9827532768249512, "sale": 0.9775704145431519, "sell": 0.9718843698501587, "supermarket": 0.9712797403335571, "apple": 0.9679604768753052, "grow": 0.9673305153846741, "kind": 0.9660923480987549, "fruit": 0.9588356018066406, "marketplace": 0.9543211460113525, "abundance": 0.9492868781089783, "basket": 0.9488856196403503, "pasture": 0.9447673559188843, "health": 0.9325168132781982, "banana": 0.9168826341629028, "many": 0.9077886343002319, "farmers market": 0.8980975151062012, "option": 0.8980475068092346, "agriculture": 0.8959231376647949}