{"science": 0.9547201991081238, "no person": 0.9328364133834839, "desktop": 0.9301167130470276, "reflection": 0.8952279090881348, "glass": 0.8883131742477417, "glazed": 0.8873348236083984, "clean": 0.8840945959091187, "medicine": 0.8766664266586304, "medical": 0.8715825080871582, "technology": 0.86826491355896, "H2O": 0.859686553478241, "glass items": 0.8548144698143005, "closeup": 0.8440877199172974, "disease": 0.8375895023345947, "indoors": 0.8373467326164246, "mirror": 0.8310465812683105, "equipment": 0.8262669444084167, "health": 0.8147616386413574, "business": 0.8123648166656494, "little": 0.811559796333313}