{"business": 0.993548572063446, "no person": 0.992949366569519, "abundance": 0.9886441230773926, "wealth": 0.9869612455368042, "finance": 0.9868342280387878, "money": 0.9836501479148865, "currency": 0.982657253742218, "stacks": 0.9795917868614197, "paper": 0.974570095539093, "savings": 0.9692914485931396, "one": 0.9471732974052429, "prosperity": 0.9409970045089722, "pay": 0.9307824373245239, "shopping": 0.9130420684814453, "many": 0.9110963344573975, "generosity": 0.910050094127655, "greed": 0.9095043540000916, "horizontal": 0.9075490236282349, "commerce": 0.8978238701820374, "indoors": 0.8967466950416565}