{"love": 0.9906685948371887, "romance": 0.9861500859260559, "no person": 0.9551490545272827, "health": 0.9418995976448059, "nature": 0.9272401332855225, "glass items": 0.9227538108825684, "heart": 0.8979039788246155, "summer": 0.8943191170692444, "woman": 0.8919086456298828, "disjunct": 0.8846226930618286, "bright": 0.8664553165435791, "treatment": 0.8640576601028442, "isolated": 0.8560252785682678, "desktop": 0.8465700149536133, "shining": 0.8414733409881592, "romantic": 0.8404752016067505, "elegant": 0.8345181345939636, "glamour": 0.8221160769462585, "flower": 0.8218165040016174, "healthcare": 0.8174590468406677}