{"illustration": 0.9852773547172546, "progress": 0.9483669400215149, "education": 0.9406731724739075, "creativity": 0.9322592616081238, "diagram": 0.9287106990814209, "facts": 0.9225653409957886, "number": 0.9176133275032043, "business": 0.9117542505264282, "presentation": 0.9084848165512085, "horizontal": 0.9057612419128418, "text": 0.8982527256011963, "vector": 0.8978017568588257, "abstract": 0.8811197280883789, "research": 0.8653516173362732, "vertical": 0.8617945909500122, "vectors": 0.8616702556610107, "round": 0.8498798608779907, "data": 0.8447448015213013, "order": 0.834454357624054, "motivation": 0.8252666592597961}