{"health": 0.9965783953666687, "no person": 0.9923495054244995, "ingredients": 0.9758731126785278, "nutrition": 0.9663919806480408, "food": 0.9607301950454712, "vitamin": 0.9494827389717102, "juicy": 0.9448255300521851, "farming": 0.9352871179580688, "acute": 0.9345859289169312, "delicious": 0.9173222184181213, "nature": 0.9130011200904846, "drop": 0.9048377871513367, "wet": 0.8940954208374023, "blood": 0.8774787187576294, "shining": 0.8648846745491028, "H2O": 0.8590232133865356, "healthcare": 0.8575195074081421, "sharp": 0.8530095815658569, "leaf": 0.850674033164978, "medicine": 0.8439019322395325}