{"child": 0.9916109442710876, "woman": 0.9794053435325623, "indoors": 0.9766260981559753, "family": 0.9760375022888184, "togetherness": 0.9736208319664001, "man": 0.9709484577178955, "education": 0.9521884322166443, "room": 0.945329487323761, "adolescent": 0.9199293851852417, "looking": 0.915692925453186, "son": 0.9043894410133362, "fun": 0.8858746290206909, "homework": 0.8734768629074097, "sit": 0.8706479668617249, "writing": 0.8652675747871399, "student": 0.8542666435241699, "offspring": 0.8528790473937988, "blond": 0.8477042317390442, "love": 0.8462482690811157, "casual": 0.84413743019104}