{"business": 0.9904119372367859, "text": 0.9900051951408386, "tag": 0.9707768559455872, "management": 0.9679692983627319, "desktop": 0.960548460483551, "security": 0.9565885066986084, "motivation": 0.9477028846740723, "achievement": 0.9475727677345276, "analysis": 0.9474282264709473, "designing": 0.9469893574714661, "market": 0.9375108480453491, "conceptual": 0.9354783296585083, "abstract": 0.9303995370864868, "data": 0.9303687810897827, "definition": 0.9283409714698792, "vision": 0.9220290184020996, "facts": 0.9216622114181519, "strategy": 0.9213379621505737, "identity": 0.9178027510643005, "internet": 0.9117343425750732}