{"health": 0.9954633116722107, "no person": 0.9874089956283569, "food": 0.9587097764015198, "acute": 0.9498040676116943, "nutrition": 0.9375375509262085, "medicine": 0.9364268183708191, "healthcare": 0.9345691800117493, "ingredients": 0.9339075684547424, "nature": 0.9055861234664917, "science": 0.9029109477996826, "vitamin": 0.8948550224304199, "treatment": 0.8880466818809509, "farming": 0.8740884065628052, "delicious": 0.8471291065216064, "syringe": 0.838280975818634, "research": 0.8379996418952942, "cure": 0.8314787745475769, "juicy": 0.8165668249130249, "isolated": 0.7962247729301453, "cooking": 0.7952573299407959}