{"no person": 0.9918357729911804, "architecture": 0.9891585111618042, "business": 0.976864755153656, "museum": 0.9587159156799316, "outdoors": 0.9578402638435364, "building": 0.9565163254737854, "university": 0.9482709765434265, "contemporary": 0.9404981732368469, "travel": 0.9353229999542236, "office": 0.9333818554878235, "city": 0.9276145696640015, "glass items": 0.9221633076667786, "soccer": 0.9165935516357422, "sky": 0.9163382053375244, "modern": 0.9107139706611633, "administration": 0.9099417328834534, "football": 0.8894432783126831, "grass": 0.8783969879150391, "daylight": 0.8557443022727966, "futuristic": 0.8240995407104492}