{"chalk": 0.9999747276306152, "chalkboard": 0.9999734163284302, "handwriting": 0.9982839226722717, "classroom": 0.9982820749282837, "education": 0.9980674386024475, "school": 0.9979825019836426, "writing": 0.9978355765342712, "display": 0.9964998960494995, "handwritten": 0.995692789554596, "class": 0.9914845824241638, "mathematics": 0.990692675113678, "teacher": 0.9896185994148254, "text": 0.9888948202133179, "elementary school": 0.9810695648193359, "knowledge": 0.9789353013038635, "lesson": 0.9788789749145508, "elementary": 0.9748902320861816, "study": 0.9709253907203674, "business": 0.9705092310905457, "college": 0.9697704911231995}