{"business": 0.9771486520767212, "achievement": 0.957991898059845, "internet": 0.9298989176750183, "technology": 0.9186618328094482, "data": 0.8982571363449097, "teamwork": 0.8850955367088318, "horizontal": 0.8809130191802979, "designing": 0.8784998655319214, "service": 0.8767000436782837, "communication": 0.8641574382781982, "spherical": 0.857266902923584, "facts": 0.8530953526496887, "finance": 0.8457366228103638, "isolated": 0.8360980749130249, "illustration": 0.8359408378601074, "connection": 0.831217348575592, "paper": 0.8267049193382263, "strategy": 0.8239395618438721, "conceptual": 0.8011723756790161, "invention": 0.7957909107208252}