{"soil": 0.9988687634468079, "ground": 0.9912142157554626, "ball-shaped": 0.9841742515563965, "agriculture": 0.9833448529243469, "farm": 0.9648473858833313, "tractor": 0.9643625617027283, "machine": 0.94355309009552, "plow": 0.9419503808021545, "rural": 0.9409565925598145, "no person": 0.9401176571846008, "machinery": 0.9331274628639221, "farmland": 0.9285098314285278, "mud": 0.9144626259803772, "sky": 0.898198664188385, "growth": 0.8950178027153015, "industry": 0.8914097547531128, "pasture": 0.884539008140564, "vehicle": 0.8834269642829895, "nature": 0.8764731287956238, "delve": 0.8764631748199463}