{"flag": 0.9984097480773926, "wind": 0.9932061433792114, "patriotism": 0.9909719228744507, "no person": 0.9851092100143433, "canvas": 0.9773205518722534, "country": 0.9739120006561279, "banner": 0.9732313752174377, "stripe": 0.9712644219398499, "painting": 0.9593384861946106, "wear": 0.9435061812400818, "art": 0.9413022398948669, "motley": 0.9250617623329163, "coloring": 0.919893205165863, "pride": 0.9187636375427246, "paper": 0.914030909538269, "freedom": 0.9116056561470032, "travel": 0.9048196077346802, "silk": 0.9015882611274719, "dirty": 0.8909360766410828, "color": 0.8852689862251282}