{"market": 0.9941741824150085, "blueberry": 0.992892861366272, "fruit": 0.9899501800537109, "abundance": 0.9864081144332886, "berry": 0.9807970523834229, "marketplace": 0.9763526320457458, "freshness": 0.975894570350647, "batch": 0.9726685881614685, "many": 0.9687754511833191, "option": 0.9663597941398621, "no person": 0.9655513763427734, "kind": 0.9653297066688538, "stall": 0.9642403721809387, "variation": 0.9641613960266113, "food": 0.963764488697052, "strawberry": 0.9626210331916809, "blackberry": 0.9616016745567322, "shop": 0.9574812650680542, "sale": 0.9548678994178772, "health": 0.9505953192710876}