{"business": 0.9994420409202576, "wealth": 0.9992105960845947, "currency": 0.9988099336624146, "money": 0.9987518787384033, "finance": 0.9980973601341248, "paper": 0.9980915188789368, "savings": 0.9976015686988831, "pay": 0.9889585971832275, "achievement": 0.9852978587150574, "dollar": 0.979248046875, "financial": 0.9699581265449524, "investment": 0.9698482155799866, "bank": 0.9687221646308899, "abundance": 0.9633169174194336, "cash": 0.960752546787262, "greed": 0.9522866010665894, "economy": 0.9422659873962402, "tax": 0.9372711777687073, "number": 0.9370872378349304, "shopping": 0.936400294303894}