{"farm": 0.9928032755851746, "agriculture": 0.9922081828117371, "pasture": 0.9919175505638123, "vegetable": 0.9911748170852661, "food": 0.990394651889801, "grow": 0.9887157082557678, "market": 0.9877004623413086, "nature": 0.987055778503418, "garden": 0.9812067151069641, "basket": 0.9699987173080444, "root vegetable": 0.9699647426605225, "leaf": 0.968529999256134, "beet": 0.9587817788124084, "lettuce": 0.9582530856132507, "farming": 0.9554310441017151, "cabbage": 0.9546277523040771, "radish": 0.9531909823417664, "health": 0.9525741338729858, "flora": 0.9475690722465515, "healthy": 0.9455848932266235}