{"inside": 0.9865432977676392, "indoors": 0.9857755899429321, "modern": 0.9755023121833801, "contemporary": 0.9738571643829346, "empty": 0.9604413509368896, "room": 0.9604029655456543, "trading floor": 0.9482954144477844, "architecture": 0.941560685634613, "wall": 0.9282547235488892, "family": 0.9212140440940857, "interior design": 0.9176437258720398, "luxury": 0.902318000793457, "door": 0.8979378342628479, "business": 0.8921602368354797, "window": 0.8899978399276733, "perspective": 0.8873751759529114, "design": 0.8863648772239685, "exhibition": 0.8841673135757446, "hallway": 0.8769786953926086, "house": 0.8732486367225647}