{"growth": 0.9956380724906921, "nature": 0.9930197596549988, "no person": 0.9875024557113647, "flora": 0.9872675538063049, "leaf": 0.9842764139175415, "sprout": 0.9722418785095215, "little": 0.963565468788147, "outdoors": 0.9611334204673767, "garden": 0.9523068070411682, "grass": 0.9440137147903442, "summer": 0.9300525188446045, "blur": 0.9249903559684753, "husk": 0.923477292060852, "bud": 0.9127610325813293, "environment": 0.9119130373001099, "agriculture": 0.9073767066001892, "flower": 0.8854480981826782, "ball-shaped": 0.8649086356163025, "soil": 0.8568025231361389, "closeup": 0.851525604724884}