{"fish": 0.9993880987167358, "no person": 0.9888478517532349, "water": 0.9807643294334412, "wildlife": 0.9773613214492798, "nature": 0.9767157435417175, "side view": 0.9766615033149719, "underwater": 0.9738529920578003, "animal": 0.9668611288070679, "swimming": 0.959277331829071, "trout": 0.9578734040260315, "freshwater": 0.9574946761131287, "one": 0.9506200551986694, "salmon fish": 0.9434912204742432, "outdoors": 0.9088653326034546, "two": 0.8909505009651184, "sea": 0.8480616807937622, "bait": 0.8465420603752136, "catch": 0.8430096507072449, "wild": 0.8261916637420654, "lake": 0.8226528763771057}