{"no person": 0.9841232895851135, "graphic design": 0.9698627591133118, "isolated": 0.9604852199554443, "paper": 0.9556105136871338, "empty": 0.9462578296661377, "business": 0.917802631855011, "health": 0.9066434502601624, "contemporary": 0.881116509437561, "conceptual": 0.8782374262809753, "clean": 0.8684881329536438, "knife": 0.8672453761100769, "disjunct": 0.8582953810691833, "illustration": 0.8537259697914124, "woman": 0.8451772928237915, "internet": 0.8352174162864685, "touch": 0.835038423538208, "equipment": 0.8335601091384888, "dining": 0.832610547542572, "retro": 0.8144471645355225, "creativity": 0.8055046200752258}