{"currency": 0.9981293082237244, "finance": 0.9975589513778687, "dollar": 0.997501790523529, "money": 0.9974815249443054, "wealth": 0.9966104626655579, "savings": 0.9964503049850464, "cash": 0.9954246878623962, "bank": 0.9910030364990234, "investment": 0.9904600381851196, "business": 0.9903961420059204, "paper": 0.9829566478729248, "achievement": 0.98286372423172, "financial": 0.9828035831451416, "abundance": 0.981272280216217, "century": 0.9802640676498413, "tax": 0.9690392017364502, "prosperity": 0.9688823819160461, "gain": 0.9660321474075317, "sign": 0.9568959474563599, "economy": 0.9537907838821411}