{"business": 0.9797362089157104, "no person": 0.9773041605949402, "coffee": 0.9341340661048889, "facts": 0.9307292699813843, "internet": 0.9251363277435303, "stripe": 0.9184987545013428, "graphic design": 0.9142403602600098, "retro": 0.9061703085899353, "data": 0.9039419889450073, "designing": 0.8909863233566284, "horizontal": 0.8903791308403015, "strategy": 0.8822239637374878, "achievement": 0.8795082569122314, "technology": 0.8787800669670105, "spherical": 0.8782549500465393, "conceptual": 0.8681292533874512, "paper": 0.8590875864028931, "desktop": 0.8494906425476074, "education": 0.8378652334213257, "diagram": 0.8212943077087402}