{"currency": 0.9959623217582703, "wealth": 0.9957148432731628, "finance": 0.9942502975463867, "money": 0.9909765124320984, "business": 0.9868150949478149, "savings": 0.985970675945282, "dollar": 0.9852978587150574, "achievement": 0.9823343753814697, "cash": 0.9798488020896912, "financial": 0.9704795479774475, "investment": 0.9698530435562134, "paper": 0.962653636932373, "economy": 0.949619710445404, "abundance": 0.9410604238510132, "greed": 0.9389439821243286, "gambling": 0.9375066757202148, "pay": 0.933050274848938, "century": 0.931104302406311, "luck": 0.9199066758155823, "debt": 0.9165828824043274}