{"no person": 0.9759816527366638, "achievement": 0.9478498101234436, "business": 0.9386543035507202, "conceptual": 0.9257999062538147, "fun": 0.9247479438781738, "Halloween": 0.9099251627922058, "creativity": 0.9090983867645264, "aid": 0.8974175453186035, "text": 0.8952537178993225, "figure": 0.8879522085189819, "horizontal": 0.8763980865478516, "wood": 0.8716139793395996, "service": 0.8640651702880859, "isolated": 0.8550381064414978, "indoors": 0.8468828797340393, "funny": 0.8405115008354187, "child": 0.8346377015113831, "safety": 0.8285282850265503, "paper": 0.8261929750442505, "travel": 0.8212620615959167}