{"agriculture": 0.9964458346366882, "soil": 0.9886992573738098, "cropland": 0.9886733889579773, "tractor": 0.9878538846969604, "farm": 0.9771126508712769, "no person": 0.9765819907188416, "crop": 0.9763637781143188, "rural": 0.9496012926101685, "pasture": 0.9476483464241028, "plow": 0.9434990882873535, "track": 0.93385910987854, "ground": 0.9317367076873779, "farmland": 0.9309975504875183, "dust": 0.9243248105049133, "country": 0.9239898324012756, "countryside": 0.9225960969924927, "industry": 0.9217788577079773, "field": 0.9203646183013916, "dry": 0.9197221994400024, "farming": 0.9117721319198608}