{"corn": 0.9993603825569153, "corncob": 0.9936171770095825, "popcorn": 0.9908096790313721, "hazelnut": 0.9841576218605042, "no person": 0.9795569181442261, "gold": 0.9780428409576416, "straw": 0.97786545753479, "health": 0.9623535871505737, "pasture": 0.9534088969230652, "desktop": 0.9376554489135742, "nutrition": 0.9365240335464478, "cereal": 0.9338064193725586, "labyrinth": 0.9282973408699036, "confection": 0.9073562026023865, "meat": 0.8839856386184692, "agriculture": 0.865027904510498, "closeup": 0.8590949773788452, "nutritious": 0.8533681631088257, "gold piece": 0.8483321666717529, "food": 0.8417011499404907}