{"currency": 0.9982284903526306, "dollar": 0.9979415535926819, "money": 0.9973543882369995, "finance": 0.9971787929534912, "business": 0.9958574175834656, "wealth": 0.9955558180809021, "savings": 0.9928126931190491, "cash": 0.9896314740180969, "century": 0.9832128882408142, "paper": 0.9819590449333191, "bank": 0.9814644455909729, "financial": 0.9751794934272766, "investment": 0.9740006923675537, "pay": 0.9693406224250793, "abundance": 0.965167224407196, "one": 0.9539520740509033, "achievement": 0.9514444470405579, "commerce": 0.9506381750106812, "number": 0.9383225440979004, "tax": 0.9352665543556213}