{"sketch": 0.9952741861343384, "illustration": 0.9907322525978088, "funny": 0.9902263879776001, "child": 0.9882136583328247, "graphic design": 0.9837105870246887, "fun": 0.9825787544250488, "cute": 0.9710809588432312, "vector": 0.9690415263175964, "amusing": 0.9648910164833069, "man": 0.9587913155555725, "son": 0.952043354511261, "art": 0.9354429244995117, "graphic": 0.9340903759002686, "no person": 0.9291680455207825, "humor": 0.9141039848327637, "smile": 0.8957957625389099, "scared": 0.8863217234611511, "retro": 0.8799751996994019, "cheerful": 0.852315366268158, "narrative": 0.849541425704956}