{"no person": 0.9946145415306091, "health": 0.9663069248199463, "ingredients": 0.9553128480911255, "food": 0.9365807175636292, "cooking": 0.9348271489143372, "nutrition": 0.9058648943901062, "nature": 0.8856355547904968, "bright": 0.8465243577957153, "chili": 0.8415272831916809, "pepper": 0.8386560082435608, "indoors": 0.8343775272369385, "farming": 0.8122423887252808, "still life": 0.7955961227416992, "delicious": 0.7378530502319336, "taste": 0.7272714376449585, "leaf": 0.7197754979133606, "vitamin": 0.7159947752952576, "plastic": 0.6955231428146362, "blur": 0.6748815774917603, "medicine": 0.6722720265388489}