{"business": 0.9728461503982544, "money": 0.962997555732727, "paper": 0.9571999907493591, "achievement": 0.9433224201202393, "wealth": 0.9147120118141174, "currency": 0.88640958070755, "elderly": 0.8647106289863586, "eyeglasses": 0.8539921045303345, "man": 0.8472437858581543, "indoors": 0.8229377865791321, "greed": 0.8213189244270325, "finance": 0.8053450584411621, "stacks": 0.7664440870285034, "savings": 0.7615518569946289, "family": 0.7472929954528809, "office": 0.7464563846588135, "bank": 0.7419583797454834, "insurance": 0.7297497987747192, "appoint": 0.7237094640731812, "one": 0.7215836048126221}