{"no person": 0.9893099069595337, "knowledge": 0.9760962128639221, "literature": 0.9694647789001465, "graphic design": 0.96926349401474, "education": 0.967819333076477, "facts": 0.9562132954597473, "paper": 0.9537619352340698, "page": 0.9346598982810974, "print": 0.9309085607528687, "cover": 0.9001972675323486, "book bindings": 0.8998152017593384, "book": 0.8952722549438477, "wisdom": 0.8947205543518066, "textbook": 0.888319194316864, "creativity": 0.8795551657676697, "data": 0.8764309287071228, "illustration": 0.8724375367164612, "motley": 0.8644617199897766, "college": 0.8419921398162842, "art": 0.8280938267707825}