{"machine": 0.9924631118774414, "agriculture": 0.9895102977752686, "vehicle": 0.983293890953064, "farm": 0.9726948738098145, "competition": 0.9665828347206116, "crop": 0.9661014676094055, "cropland": 0.9640690684318542, "field": 0.9639750123023987, "grow": 0.9415366649627686, "soil": 0.936403751373291, "no person": 0.9261887073516846, "race": 0.9235979318618774, "industry": 0.9138914942741394, "pasture": 0.9121619462966919, "food": 0.909664511680603, "tractor": 0.8937103152275085, "landscape": 0.8912113308906555, "transportation system": 0.8790809512138367, "technology": 0.8754134178161621, "growth": 0.8708891272544861}