{"house": 0.9997743964195251, "home": 0.9985653758049011, "architecture": 0.9985583424568176, "residential": 0.9982189536094666, "family": 0.9974145889282227, "building": 0.9972007274627686, "real": 0.9971135854721069, "estate": 0.9971094727516174, "door": 0.99641352891922, "property": 0.9956406354904175, "bungalow": 0.9953413009643555, "window": 0.9933713674545288, "roof": 0.9930867552757263, "townhouse": 0.9907208681106567, "exterior": 0.9904522895812988, "residence": 0.984832227230072, "rent": 0.9846435785293579, "mansion": 0.9842200875282288, "mortgage": 0.9827577471733093, "apartment": 0.9822068214416504}