{"insect": 0.9873865246772766, "grasshopper": 0.9826436638832092, "animal": 0.9817920327186584, "isolated": 0.9779198169708252, "wildlife": 0.95854252576828, "antenna": 0.9570616483688354, "no person": 0.9563540816307068, "nature": 0.9533746242523193, "one": 0.9518594741821289, "locust": 0.9442244172096252, "disjunct": 0.9371446967124939, "little": 0.930834949016571, "color": 0.9020171761512756, "desktop": 0.9006330370903015, "invertebrate": 0.8869972825050354, "closeup": 0.8854355812072754, "fly": 0.8784370422363281, "single": 0.8784016370773315, "wild": 0.8779442310333252, "pest": 0.8647770285606384}