{"money": 0.9962500929832458, "business": 0.9933342933654785, "currency": 0.9930806756019592, "wealth": 0.9912286996841431, "savings": 0.9867135286331177, "dollar": 0.9834694862365723, "leather": 0.9793740510940552, "paper": 0.9775015115737915, "finance": 0.9687978029251099, "achievement": 0.961582362651825, "purse": 0.9613451361656189, "bank": 0.9578842520713806, "cash": 0.9566347599029541, "charity": 0.9436033964157104, "luggage": 0.9318650364875793, "wood": 0.9290009140968323, "pay": 0.9286142587661743, "old": 0.9259493947029114, "stacks": 0.9207404255867004, "conceptual": 0.9156601428985596}