{"woman": 0.9763593077659607, "togetherness": 0.9656407237052917, "man": 0.9606420397758484, "friendship": 0.9592409133911133, "fun": 0.9548367261886597, "adolescent": 0.9513124823570251, "family": 0.9389345049858093, "love": 0.9353864192962646, "portrait": 0.9346895813941956, "child": 0.9289200901985168, "student": 0.9170487523078918, "four": 0.9165584444999695, "three": 0.913436770439148, "girl": 0.8953757286071777, "grass": 0.8850876688957214, "laughing": 0.8724747896194458, "outdoors": 0.8466824293136597, "affection": 0.8430888652801514, "leisure": 0.8372074961662292, "summer": 0.8319011330604553}