{"no person": 0.9928591251373291, "food": 0.991080105304718, "grow": 0.9765665531158447, "rice": 0.9747905731201172, "nutrition": 0.9386826753616333, "cereal": 0.9335183501243591, "farming": 0.9123302102088928, "fruit": 0.9086248278617859, "desktop": 0.8803631663322449, "delicious": 0.8663656711578369, "vegetable": 0.8609691262245178, "meal": 0.8484545946121216, "meat": 0.8432157635688782, "health": 0.8387873768806458, "healthy": 0.8376753926277161, "lunch": 0.8358729481697083, "dinner": 0.8318943381309509, "ingredients": 0.8195534348487854, "cooking": 0.8184352517127991, "diet": 0.8058952689170837}