{"agriculture": 0.9940603375434875, "tractor": 0.993462324142456, "farm": 0.993023157119751, "rural": 0.9592806696891785, "hay": 0.9539778828620911, "cropland": 0.9492102861404419, "vehicle": 0.9332543611526489, "farming": 0.9311366081237793, "pasture": 0.9299668669700623, "machine": 0.9289697408676147, "field": 0.9289553761482239, "farmland": 0.9267321228981018, "countryside": 0.9234424829483032, "landscape": 0.9194007515907288, "barn": 0.905833899974823, "no person": 0.898640513420105, "machinery": 0.8815939426422119, "soil": 0.8364089727401733, "fall": 0.8338273167610168, "straw": 0.8298325538635254}