{"illustration": 0.9784477353096008, "art": 0.9627751708030701, "fun": 0.9597291946411133, "graphic": 0.9510951638221741, "vector": 0.9435632228851318, "fantasy": 0.9327699542045593, "sketch": 0.9299523234367371, "child": 0.9276655912399292, "design": 0.9211730360984802, "moon": 0.9120742082595825, "movie": 0.9117802381515503, "narrative": 0.9014212489128113, "festival": 0.8548648357391357, "costume": 0.8548548817634583, "funny": 0.836060106754303, "painting": 0.8148452639579773, "animal": 0.799315869808197, "no person": 0.7940261960029602, "Halloween": 0.7891850471496582, "magic": 0.7822128534317017}