{"child": 0.9391307830810547, "isolated": 0.9253131747245789, "achievement": 0.890669047832489, "no person": 0.8866786956787109, "business": 0.8824774026870728, "illustration": 0.8731259107589722, "family": 0.8528038263320923, "fun": 0.8496029376983643, "sketch": 0.839635968208313, "stacks": 0.8294430375099182, "wealth": 0.8236833810806274, "cute": 0.8068168759346008, "Lego": 0.8030346035957336, "funny": 0.7910188436508179, "accomplishment": 0.790890097618103, "money": 0.7902135252952576, "preschool": 0.7792674899101257, "disjunct": 0.7771735787391663, "expression": 0.7714673280715942, "connection": 0.752261757850647}