{"egg": 0.9985768795013428, "Easter": 0.9948798418045044, "no person": 0.99261873960495, "food": 0.9886943697929382, "chicken": 0.9794649481773376, "breakfast": 0.9722046852111816, "poultry": 0.9711633324623108, "three": 0.970090925693512, "eggshell": 0.9664661288261414, "indoors": 0.9508410692214966, "shell": 0.9495894908905029, "two": 0.9437845349311829, "still life": 0.9325290322303772, "cholesterol": 0.9220611453056335, "business": 0.9200975894927979, "one": 0.9190341234207153, "egg yolk": 0.9142213463783264, "grow": 0.9081677794456482, "group": 0.9002506136894226, "nutrition": 0.8891880512237549}