{"nature": 0.996941864490509, "flora": 0.98899906873703, "food": 0.9849948287010193, "artichoke": 0.9841708540916443, "no person": 0.9835342764854431, "grow": 0.9821608066558838, "leaf": 0.9732567667961121, "color": 0.9494696259498596, "exotic": 0.9450436234474182, "desktop": 0.9434600472450256, "closeup": 0.939963161945343, "garden": 0.9366644024848938, "health": 0.9302926659584045, "fruit": 0.9286733865737915, "freshness": 0.9207521080970764, "texture": 0.9152020215988159, "healthy": 0.9134960770606995, "vegetable": 0.9127219319343567, "flower": 0.9120821952819824, "outdoors": 0.9014012813568115}