{"architecture": 0.9969587326049805, "modern": 0.994892954826355, "no person": 0.9872658252716064, "building": 0.9851165413856506, "daylight": 0.9786110520362854, "glass items": 0.9744946956634521, "contemporary": 0.9724063277244568, "facade": 0.9672976136207581, "window": 0.9618710279464722, "office": 0.9608451724052429, "university": 0.9586999416351318, "business": 0.9571511745452881, "outdoors": 0.9394508004188538, "museum": 0.9382427334785461, "house": 0.9315752983093262, "sky": 0.915424644947052, "construction": 0.9106850624084473, "city": 0.8931930065155029, "parking lot": 0.8848890066146851, "exterior": 0.8829248547554016}