{"classroom": 0.9997195601463318, "child": 0.9996587038040161, "education": 0.9996510744094849, "school": 0.9989917874336243, "pencil": 0.9960451722145081, "indoors": 0.9946354031562805, "class": 0.993990957736969, "elementary school": 0.9937594532966614, "concentration": 0.9916087985038757, "schoolboy": 0.9886760711669922, "homework": 0.988069474697113, "schoolgirl": 0.9864575266838074, "teacher": 0.9850951433181763, "lesson": 0.9837501645088196, "desk": 0.9805299043655396, "book": 0.9794775247573853, "elementary": 0.9765539169311523, "room": 0.9689809083938599, "writing": 0.9675552248954773, "knowledge": 0.9593155384063721}