{"hand": 0.9877524375915527, "isolated": 0.9757503867149353, "woman": 0.9507054090499878, "child": 0.949907124042511, "skin": 0.9337287545204163, "care": 0.929902970790863, "love": 0.9228588342666626, "medicine": 0.9068213701248169, "toy": 0.8989338278770447, "financial security ": 0.8962668776512146, "latex": 0.8946508765220642, "baby": 0.8899913430213928, "body": 0.8832207322120667, "plastic": 0.8802903294563293, "treatment": 0.8748210072517395, "girl": 0.8704333305358887, "manicure": 0.8603450655937195, "rubberize": 0.8575759530067444, "nail": 0.8557805418968201, "healthcare": 0.8452330827713013}