{"cephalopod ink": 0.9970496892929077, "splash": 0.9953014850616455, "brush": 0.9780486822128296, "stain": 0.975368857383728, "splat": 0.9741807579994202, "dirty": 0.9736931324005127, "shot": 0.972791850566864, "art": 0.9709622263908386, "dye": 0.9677758812904358, "desktop": 0.9543353915214539, "messy": 0.9542452692985535, "design": 0.9504537582397461, "spray": 0.9504102468490601, "abstract": 0.9464994668960571, "texture": 0.9449771046638489, "brushing": 0.9355310797691345, "acrylic": 0.9353588819503784, "smudge": 0.9345396161079407, "artistic": 0.93375164270401, "bit": 0.9330470561981201}