{"currency": 0.9996646642684937, "money": 0.9996445178985596, "business": 0.9991104006767273, "finance": 0.9988186955451965, "wealth": 0.9986047148704529, "savings": 0.9978231191635132, "cash": 0.9958460927009583, "dollar": 0.9946702122688293, "bank": 0.9946088790893555, "achievement": 0.9929976463317871, "paper": 0.9916207790374756, "financial": 0.9896405339241028, "economy": 0.983096718788147, "investment": 0.9799296259880066, "commerce": 0.9728705883026123, "income": 0.9653366804122925, "growth": 0.9587777256965637, "pay": 0.9582330584526062, "isolate": 0.9560846090316772, "interest": 0.9559569358825684}