{"sofa": 0.9990463852882385, "relaxation": 0.9925404191017151, "sit": 0.989402174949646, "indoors": 0.9869927167892456, "man": 0.985763430595398, "room": 0.9811505079269409, "furniture": 0.9785276055335999, "family": 0.9728235602378845, "adult": 0.9577676653862, "leisure": 0.9535441398620605, "seat": 0.9491163492202759, "technology": 0.9471331834793091, "internet": 0.9440650343894958, "comfort": 0.9337460994720459, "computer": 0.9305408596992493, "connection": 0.9299769401550293, "fine-looking": 0.9280990958213806, "casual": 0.9280039072036743, "wireless": 0.9275298714637756, "sitting": 0.9269839525222778}