{"illustration": 0.990410327911377, "sketch": 0.989316999912262, "fun": 0.9892691969871521, "funny": 0.9861517548561096, "vector": 0.9829110503196716, "child": 0.979850172996521, "cute": 0.979606568813324, "infantile": 0.9667264223098755, "toy": 0.9587575793266296, "art": 0.9569319486618042, "design": 0.9358392953872681, "baby": 0.9357742667198181, "character": 0.9347581267356873, "graphic": 0.928455650806427, "amusing": 0.9205862879753113, "cheerful": 0.9165431261062622, "smile": 0.9158563017845154, "humor": 0.9145383238792419, "animal": 0.9058183431625366, "birthday": 0.9002739787101746}