{"abundance": 0.9986945986747742, "business": 0.9984661340713501, "finance": 0.9969519376754761, "currency": 0.9965251088142395, "wealth": 0.9957448840141296, "money": 0.9944820404052734, "batch": 0.988167941570282, "savings": 0.9871636629104614, "cash": 0.9866551160812378, "market": 0.9849137663841248, "bank": 0.9832012057304382, "prosperity": 0.9823324084281921, "dollar": 0.9767381548881531, "shopping": 0.9706524014472961, "commerce": 0.9675527811050415, "sale": 0.9661436676979065, "pile": 0.965589702129364, "century": 0.9650411605834961, "paper": 0.9587595462799072, "loan": 0.9574288725852966}