{"no person": 0.9824188351631165, "basket": 0.9795730113983154, "leaf": 0.9696994423866272, "nature": 0.9674614667892456, "market": 0.9639669060707092, "kind": 0.955659031867981, "fall": 0.9398704767227173, "food": 0.9378730654716492, "wicker": 0.9343775510787964, "health": 0.9305278658866882, "wood": 0.928404688835144, "pasture": 0.9240526556968689, "decoration": 0.9119255542755127, "garlic": 0.9076406359672546, "cabbage": 0.9003337621688843, "ingredients": 0.8923649787902832, "vegetable": 0.8923052549362183, "outdoors": 0.8782212734222412, "season": 0.8778358101844788, "winter": 0.8777815699577332}