{"basket": 0.9986498951911926, "food": 0.9939320087432861, "vegetable": 0.9912543892860413, "pasture": 0.9912126660346985, "beet": 0.9849171042442322, "radish": 0.983796238899231, "healthy": 0.9819474220275879, "nature": 0.9794151186943054, "garden": 0.9793341159820557, "farm": 0.9768117070198059, "market": 0.9765787124633789, "grow": 0.9729856848716736, "carrot": 0.969093382358551, "wicker": 0.9653236865997314, "cabbage": 0.9651873111724854, "health": 0.9579966068267822, "farming": 0.9533608555793762, "fruit": 0.950546145439148, "cooking": 0.9469372034072876, "agriculture": 0.9456824660301208}