{"template": 0.9993903636932373, "layout": 0.9988841414451599, "tag": 0.99836665391922, "presentation": 0.9975156784057617, "label": 0.995895266532898, "booklet": 0.9953998923301697, "World Wide Web": 0.9943616390228271, "promotion": 0.991015613079071, "facts": 0.9886643290519714, "set": 0.9884064793586731, "steps": 0.9881267547607422, "option (finance)": 0.9867820739746094, "comparability": 0.9863866567611694, "variant": 0.986381471157074, "stepping": 0.9856950640678406, "set up": 0.9840196371078491, "information": 0.9833773374557495, "advertising": 0.9811809062957764, "sequence": 0.9801293015480042, "banner": 0.9772941470146179}