{"no person": 0.9917508959770203, "architecture": 0.9793825149536133, "travel": 0.9668547511100769, "outdoors": 0.9568876028060913, "administration": 0.9533698558807373, "traditional": 0.9089359641075134, "city": 0.9065504670143127, "flag": 0.8855817914009094, "unity": 0.8707443475723267, "building": 0.8657113313674927, "democracy": 0.8599742650985718, "sky": 0.8401477336883545, "Congress": 0.8293461203575134, "retro": 0.8240354061126709, "popularity": 0.8235152363777161, "capitol": 0.8119991421699524, "art": 0.8023260831832886, "sightseeing": 0.7884951233863831, "street": 0.778833270072937, "old": 0.7766450047492981}