{"illustration": 0.9911110401153564, "sketch": 0.9834051132202148, "scribble": 0.9599277377128601, "art": 0.9571707248687744, "funny": 0.9567491412162781, "chalk out": 0.9407647252082825, "character": 0.9407263398170471, "business": 0.9376552700996399, "row of words": 0.9337881207466125, "clip": 0.9257957935333252, "hand": 0.9248290061950684, "vector": 0.9241709113121033, "line": 0.9147458076477051, "man": 0.911849319934845, "office": 0.8439919948577881, "desktop": 0.8235868215560913, "cheerful": 0.8226017355918884, "far-out": 0.8068618178367615, "outline": 0.8008532524108887, "image": 0.8002203702926636}