{"nature": 0.971802294254303, "tropical": 0.969971776008606, "no person": 0.9619840979576111, "summer": 0.9529885053634644, "conceptual": 0.9267715811729431, "business": 0.9081658124923706, "illustration": 0.886246383190155, "exotic": 0.881199061870575, "creativity": 0.8735140562057495, "water": 0.8690453767776489, "desktop": 0.864978551864624, "travel": 0.8639947772026062, "leaf": 0.8624619245529175, "ecology": 0.8516228795051575, "growth": 0.8467174768447876, "bright": 0.8441775441169739, "spherical": 0.8343397378921509, "disjunct": 0.8290629982948303, "freedom": 0.8251780271530151, "achievement": 0.8227689266204834}