{"graphic design": 0.9881004095077515, "no person": 0.9834079146385193, "forward": 0.9772408604621887, "travel": 0.9700800180435181, "fast": 0.9463742971420288, "business": 0.9460024833679199, "progress": 0.9311556220054626, "trip (journey)": 0.9070456027984619, "sky": 0.8957511186599731, "illustration": 0.8746446967124939, "vector": 0.871355414390564, "guidance": 0.8673844933509827, "perspective": 0.8601284027099609, "contemporary": 0.8458321690559387, "futuristic": 0.8434730768203735, "achievement": 0.8332106471061707, "outdoors": 0.8250222206115723, "airplane": 0.8225861191749573, "designing": 0.8052716255187988, "transportation system": 0.8023775219917297}