{"growth": 0.9981278777122498, "agriculture": 0.9913724660873413, "field": 0.9891620874404907, "farm": 0.9872870445251465, "leaf": 0.9858603477478027, "flora": 0.9844673871994019, "pasture": 0.9757039546966553, "corn": 0.9745468497276306, "nature": 0.9646332263946533, "no person": 0.9631177186965942, "crop": 0.9615347385406494, "rural": 0.9592693448066711, "food": 0.9589300751686096, "bio": 0.939785897731781, "cereal": 0.9395276308059692, "summer": 0.9368405342102051, "farmland": 0.9292640686035156, "vegetable": 0.904712975025177, "cornfield": 0.8988103866577148, "maturation": 0.8817304372787476}