{"wood": 0.9949442744255066, "no person": 0.9847745299339294, "chalk": 0.9740420579910278, "business": 0.9718725681304932, "achievement": 0.9481839537620544, "education": 0.9455220103263855, "knowledge": 0.9366586208343506, "display": 0.9298052191734314, "chalkboard": 0.9229267835617065, "wooden": 0.912955641746521, "retro": 0.8884627819061279, "school": 0.884712278842926, "writing": 0.8793929219245911, "facts": 0.8780932426452637, "conceptual": 0.8753861784934998, "text": 0.853115439414978, "research": 0.8265587687492371, "strategy": 0.8227639198303223, "sign": 0.8194267749786377, "handwritten": 0.8135595321655273}