{"graphic design": 0.9908315539360046, "no person": 0.9854140281677246, "illustration": 0.9642904996871948, "fun": 0.9528211355209351, "funny": 0.9467907547950745, "cute": 0.9408568143844604, "vector": 0.9214853048324585, "child": 0.9176510572433472, "sketch": 0.909147322177887, "desktop": 0.8890531063079834, "design": 0.885104775428772, "man": 0.8831055164337158, "business": 0.8804898262023926, "graphic": 0.8662962317466736, "moon": 0.8661445379257202, "love": 0.861479640007019, "creativity": 0.8423623442649841, "retro": 0.8411878347396851, "paper": 0.8389487862586975, "art": 0.8287617564201355}