{"art": 0.9932764768600464, "painting": 0.989578902721405, "religion": 0.9844622611999512, "visuals": 0.9825960397720337, "god": 0.950244128704071, "illustration": 0.9400113821029663, "light": 0.9384803771972656, "church": 0.915183961391449, "artistic": 0.9046648740768433, "saint": 0.9028041362762451, "spirituality": 0.9026739597320557, "holy": 0.9008822441101074, "religious": 0.8915910124778748, "worship": 0.8900299668312073, "culture": 0.8812330365180969, "design": 0.8812044262886047, "temple": 0.878247857093811, "peace": 0.8574139475822449, "incident ": 0.8480982184410095, "sacred": 0.8404125571250916}