{"telephone": 0.9988310933113098, "touch": 0.9985722303390503, "screen": 0.993256688117981, "portable": 0.9917369484901428, "technology": 0.9911467432975769, "internet": 0.9893310070037842, "electronics": 0.985714852809906, "connection": 0.9843440055847168, "business": 0.9823052883148193, "machinery": 0.9776633977890015, "wireless": 0.9760631918907166, "appliance": 0.9631885886192322, "pill": 0.9351086616516113, "contemporary": 0.9217406511306763, "display": 0.9184029698371887, "spherical": 0.914943277835846, "computer": 0.8968761563301086, "blur": 0.8849801421165466, "woman": 0.8807224035263062, "access": 0.8745259046554565}