{"love": 0.9984046816825867, "embrace": 0.993586003780365, "family": 0.9930440783500671, "togetherness": 0.992783784866333, "affection": 0.9924262762069702, "man": 0.9841309189796448, "romance": 0.9838364720344543, "woman": 0.976287305355072, "indoors": 0.9584324359893799, "intimacy": 0.9573741555213928, "couple": 0.9484282732009888, "dawn": 0.9452162384986877, "two": 0.9395537972450256, "relaxation": 0.9204248189926147, "laughing": 0.8969975709915161, "enjoyment": 0.8811987042427063, "joy": 0.8730926513671875, "comfort": 0.8688737154006958, "kiss": 0.8576695919036865, "leisure": 0.8519346714019775}