{"field": 0.9954133629798889, "agriculture": 0.9947220087051392, "landscape": 0.9939253926277161, "rural": 0.9870597124099731, "nature": 0.9866976141929626, "oil": 0.985850989818573, "rapeseed": 0.9835119843482971, "flower": 0.982546329498291, "crop": 0.9806938171386719, "farm": 0.9782917499542236, "countryside": 0.9751760959625244, "no person": 0.9740059971809387, "summer": 0.9664493203163147, "sky": 0.966095507144928, "fair weather": 0.9638993740081787, "growth": 0.9592868089675903, "oilseed": 0.9588322639465332, "country": 0.9582430124282837, "flora": 0.9547241926193237, "sun": 0.9512325525283813}