{"chalkboard": 0.999997615814209, "chalk": 0.999992847442627, "classroom": 0.9991938471794128, "handwriting": 0.9990925788879395, "school": 0.9989451766014099, "education": 0.9988351464271545, "display": 0.9972237348556519, "writing": 0.9968239068984985, "teacher": 0.9962027668952942, "mathematics": 0.9939233660697937, "class": 0.9935996532440186, "lesson": 0.9932310581207275, "text": 0.9916545152664185, "handwritten": 0.9892913699150085, "slate tablet": 0.9857664108276367, "solution": 0.9848963022232056, "algebra": 0.9804593324661255, "study": 0.9745144844055176, "knowledge": 0.9741107225418091, "elementary school": 0.9704346656799316}