{"shining": 0.9866559505462646, "juicy": 0.9828698039054871, "food": 0.9784027338027954, "no person": 0.9688526391983032, "nutrition": 0.9684714078903198, "disjunct": 0.9628388285636902, "health": 0.962252676486969, "delicious": 0.9500927329063416, "fruit": 0.9500458836555481, "farming": 0.9393912553787231, "freshness": 0.9378176331520081, "round out": 0.9283189177513123, "isolated": 0.916174590587616, "vegetable": 0.9139960408210754, "tomato": 0.8806111812591553, "ingredients": 0.86821049451828, "wet": 0.864892303943634, "leaf": 0.8451029062271118, "vitamin": 0.8409008979797363, "bright": 0.8321260809898376}