{"no person": 0.9903136491775513, "stripe": 0.9680321216583252, "nature": 0.963591992855072, "business": 0.9572120308876038, "growth": 0.9504669308662415, "leaf": 0.9433161020278931, "health": 0.9392517805099487, "template": 0.9356595277786255, "ecology": 0.9205895662307739, "contemporary": 0.9167272448539734, "identity": 0.9032965302467346, "layout": 0.9014425277709961, "graphic design": 0.89058518409729, "summer": 0.8878681063652039, "facts": 0.8822886347770691, "label": 0.8813464641571045, "grass": 0.8808659315109253, "banner": 0.8773365020751953, "set": 0.8732374310493469, "recycling": 0.8642768263816833}