{"box": 0.9923508763313293, "container": 0.983691930770874, "isolated": 0.9754769206047058, "no person": 0.9703996181488037, "food": 0.966821014881134, "money": 0.945995569229126, "desktop": 0.9424360394477844, "lid": 0.9211263060569763, "color": 0.9188909530639648, "can": 0.9171987175941467, "candy": 0.9106769561767578, "storage": 0.8943061828613281, "luck": 0.8926874399185181, "bank": 0.8922293186187744, "pot": 0.8921301364898682, "sweet": 0.8909153938293457, "plastic": 0.8878235816955566, "chocolate": 0.8854452967643738, "isolate": 0.8827347755432129, "currency": 0.8726044297218323}