{"tractor": 0.9979198575019836, "machinery": 0.9923794269561768, "vehicle": 0.9904085397720337, "soil": 0.9870595932006836, "machine": 0.9835346341133118, "plow": 0.9345977306365967, "tire": 0.9278697967529297, "wheel": 0.927336573600769, "no person": 0.913013756275177, "agriculture": 0.9014673233032227, "industry": 0.8838761448860168, "car": 0.877548098564148, "transportation system": 0.8741167187690735, "mud": 0.8687487244606018, "farm": 0.8608750104904175, "farmland": 0.858135998249054, "heavy": 0.851496160030365, "truck": 0.8288347125053406, "action": 0.8233470320701599, "engine": 0.8036568760871887}