{"growth": 0.9972501397132874, "outdoors": 0.9917325973510742, "nature": 0.9908225536346436, "flora": 0.9888816475868225, "leaf": 0.987483024597168, "agriculture": 0.9765066504478455, "freshness": 0.956422746181488, "vertical": 0.919279932975769, "fair weather": 0.8884366154670715, "focus": 0.8688721656799316, "husk": 0.8675623536109924, "horizontal": 0.8498818874359131, "summer": 0.8390617370605469, "fragility": 0.8247328996658325, "simplicity": 0.8237136006355286, "hanging": 0.8185118436813354, "drop": 0.7876579761505127, "immature": 0.7834415435791016, "tree": 0.7784761786460876, "unbutton": 0.760392963886261}