{"chalkboard": 0.9999070167541504, "chalk": 0.9998034834861755, "education": 0.99677973985672, "handwriting": 0.9915355443954468, "business": 0.9914576411247253, "display": 0.9913370609283447, "achievement": 0.9910509586334229, "school": 0.9909369349479675, "classroom": 0.9906595945358276, "writing": 0.989966869354248, "text": 0.9873244762420654, "solution": 0.9839876890182495, "teacher": 0.9834312796592712, "class": 0.9804542660713196, "lesson": 0.9774143695831299, "strategy": 0.9660006761550903, "study": 0.9633715748786926, "accomplishment": 0.9491371512413025, "knowledge": 0.935360848903656, "motivation": 0.9324511289596558}