{"apple": 0.9858464598655701, "fruit": 0.9835020899772644, "health": 0.9761669635772705, "market": 0.9758592247962952, "food": 0.9686142206192017, "freshness": 0.9549837708473206, "nutrition": 0.9532784223556519, "no person": 0.9463686347007751, "vitamin": 0.9364537000656128, "summer": 0.9363901615142822, "juice": 0.9362186193466187, "confection": 0.9327196478843689, "juicy": 0.924103319644928, "healthy": 0.9186530709266663, "pear": 0.9065383076667786, "delicious": 0.8960781693458557, "tropical": 0.8816906213760376, "diet": 0.8647181391716003, "shopping": 0.8628535866737366, "abundance": 0.853349506855011}