{"medicine": 0.957724928855896, "health": 0.9560478925704956, "no person": 0.9457303285598755, "research": 0.9356212615966797, "science": 0.9325520396232605, "syringe": 0.9278890490531921, "healthcare": 0.9149386882781982, "food": 0.9120106101036072, "desktop": 0.9000282287597656, "fruit": 0.8585887551307678, "laboratory": 0.8475349545478821, "horizontal": 0.8381375074386597, "equipment": 0.8236507177352905, "glass": 0.8197547793388367, "treatment": 0.8157690167427063, "color": 0.8069371581077576, "biology": 0.805985689163208, "isolated": 0.7908833622932434, "technology": 0.787440836429596, "bright": 0.785441517829895}