{"broccoli": 0.9897564053535461, "cucumber": 0.9896411299705505, "no person": 0.9858953356742859, "kind": 0.9854385852813721, "cabbage": 0.9852871894836426, "carrot": 0.9842715859413147, "leaf": 0.9822028875350952, "vegetable": 0.9813588261604309, "food": 0.9800755977630615, "pepper": 0.9788418412208557, "ingredients": 0.9775470495223999, "onion": 0.9770110249519348, "health": 0.9735475182533264, "courgette": 0.9721912741661072, "garlic": 0.9720548391342163, "eggplant": 0.9666741490364075, "lettuce": 0.9599952101707458, "nutrition": 0.9590981602668762, "pimento": 0.9589257836341858, "fruit": 0.958379864692688}