{"corn": 0.9993615746498108, "food": 0.9952488541603088, "corncob": 0.9936878085136414, "hazelnut": 0.9907987117767334, "no person": 0.9795252084732056, "outdoors": 0.9776395559310913, "nature": 0.9662790894508362, "summer": 0.9654548168182373, "popcorn": 0.9650090932846069, "grow": 0.9587032198905945, "agriculture": 0.9542955160140991, "farm": 0.9520204067230225, "fall": 0.9474157691001892, "gold": 0.9314549565315247, "cereal": 0.9300321340560913, "straw": 0.9279855489730835, "vegetable": 0.9278775453567505, "pasture": 0.9266991019248962, "meat": 0.9260658025741577, "one": 0.9178823232650757}