{"tractor": 0.9968461394309998, "machinery": 0.9916130304336548, "agriculture": 0.9910901784896851, "machine": 0.9890430569648743, "farm": 0.9820469617843628, "cereal": 0.9791864156723022, "pasture": 0.9755803942680359, "straw": 0.9746150374412537, "corn": 0.9739886522293091, "crop": 0.9670685529708862, "industry": 0.9554691314697266, "field": 0.953474760055542, "outdoors": 0.941623866558075, "rural": 0.9411706924438477, "wheat": 0.9369878768920898, "soil": 0.9326532483100891, "no person": 0.9318335652351379, "cropland": 0.9312832951545715, "vehicle": 0.9282729029655457, "food": 0.9272451400756836}