{"supermarket": 0.9989581108093262, "shopping": 0.9989225268363953, "market": 0.9982853531837463, "stock": 0.995507001876831, "commerce": 0.9946715235710144, "shop": 0.9946171641349792, "bargain": 0.9868637323379517, "sale": 0.9861332774162292, "mall": 0.9765833616256714, "shopping cart": 0.9678336381912231, "merchandise": 0.9678261280059814, "marketplace": 0.9625206589698792, "shelf": 0.9582335352897644, "buyer": 0.9569841027259827, "cart": 0.9472561478614807, "business": 0.9436721801757812, "aisle": 0.9389106631278992, "option": 0.9377003312110901, "city": 0.9361944794654846, "street": 0.9355805516242981}