{"no person": 0.9873747825622559, "business": 0.96695876121521, "shopping": 0.9308810830116272, "indoors": 0.9294120073318481, "horizontal": 0.9206228852272034, "contemporary": 0.8989565968513489, "travel": 0.85608971118927, "internet": 0.8481299877166748, "paper": 0.8392458558082581, "outdoors": 0.8313981890678406, "merchandise": 0.8119828104972839, "achievement": 0.807758629322052, "machinery": 0.8046681880950928, "technology": 0.8032128214836121, "facts": 0.7939856052398682, "spherical": 0.7920149564743042, "plastic": 0.7854300141334534, "connection": 0.7849549651145935, "service": 0.772781252861023, "designing": 0.77019202709198}