{"woman": 0.9874020218849182, "relaxation": 0.986355721950531, "love": 0.985929548740387, "family": 0.971552848815918, "man": 0.9573429226875305, "affection": 0.953535258769989, "togetherness": 0.949766993522644, "touch": 0.94493567943573, "composure": 0.9235854744911194, "romance": 0.9198793768882751, "comfort": 0.9173188805580139, "massage": 0.9103477001190186, "indoors": 0.9087511301040649, "health": 0.9020821452140808, "embrace": 0.900039553642273, "healthcare": 0.8990855813026428, "intimacy": 0.8950197100639343, "leisure": 0.8775476813316345, "treatment": 0.8708875775337219, "child": 0.8492343425750732}