{"facts": 0.9516164064407349, "business": 0.926390528678894, "graph": 0.925963819026947, "education": 0.922049880027771, "data": 0.9043105244636536, "diagram": 0.8994060158729553, "no person": 0.8970611691474915, "illustration": 0.8935271501541138, "desktop": 0.8837444186210632, "vector": 0.8590595126152039, "progress": 0.8428943157196045, "design": 0.826285719871521, "growth": 0.8250134587287903, "picture frame": 0.8176069259643555, "line": 0.8149015307426453, "disjunct": 0.8090860247612, "writing": 0.8081362843513489, "communication": 0.8030645251274109, "graphic": 0.8010944128036499, "graphic design": 0.7944501638412476}