{"architecture": 0.9945980310440063, "no person": 0.9878740906715393, "city": 0.9826315641403198, "building": 0.9822262525558472, "modern": 0.9762370586395264, "university": 0.975540816783905, "sky": 0.9712367653846741, "business": 0.9598991870880127, "daylight": 0.9589282274246216, "office": 0.9556957483291626, "outdoors": 0.9463462233543396, "glass items": 0.9439965486526489, "contemporary": 0.9371644854545593, "downtown": 0.9357160329818726, "futuristic": 0.9207324385643005, "lawn": 0.9166038632392883, "travel": 0.9110510349273682, "skyscraper": 0.9098856449127197, "home": 0.8877999782562256, "facade": 0.8861919641494751}