{"education": 0.9710720777511597, "school": 0.9641821980476379, "chalk": 0.9591701626777649, "chalkboard": 0.9490340948104858, "no person": 0.9378105998039246, "classroom": 0.9213298559188843, "illustration": 0.9193216562271118, "desktop": 0.880333662033081, "paper": 0.8779395818710327, "display": 0.8535321354866028, "fun": 0.8495608568191528, "mathematics": 0.8308007717132568, "child": 0.829741358757019, "class": 0.8159816265106201, "writing": 0.8049254417419434, "note": 0.8043298125267029, "card": 0.7891045808792114, "art": 0.7846791744232178, "texture": 0.7827698588371277, "design": 0.7820859551429749}