{"template": 0.9967691898345947, "layout": 0.9956514239311218, "vectors": 0.9927991628646851, "presentation": 0.9912524819374084, "diagram": 0.9882323145866394, "graph": 0.9876654148101807, "vector": 0.9847262501716614, "banner": 0.9834814667701721, "illustration": 0.9797534346580505, "visualization": 0.9777282476425171, "label": 0.9743802547454834, "set": 0.973774790763855, "booklet": 0.9594422578811646, "World Wide Web": 0.9482669234275818, "page": 0.9392741918563843, "set up": 0.9342710971832275, "stripe": 0.9261569380760193, "sandbank": 0.9242232441902161, "arrow": 0.9155060648918152, "information": 0.9120612740516663}