{"agriculture": 0.9839598536491394, "farm": 0.972976565361023, "tractor": 0.971574604511261, "farmland": 0.9681877493858337, "field": 0.9605147838592529, "pasture": 0.9603431820869446, "nature": 0.9579184651374817, "rural": 0.9466572403907776, "soil": 0.945600152015686, "grass": 0.9424078464508057, "countryside": 0.9387730956077576, "summer": 0.9247035384178162, "outdoors": 0.9225757718086243, "no person": 0.8935175538063049, "crop": 0.8701102137565613, "growth": 0.868746817111969, "landscape": 0.8665042519569397, "leaf": 0.812457799911499, "cropland": 0.8054306507110596, "flora": 0.788178563117981}