{"leaf": 0.9991623163223267, "nature": 0.9959793090820312, "flora": 0.9952797889709473, "no person": 0.9927236437797546, "growth": 0.9916593432426453, "garden": 0.9841394424438477, "outdoors": 0.9809842109680176, "soil": 0.9673231244087219, "sprout": 0.9446796774864197, "agriculture": 0.9433813095092773, "maturation": 0.9410896897315979, "little": 0.9402035474777222, "environment": 0.9292110800743103, "fair weather": 0.9214518070220947, "summer": 0.9211683869361877, "ball-shaped": 0.9066731333732605, "closeup": 0.9046111702919006, "herb": 0.9022952914237976, "color": 0.8931639194488525, "tree": 0.8752614259719849}