{"graphic design": 0.9986311793327332, "no person": 0.9976080656051636, "contemporary": 0.9897525310516357, "business": 0.984815239906311, "man": 0.9803397059440613, "internet": 0.9741262197494507, "isolated": 0.972553014755249, "creativity": 0.9518377780914307, "cute": 0.945175051689148, "paper": 0.9412214756011963, "funny": 0.9404382705688477, "woman": 0.93697190284729, "vectors": 0.9351125955581665, "facts": 0.9328485727310181, "data": 0.9322150349617004, "connection": 0.9286843538284302, "intelligence": 0.9152253866195679, "fun": 0.9148182272911072, "service": 0.905938982963562, "stripe": 0.9010220170021057}