{"horizontal": 0.9780860543251038, "growth": 0.9750728011131287, "focus": 0.9723842144012451, "discovery": 0.9599630236625671, "business": 0.9591355323791504, "exploration": 0.9558649659156799, "flora": 0.9474515318870544, "text": 0.9436910152435303, "magnification": 0.9367597103118896, "research": 0.930742621421814, "achievement": 0.9295069575309753, "vertical": 0.9250823855400085, "solution": 0.9150363802909851, "glass items": 0.9016852974891663, "nature": 0.9006255269050598, "environment": 0.8995166420936584, "loupe": 0.8917840123176575, "strategy": 0.8907294869422913, "creativity": 0.8808667659759521, "technology": 0.8798334002494812}