{"agriculture": 0.9946117401123047, "farm": 0.9925411939620972, "machine": 0.9901982545852661, "machinery": 0.9895869493484497, "field": 0.9878358244895935, "rural": 0.9840758442878723, "crop": 0.9828276634216309, "pasture": 0.9817543625831604, "farmland": 0.9792062044143677, "tractor": 0.9756775498390198, "cereal": 0.9739750027656555, "countryside": 0.972578227519989, "wheat": 0.9589225053787231, "industry": 0.9534714221954346, "no person": 0.9443950653076172, "cropland": 0.9342159628868103, "corn": 0.9329514503479004, "nature": 0.9310512542724609, "soil": 0.9290122389793396, "growth": 0.9253939390182495}