{"leaf": 0.9913918972015381, "nature": 0.9912799000740051, "fruit": 0.9868496656417847, "food": 0.9854742288589478, "agriculture": 0.9826140999794006, "health": 0.9752100706100464, "garden": 0.9699791073799133, "pasture": 0.9695013165473938, "growth": 0.9670398235321045, "outdoors": 0.9644685387611389, "farm": 0.9637773036956787, "grow": 0.9588817358016968, "farming": 0.9538530111312866, "no person": 0.9495623707771301, "maturation": 0.9494885802268982, "flora": 0.9488242268562317, "plantation": 0.9334381818771362, "summer": 0.9267644286155701, "healthy": 0.9251449108123779, "vegetable": 0.9248034358024597}