{"no person": 0.994928240776062, "food": 0.9923553466796875, "nutrition": 0.9819959402084351, "ingredients": 0.9816974997520447, "health": 0.9816189408302307, "cooking": 0.9599369764328003, "pasture": 0.9549866914749146, "wood": 0.9543729424476624, "grow": 0.9501489996910095, "vegetable": 0.9477896094322205, "whole": 0.9240773916244507, "farming": 0.919556200504303, "delicious": 0.9175168871879578, "fruit": 0.9173969626426697, "taste": 0.9140968322753906, "cereal": 0.9069644212722778, "traditional": 0.8979079723358154, "dry": 0.8959625363349915, "seed": 0.8952887654304504, "full": 0.8509075045585632}