{"cereal": 0.9959218502044678, "pasture": 0.9945299029350281, "wheat": 0.993876039981842, "farmland": 0.9878689646720886, "rural": 0.9871200323104858, "growth": 0.9823418259620667, "field": 0.9788869619369507, "sun": 0.9711119532585144, "corn": 0.9593802690505981, "farm": 0.9584200382232666, "crop": 0.9563618302345276, "straw": 0.9496827125549316, "summer": 0.9447104334831238, "grass": 0.944138765335083, "barley cereal": 0.9440971612930298, "rye": 0.9431203007698059, "bread": 0.9356637001037598, "no person": 0.9172007441520691, "fair weather": 0.914863646030426, "countryside": 0.9136845469474792}