{"sunset": 0.9966979026794434, "reflection": 0.986454963684082, "dawn": 0.9780735373497009, "sky": 0.9703649282455444, "dusk": 0.9658270478248596, "evening": 0.9614776372909546, "travel": 0.9538201689720154, "city": 0.9443488121032715, "water": 0.9426847100257874, "light": 0.9324676990509033, "cloud": 0.918075680732727, "sun": 0.9177548885345459, "silhouette": 0.9168121814727783, "cityscape": 0.9007993936538696, "architecture": 0.8812362551689148, "skyline": 0.8778586983680725, "lake": 0.8749225735664368, "river": 0.8652475476264954, "tree": 0.8502644896507263, "landscape": 0.8488029837608337}