{"navigation": 0.9990897178649902, "template": 0.9989839196205139, "stripe": 0.9977396726608276, "banner": 0.9968119263648987, "World Wide Web": 0.9967997074127197, "layout": 0.9963071346282959, "menu (food)": 0.9913289546966553, "page": 0.9884266257286072, "site": 0.9881761074066162, "heading": 0.9881094098091125, "vector": 0.9877778887748718, "skim read": 0.9849746823310852, "presentation": 0.9843872785568237, "interface": 0.9826849102973938, "set": 0.9807106852531433, "design": 0.9747933149337769, "arrow": 0.9714512825012207, "rhythm": 0.9701325297355652, "browse": 0.9695001840591431, "theme": 0.9660337567329407}