{"no person": 0.9786387085914612, "graphic design": 0.9590789675712585, "business": 0.9567825198173523, "internet": 0.929362416267395, "power": 0.9281783103942871, "horizontal": 0.9091329574584961, "aid": 0.9023995399475098, "isolated": 0.8893046379089355, "electronics": 0.8890666365623474, "security": 0.8876957893371582, "facts": 0.8862650990486145, "creativity": 0.884477436542511, "achievement": 0.881059467792511, "service": 0.8753818869590759, "technology": 0.8684633374214172, "contemporary": 0.8552518486976624, "designing": 0.8502767086029053, "detail": 0.8499040007591248, "data": 0.8464568257331848, "conceptual": 0.8408290147781372}