{"classroom": 0.9988402724266052, "education": 0.9988351464271545, "school": 0.9975998997688293, "teacher": 0.993845522403717, "desk": 0.979488730430603, "group": 0.9714134931564331, "professor": 0.9679771661758423, "sitting": 0.9676626920700073, "room": 0.9672410488128662, "class": 0.9649956822395325, "child": 0.9617843627929688, "university": 0.9601216912269592, "elementary school": 0.9562170505523682, "indoors": 0.9543018341064453, "woman": 0.9407062530517578, "adult": 0.9389052987098694, "furniture": 0.9253058433532715, "writing": 0.8948766589164734, "office": 0.8866904973983765, "lecture": 0.8807500004768372}