{"corn": 0.9987272620201111, "hazelnut": 0.9923807978630066, "food": 0.9922609925270081, "corncob": 0.9915668368339539, "straw": 0.9871519804000854, "agriculture": 0.9854212403297424, "no person": 0.9838736653327942, "vegetable": 0.9762014150619507, "cereal": 0.9755622148513794, "grow": 0.9729491472244263, "crop": 0.9726354479789734, "pasture": 0.9724924564361572, "farm": 0.9633144736289978, "nature": 0.9624150395393372, "summer": 0.955994725227356, "popcorn": 0.9492714405059814, "leaf": 0.9403817653656006, "closeup": 0.9261294007301331, "nutrition": 0.9257369637489319, "flora": 0.9245299696922302}