{"tractor": 0.9971176385879517, "machine": 0.9960142374038696, "vehicle": 0.9957642555236816, "machinery": 0.9926209449768066, "soil": 0.9846231341362, "agriculture": 0.9779936075210571, "transportation system": 0.9717106223106384, "equipment": 0.969128429889679, "industry": 0.968891441822052, "heavy": 0.9249199628829956, "plow": 0.9218719601631165, "farming": 0.9104478359222412, "wheel": 0.907263994216919, "farm": 0.9061980247497559, "outdoors": 0.8940202593803406, "truck": 0.8923985362052917, "no person": 0.8731328248977661, "engine": 0.8629056811332703, "dig up": 0.861812949180603, "technology": 0.843279242515564}