{"no person": 0.9893972873687744, "gold": 0.9260252118110657, "desktop": 0.9176596999168396, "food": 0.8986865282058716, "glisten": 0.8898155689239502, "nature": 0.8859426975250244, "shining": 0.8625550270080566, "color": 0.8609862327575684, "blur": 0.8535539507865906, "pasture": 0.8388350605964661, "bright": 0.8299910426139832, "ingredients": 0.8221060037612915, "Christmas": 0.8096821904182434, "honey": 0.8049198389053345, "nutrition": 0.8047459125518799, "sparkling": 0.8009223937988281, "cereal": 0.7977433800697327, "dry": 0.7825904488563538, "flower": 0.7778347134590149, "grow": 0.776473343372345}