{"template": 0.9988192915916443, "form": 0.9977360963821411, "layout": 0.9976266026496887, "World Wide Web": 0.9961840510368347, "presentation": 0.9939172863960266, "page": 0.992472767829895, "booklet": 0.9876741766929626, "label": 0.9867104887962341, "navigation": 0.9855062961578369, "steps": 0.9845534563064575, "banner": 0.9826759099960327, "restaurant check": 0.9826403260231018, "stripe": 0.9810785055160522, "information": 0.9801652431488037, "stepping": 0.9797873497009277, "option (finance)": 0.9795256853103638, "browse": 0.9718822240829468, "number": 0.9697755575180054, "tag": 0.969763994216919, "variant": 0.9612208604812622}