{"cattle": 0.9965580105781555, "cow": 0.9959774613380432, "livestock": 0.9935398697853088, "farm": 0.9911704063415527, "grass": 0.9906627535820007, "landscape": 0.9874027967453003, "no person": 0.9868353605270386, "rural": 0.9865655303001404, "agriculture": 0.9851571321487427, "countryside": 0.9812778830528259, "pastoral": 0.9804850816726685, "outdoors": 0.9718748927116394, "mammal": 0.9711505174636841, "fall": 0.9640402793884277, "pasture": 0.9587759375572205, "hayfield": 0.956335186958313, "farmland": 0.9537076950073242, "sheep": 0.9466149210929871, "fence": 0.9461929798126221, "barn": 0.943583071231842}