{"art": 0.9809162020683289, "circus": 0.9768680334091187, "mask": 0.9646474719047546, "entertainment": 0.9605700969696045, "sword": 0.9547236561775208, "man": 0.9436812400817871, "fantasy": 0.9182751774787903, "character": 0.9150454998016357, "illustration": 0.9124622941017151, "model": 0.9049010276794434, "fun": 0.9036115407943726, "warrior": 0.9028816223144531, "hero": 0.8922585248947144, "costume": 0.8904200196266174, "armor": 0.8866993188858032, "public show": 0.8735811710357666, "festival": 0.860660970211029, "Halloween": 0.8582659363746643, "fiction": 0.8496391773223877, "face": 0.8281501531600952}