{"illustration": 0.9917308688163757, "cute": 0.976374089717865, "vector": 0.9758473038673401, "funny": 0.9664377570152283, "sketch": 0.9501469731330872, "art": 0.9497259259223938, "graphic": 0.9478772878646851, "graphic design": 0.9475858807563782, "design": 0.9405967593193054, "isolated": 0.9379504919052124, "fashion": 0.9369876980781555, "no person": 0.9291515946388245, "woman": 0.924507737159729, "fun": 0.9033891558647156, "disjunct": 0.892116129398346, "violet": 0.8893027901649475, "smile": 0.8862636089324951, "image": 0.8848334550857544, "retro": 0.8811331391334534, "desktop": 0.870454728603363}