{"cargo container": 0.9988833069801331, "crane": 0.9980500936508179, "container ship": 0.9963560104370117, "industry": 0.9955680966377258, "export": 0.9952432513237, "shipment": 0.9945560693740845, "harbor": 0.9944280385971069, "transportation system": 0.9929673671722412, "container": 0.9913814663887024, "commerce": 0.991229772567749, "merchandise": 0.9900222420692444, "horizontal plane": 0.9859004616737366, "cargo ship": 0.9858236312866211, "pier": 0.9850065112113953, "unloading": 0.9842701554298401, "outdoors": 0.9827393293380737, "logistics": 0.977177083492279, "shipyard": 0.9754250049591064, "business": 0.9728167057037354, "import": 0.9667531251907349}