{"agriculture": 0.9965332746505737, "farm": 0.9924748539924622, "soil": 0.9859699606895447, "no person": 0.9834926128387451, "leaf": 0.9713774919509888, "food": 0.9705049395561218, "nature": 0.9659229516983032, "vegetable": 0.962073802947998, "growth": 0.9606421589851379, "flora": 0.9604636430740356, "outdoors": 0.9596061110496521, "farmland": 0.958562433719635, "grow": 0.9584763646125793, "pasture": 0.9502896666526794, "rural": 0.9453812837600708, "patch": 0.9331527352333069, "summer": 0.9302518367767334, "field": 0.9280896782875061, "cultivation": 0.9250088930130005, "ball-shaped": 0.9187790751457214}