{"illustration": 0.9513587951660156, "vector": 0.9242374897003174, "man": 0.9195301532745361, "retro": 0.9141817092895508, "fun": 0.911872923374176, "woman": 0.906833291053772, "sketch": 0.899653434753418, "funny": 0.8812216520309448, "chalk out": 0.8762110471725464, "design": 0.8582331538200378, "art": 0.8535701036453247, "no person": 0.8491250872612, "love": 0.8415400981903076, "graphic design": 0.8372174501419067, "child": 0.8108482360839844, "isolated": 0.8067216277122498, "cute": 0.7985886335372925, "nature": 0.7852592468261719, "graphic": 0.7819806337356567, "sport": 0.7704880237579346}