{"agriculture": 0.9948793649673462, "growth": 0.9944174289703369, "tea": 0.984571099281311, "leaf": 0.9841744303703308, "flora": 0.9775269031524658, "plantation": 0.9761886596679688, "no person": 0.9622888565063477, "outdoors": 0.9562333822250366, "nature": 0.9560659527778625, "food": 0.9560519456863403, "farm": 0.9460998773574829, "crop": 0.94582200050354, "garden": 0.9435437917709351, "camellia": 0.9402464628219604, "field": 0.9389294385910034, "grass": 0.9356989860534668, "soil": 0.9336584210395813, "pasture": 0.933219850063324, "summer": 0.9319261312484741, "cropland": 0.930048406124115}