{"street": 0.9854440093040466, "city": 0.9731714129447937, "travel": 0.9701049327850342, "urban": 0.969704270362854, "shopping": 0.9455131888389587, "stock": 0.9417725205421448, "market": 0.9395867586135864, "business": 0.9380055665969849, "commerce": 0.9364269375801086, "neon": 0.9225150346755981, "tourism": 0.9195765256881714, "building": 0.9193251132965088, "architecture": 0.9041525721549988, "downtown": 0.8851146101951599, "vacation": 0.8827118277549744, "tourist": 0.8811215758323669, "no person": 0.8770943880081177, "sky": 0.8532739877700806, "old": 0.8488945364952087, "signal": 0.8395176529884338}