{"car": 0.9960771203041077, "road": 0.9946473240852356, "horizontal plane": 0.9922115802764893, "transportation system": 0.9918319582939148, "traffic": 0.9884480834007263, "street": 0.9884196519851685, "city": 0.985537588596344, "crossing": 0.9737923741340637, "outdoors": 0.9714500308036804, "travel": 0.9713815450668335, "illuminated": 0.945635199546814, "vehicle": 0.9361623525619507, "business": 0.9289276003837585, "bus": 0.9230014085769653, "traffic jam": 0.9145578145980835, "stoplight": 0.9012930989265442, "billboard": 0.8821138143539429, "motion": 0.8725641369819641, "stock": 0.8628631234169006, "modern": 0.8570585250854492}