{"sketch": 0.9883255958557129, "vector": 0.9877690672874451, "illustration": 0.987723708152771, "graphic": 0.9764635562896729, "fun": 0.9638086557388306, "art": 0.9494233131408691, "funny": 0.9419429898262024, "visuals": 0.9262089729309082, "amusing": 0.9217914342880249, "monster": 0.921428918838501, "character": 0.9140615463256836, "child": 0.9086458086967468, "humor": 0.9073247909545898, "design": 0.8907378315925598, "theme": 0.8893117308616638, "smile": 0.8824384212493896, "desktop": 0.8469861149787903, "Halloween": 0.8446719646453857, "color": 0.8360953330993652, "cute": 0.8282961845397949}