{"no person": 0.986534595489502, "sky": 0.9819785952568054, "wheat": 0.9705402255058289, "agriculture": 0.9686634540557861, "crop": 0.9604321122169495, "cereal": 0.9569750428199768, "outdoors": 0.9524011015892029, "industry": 0.9459086060523987, "pasture": 0.9445797801017761, "nature": 0.9443467855453491, "power": 0.9423114061355591, "machinery": 0.9056209921836853, "fall": 0.8959981799125671, "rural": 0.8922953605651855, "cropland": 0.8897038102149963, "corn": 0.8813461661338806, "technology": 0.8800414800643921, "travel": 0.8744973540306091, "business": 0.8686032295227051, "growth": 0.8638933300971985}