{"classroom": 0.9998602867126465, "school": 0.9993601441383362, "education": 0.9985440969467163, "class": 0.9943397641181946, "teacher": 0.9913382530212402, "lecture": 0.9817888140678406, "desk": 0.9792632460594177, "room": 0.9763863682746887, "chalkboard": 0.9760703444480896, "elementary school": 0.9732279777526855, "seat": 0.9637655019760132, "table": 0.9580906629562378, "chair": 0.9576182961463928, "elementary": 0.9546193480491638, "furniture": 0.9521757364273071, "indoors": 0.9491536021232605, "child": 0.9432214498519897, "lesson": 0.9392067790031433, "group": 0.9391869306564331, "university": 0.9206901788711548}