{"cat": 0.9945390820503235, "cute": 0.9836161732673645, "fur": 0.9787010550498962, "animal": 0.9762229919433594, "pet": 0.9703272581100464, "curiosity": 0.9577733278274536, "kitten": 0.9565792679786682, "portrait": 0.9557384252548218, "horizontal": 0.9547126889228821, "mammal": 0.9460932016372681, "whisker": 0.9391112923622131, "sit": 0.936942994594574, "eye": 0.9284173250198364, "tabby": 0.920034646987915, "domestic": 0.9182384610176086, "funny": 0.9050378203392029, "little": 0.8934105038642883, "looking": 0.8813984990119934, "hair": 0.8809706568717957, "friendship": 0.8599156737327576}