{"road": 0.9866757988929749, "outdoors": 0.981463611125946, "billboard": 0.9811007976531982, "signal": 0.9729976654052734, "text": 0.9671634435653687, "highway": 0.9595546126365662, "horizontal plane": 0.9485222101211548, "landscape": 0.9441808462142944, "guidance": 0.9419866800308228, "horizontal": 0.9409607648849487, "street": 0.9244212508201599, "transportation system": 0.9175324440002441, "traffic": 0.9162278175354004, "business": 0.9146258234977722, "information": 0.9081893563270569, "signalise": 0.9057844281196594, "sign": 0.8941996097564697, "travel": 0.8879932165145874, "environment": 0.8675606846809387, "interstate": 0.8612242341041565}