{"no person": 0.9883731007575989, "health": 0.9879635572433472, "juicy": 0.9874605536460876, "nutrition": 0.98502117395401, "shining": 0.9792230129241943, "ingredients": 0.9713861346244812, "delicious": 0.9613825678825378, "disjunct": 0.9588680267333984, "farming": 0.9530838131904602, "food": 0.9448456764221191, "isolated": 0.944188117980957, "vitamin": 0.9345234036445618, "round out": 0.9222819209098816, "pasture": 0.9165239930152893, "whole": 0.9031244516372681, "leaf": 0.902931272983551, "cooking": 0.8774044513702393, "grow": 0.8609076142311096, "nature": 0.8578731417655945, "wet": 0.8561497330665588}