{"no person": 0.9842697381973267, "illustration": 0.9738219976425171, "desktop": 0.9700498580932617, "abstract": 0.9698767066001892, "design": 0.9632520079612732, "leaf": 0.9602496027946472, "art": 0.959844708442688, "graphic": 0.9512266516685486, "wallpaper": 0.9503560066223145, "vector": 0.9485053420066833, "paper": 0.9412808418273926, "retro": 0.931286633014679, "pattern": 0.9251839518547058, "background": 0.9238085150718689, "graphic design": 0.9219442009925842, "simplicity": 0.9053778052330017, "empty": 0.8866826295852661, "element": 0.8813332319259644, "space": 0.8686432838439941, "texture": 0.8658890128135681}