{"field": 0.9962812066078186, "farm": 0.9959595799446106, "rice": 0.9934768080711365, "agriculture": 0.9933595061302185, "landscape": 0.9930194020271301, "paddy": 0.9858834147453308, "cereal": 0.9831048846244812, "crop": 0.981553316116333, "flora": 0.9768241047859192, "grass": 0.9762204885482788, "rural": 0.9741290211677551, "environment": 0.9672711491584778, "nature": 0.9665217995643616, "food": 0.9617933630943298, "country": 0.9613623023033142, "tree": 0.945358157157898, "countryside": 0.9434864521026611, "farmland": 0.9434298872947693, "cloud": 0.9417765140533447, "pasture": 0.9399920105934143}