{"no person": 0.9593808054924011, "business": 0.9424175024032593, "illustration": 0.9416729211807251, "graph": 0.911247968673706, "designing": 0.9067357778549194, "facts": 0.9056826829910278, "vectors": 0.8999977111816406, "vector": 0.8986794948577881, "stripe": 0.8851916193962097, "internet": 0.8805989027023315, "connection": 0.8511335253715515, "navigation": 0.8509196639060974, "paper": 0.8466026186943054, "creativity": 0.8449063301086426, "horizontal": 0.8384802937507629, "graphic design": 0.8366422057151794, "data": 0.8324732184410095, "progress": 0.830246090888977, "diagram": 0.8193219304084778, "cartography": 0.8158590197563171}