{"cute": 0.9952130317687988, "pet": 0.9809695482254028, "animal": 0.9776617884635925, "little": 0.9765815734863281, "funny": 0.9765174388885498, "mammal": 0.9727338552474976, "downy": 0.9657037854194641, "fur": 0.9656471610069275, "one": 0.9586990475654602, "no person": 0.9421667456626892, "portrait": 0.9347160458564758, "young": 0.9336127638816833, "hair": 0.9268600344657898, "domestic": 0.9247617125511169, "looking": 0.9222548604011536, "albino": 0.9017719030380249, "eye": 0.8617308139801025, "nature": 0.8485212922096252, "indoors": 0.8459282517433167, "baby": 0.8331193327903748}