{"no person": 0.9947788715362549, "indoors": 0.9942635893821716, "furniture": 0.990946888923645, "room": 0.9861915111541748, "interior design": 0.9851637482643127, "contemporary": 0.9691827297210693, "seat": 0.9532838463783264, "table": 0.9422864317893982, "family": 0.9242933392524719, "minimalist": 0.9218320250511169, "chair": 0.9099016189575195, "exhibition": 0.875472366809845, "business": 0.8617648482322693, "medicine": 0.8550229668617249, "desk": 0.8524914383888245, "technology": 0.8487765192985535, "hospital": 0.8437766432762146, "luxury": 0.8409537076950073, "empty": 0.8341270685195923, "group": 0.8329461216926575}