{"illustration": 0.9707392454147339, "technology": 0.9706619381904602, "business": 0.9334174990653992, "desktop": 0.9160918593406677, "abstract": 0.9145064949989319, "data": 0.8938177227973938, "futuristic": 0.8785574436187744, "graphic": 0.8759276270866394, "internet": 0.8721036314964294, "science": 0.8507916331291199, "communication": 0.8447945713996887, "spherical": 0.8427376747131348, "modern": 0.8364253044128418, "connection": 0.8348836898803711, "conceptual": 0.831440269947052, "contemporary": 0.8300749659538269, "glazed": 0.8123796582221985, "line": 0.807570219039917, "bright": 0.7933138012886047, "design": 0.7913290858268738}