{"chair": 0.9906505346298218, "indoors": 0.9862507581710815, "office": 0.9799826145172119, "table": 0.9784431457519531, "inside": 0.9695696234703064, "business": 0.9645949006080627, "contemporary": 0.9600045680999756, "room": 0.9591712951660156, "window": 0.9564012885093689, "furniture": 0.9524590969085693, "desk": 0.947537362575531, "modern": 0.9382137656211853, "seat": 0.9223028421401978, "empty": 0.9082845449447632, "light": 0.8959877490997314, "lamp": 0.8957593441009521, "trading floor": 0.8846315741539001, "interior design": 0.8604069352149963, "urban": 0.8508205413818359, "airport": 0.8379732370376587}