{"leaf": 0.9931216835975647, "nature": 0.9905971884727478, "no person": 0.9812371134757996, "summer": 0.969606876373291, "flora": 0.9601783752441406, "growth": 0.9486088752746582, "insect": 0.9277387261390686, "disjunct": 0.9261834025382996, "animal": 0.9205420613288879, "grass": 0.919283390045166, "grasshopper": 0.9184732437133789, "outdoors": 0.903164803981781, "butterfly": 0.8949413299560547, "wildlife": 0.8845327496528625, "flower": 0.8723065853118896, "tropical": 0.8616557121276855, "bright": 0.8515014052391052, "little": 0.8493763208389282, "garden": 0.8439921736717224, "one": 0.8203428983688354}