{"no person": 0.981253981590271, "disjunct": 0.9674085974693298, "isolated": 0.9601492285728455, "health": 0.9593100547790527, "bright": 0.9337529540061951, "color": 0.9108179807662964, "desktop": 0.9074836373329163, "healthcare": 0.9041699767112732, "medicine": 0.9033055901527405, "decoration": 0.9014002084732056, "round out": 0.9007344245910645, "traditional": 0.8866311311721802, "nature": 0.8865017294883728, "shining": 0.8748816251754761, "wood": 0.8654979467391968, "summer": 0.8610533475875854, "romance": 0.8561558127403259, "isolate": 0.8471930027008057, "leaf": 0.8396268486976624, "love": 0.8381766080856323}