{"no person": 0.9979538917541504, "outdoors": 0.9759393930435181, "business": 0.97585129737854, "signal": 0.9410832524299622, "travel": 0.9318153262138367, "architecture": 0.9166225790977478, "building": 0.9104014039039612, "offense": 0.8969569802284241, "sky": 0.8900261521339417, "road": 0.8888241052627563, "museum": 0.8852708339691162, "industry": 0.8773326277732849, "empty": 0.8741888999938965, "contemporary": 0.8662455677986145, "drag race": 0.8645000457763672, "banking": 0.8420898914337158, "soccer": 0.8365345001220703, "education": 0.8298554420471191, "recreation": 0.8287227749824524, "security": 0.8221518993377686}