{"city": 0.9899237751960754, "architecture": 0.9794081449508667, "travel": 0.9780642986297607, "building": 0.9761825203895569, "skyline": 0.9736203551292419, "cityscape": 0.973298966884613, "evening": 0.9685574173927307, "dusk": 0.9613467454910278, "no person": 0.9597312808036804, "tower": 0.9568588137626648, "light": 0.9466460347175598, "outdoors": 0.9444636702537537, "skyscraper": 0.9402872323989868, "sunset": 0.9400787949562073, "urban": 0.9400773048400879, "sky": 0.9381932020187378, "bridge": 0.9339774250984192, "water": 0.9337841868400574, "river": 0.9236176609992981, "reflection": 0.9174745082855225}