{"illustration": 0.9930817484855652, "sketch": 0.9866142868995667, "vector": 0.9840065836906433, "fun": 0.9682138562202454, "humor": 0.9424179196357727, "child": 0.9421913027763367, "cute": 0.924653172492981, "toy": 0.9123541116714478, "funny": 0.908407986164093, "lid": 0.8964168429374695, "graphic": 0.8741977214813232, "art": 0.8472460508346558, "circus": 0.8355548977851868, "amusing": 0.8221560716629028, "design": 0.8163132667541504, "character": 0.8137949109077454, "robot": 0.8082354068756104, "party": 0.8051765561103821, "cheerful": 0.790069043636322, "clown": 0.7890397310256958}