{"weed": 0.9815396666526794, "quadrilateral": 0.978442370891571, "illustration": 0.9768651723861694, "sketch": 0.9732829332351685, "signage": 0.9732345342636108, "child": 0.9685195088386536, "vector": 0.9683349132537842, "fun": 0.9623757600784302, "cute": 0.9565754532814026, "movie": 0.9560032486915588, "no person": 0.9511564373970032, "gentleman": 0.9345489144325256, "graphic": 0.9330515265464783, "Thanksgiving": 0.9014111757278442, "summer": 0.8914913535118103, "grass": 0.8823322653770447, "nature": 0.877139687538147, "viral vector": 0.8748361468315125, "leaf": 0.8564334511756897, "signboard": 0.8524472117424011}