{"no person": 0.9904975295066833, "layout": 0.983668863773346, "page": 0.9831023812294006, "banner": 0.9818905591964722, "template": 0.9740148186683655, "booklet": 0.9708471894264221, "graphic design": 0.9656854271888733, "label": 0.9594956040382385, "identity": 0.9568096995353699, "facts": 0.9482862949371338, "restaurant check": 0.9464855790138245, "World Wide Web": 0.93809974193573, "stripe": 0.9333635568618774, "business": 0.9307542443275452, "paper": 0.926754891872406, "navigation": 0.9265188574790955, "vector": 0.9239397644996643, "presentation": 0.9227973222732544, "tag": 0.8994508981704712, "number": 0.8956571817398071}