{"technology": 0.9947153925895691, "computer": 0.990646243095398, "no person": 0.9874299168586731, "data": 0.9839732646942139, "business": 0.9767629504203796, "screen": 0.9720649123191833, "illuminated": 0.9715765118598938, "internet": 0.9639996290206909, "electronics": 0.9548993110656738, "horizontal": 0.9480534195899963, "connection": 0.9432422518730164, "facts": 0.9424146413803101, "number": 0.9412598013877869, "laptop": 0.9359466433525085, "blur": 0.9357075691223145, "finance": 0.905038595199585, "travel": 0.9047459363937378, "science": 0.9044569730758667, "display": 0.895514726638794, "research": 0.8803430795669556}