{"art": 0.9873281121253967, "splash": 0.9455870389938354, "color": 0.9455708265304565, "illustration": 0.9340300559997559, "abstract": 0.931692898273468, "no person": 0.9220540523529053, "painting": 0.9158656001091003, "retro": 0.9010649919509888, "vintage": 0.8952928781509399, "brush": 0.884424090385437, "still life": 0.8751068711280823, "desktop": 0.8749498724937439, "design": 0.8651999831199646, "old": 0.8612431287765503, "love": 0.8589038252830505, "creativity": 0.8513017892837524, "cephalopod ink": 0.847256600856781, "paper": 0.8431131839752197, "drop": 0.8413788676261902, "food": 0.8407360911369324}