{"no person": 0.9939674139022827, "health": 0.97010338306427, "ingredients": 0.9547340869903564, "corn": 0.9463049173355103, "horizontal": 0.9433951377868652, "nutrition": 0.9328019022941589, "pasture": 0.9019122123718262, "nature": 0.8963389992713928, "wheat": 0.8793051242828369, "food": 0.8695278167724609, "dry": 0.8593068718910217, "cereal": 0.8504365086555481, "abundance": 0.8452715873718262, "desktop": 0.8242369294166565, "vertical": 0.8181284666061401, "cooking": 0.8172767758369446, "pulse": 0.8126212358474731, "indoors": 0.8099092841148376, "many": 0.8052648901939392, "traditional": 0.8013651371002197}