{"money": 0.9993084669113159, "currency": 0.9989546537399292, "savings": 0.9982307553291321, "business": 0.9976285099983215, "wealth": 0.9972062706947327, "finance": 0.9970157146453857, "dollar": 0.9953926801681519, "paper": 0.99490886926651, "cash": 0.9888426065444946, "no person": 0.9883335828781128, "abundance": 0.986297607421875, "pay": 0.9792212843894958, "bank": 0.9780364632606506, "achievement": 0.9765609502792358, "greed": 0.9761036038398743, "value": 0.9759389162063599, "shopping": 0.9757249355316162, "inflation": 0.9749419093132019, "stacks": 0.9710319638252258, "sell": 0.9552561640739441}