{"classroom": 0.9999434947967529, "education": 0.9996546506881714, "school": 0.999648928642273, "teacher": 0.9983769655227661, "class": 0.997027575969696, "desk": 0.9952326416969299, "elementary school": 0.9893194437026978, "room": 0.9872854351997375, "professor": 0.98707515001297, "university": 0.9821186065673828, "group": 0.9796271324157715, "lecture": 0.976442277431488, "chalkboard": 0.9759908318519592, "lesson": 0.9627835750579834, "child": 0.9624618887901306, "sitting": 0.9572254419326782, "indoors": 0.9496735334396362, "adult": 0.9459959864616394, "writing": 0.9455421566963196, "schoolgirl": 0.9298198819160461}