{"no person": 0.9980702996253967, "contemporary": 0.9755899310112, "graphic design": 0.9752655625343323, "security": 0.9676755666732788, "electronics": 0.9670321345329285, "machinery": 0.9567599296569824, "isolated": 0.9562458992004395, "indoors": 0.9547784328460693, "data": 0.9523413181304932, "business": 0.9448270201683044, "technology": 0.9380431771278381, "horizontal": 0.9284413456916809, "equipment": 0.9244146347045898, "stripe": 0.9212345480918884, "facts": 0.9072633981704712, "internet": 0.9036869406700134, "vertical": 0.8971472978591919, "power": 0.8933543562889099, "dark": 0.8827245235443115, "glazed": 0.8688259720802307}