{"no person": 0.9946045279502869, "game": 0.988882839679718, "leisure": 0.9846150279045105, "recreation": 0.9730097651481628, "toy": 0.9717902541160583, "technology": 0.9716145396232605, "gambling": 0.9663260579109192, "telephone": 0.9622293710708618, "electronics": 0.9528290629386902, "fun": 0.9451040029525757, "plastic": 0.9398282170295715, "competition": 0.9317833781242371, "wood": 0.9257708787918091, "connection": 0.9093595147132874, "child": 0.8993777632713318, "computer": 0.8982909321784973, "one": 0.8906148076057434, "play": 0.8832477331161499, "indoors": 0.8795219659805298, "dice": 0.8749597072601318}