{"pencil": 0.9962162375450134, "composition": 0.9922813773155212, "paper": 0.9809103608131409, "school": 0.980899453163147, "business": 0.9710603952407837, "education": 0.9675127267837524, "office": 0.9649207592010498, "no person": 0.9592881202697754, "color": 0.9529157876968384, "equipment": 0.9446578621864319, "wood": 0.9402000904083252, "desktop": 0.9386082887649536, "crayon": 0.93080073595047, "motley": 0.9264562129974365, "writing": 0.9181820154190063, "stationery": 0.9102414846420288, "kind": 0.9053279161453247, "scissors": 0.9044972658157349, "note": 0.8870342969894409, "creativity": 0.8867986798286438}