{"no person": 0.9973050355911255, "interior design": 0.9636436104774475, "traditional": 0.9598772525787354, "Christmas": 0.9592028856277466, "rustic": 0.9562464356422424, "wood": 0.9547921419143677, "relaxation": 0.9467014670372009, "wicker": 0.9452252984046936, "handmade": 0.9362275004386902, "decoration": 0.9323598742485046, "thread": 0.9250515699386597, "retro": 0.9171561002731323, "homemade": 0.9165368676185608, "nature": 0.8870373964309692, "box": 0.883201003074646, "summer": 0.8813515305519104, "table": 0.8769369721412659, "basket": 0.8758950233459473, "food": 0.8579440712928772, "still life": 0.8520063161849976}