{"currency": 0.9947587847709656, "business": 0.992801308631897, "money": 0.9925931096076965, "finance": 0.9879261255264282, "wealth": 0.9855456948280334, "time": 0.9830090403556824, "achievement": 0.9818427562713623, "paper": 0.9756832122802734, "dollar": 0.973940372467041, "financial": 0.9733741879463196, "investment": 0.971830427646637, "number": 0.9711942672729492, "clock": 0.9709197878837585, "economy": 0.9623143672943115, "deadline": 0.9616049528121948, "bank": 0.9585365653038025, "savings": 0.9568405747413635, "cash": 0.9478283524513245, "note": 0.9460994601249695, "growth": 0.9234461784362793}