{"travel": 0.9916123151779175, "religion": 0.9849919676780701, "temple": 0.9848687648773193, "architecture": 0.9791561365127563, "tree": 0.9703550934791565, "building": 0.9608972668647766, "no person": 0.9589248895645142, "rock": 0.9528129696846008, "stone": 0.945957362651825, "Buddha": 0.9417100548744202, "mountain": 0.9329000115394592, "ancient": 0.9308765530586243, "landscape": 0.9301813840866089, "outdoors": 0.9203748106956482, "tourism": 0.9179549217224121, "culture": 0.9143558740615845, "sculpture": 0.9125086665153503, "garden": 0.9096696972846985, "old": 0.8862583637237549, "spirituality": 0.8802083134651184}