{"education": 0.994215190410614, "woman": 0.983820915222168, "class": 0.9814459681510925, "university": 0.9775112867355347, "school": 0.9754191040992737, "classroom": 0.9737696647644043, "sitting": 0.973233699798584, "teacher": 0.9696294665336609, "group": 0.9671382308006287, "man": 0.9667350053787231, "teamwork": 0.9589023590087891, "adult": 0.9440339207649231, "room": 0.9436812400817871, "indoors": 0.9275785684585571, "meeting": 0.9203630089759827, "cooperation": 0.918736457824707, "seminar": 0.9103255271911621, "lecture": 0.9101342558860779, "session": 0.9018834233283997, "college": 0.8962419629096985}