{"no person": 0.9911816120147705, "retro": 0.9385513663291931, "fun": 0.9169874787330627, "one": 0.8801259398460388, "entertainment": 0.8799737691879272, "competition": 0.8760051727294922, "play": 0.8753539323806763, "leisure": 0.8715683817863464, "child": 0.8666855692863464, "game": 0.8652263879776001, "art": 0.8559857606887817, "control": 0.8544030785560608, "isolated": 0.8433820009231567, "indoors": 0.8427538871765137, "design": 0.8330657482147217, "painting": 0.8310604691505432, "classic": 0.8268360495567322, "luxury": 0.8219839334487915, "vehicle": 0.8209986686706543, "dirty": 0.818332850933075}