{"agriculture": 0.9940999150276184, "field": 0.9938474297523499, "landscape": 0.9917616844177246, "cropland": 0.9849882125854492, "countryside": 0.9800839424133301, "farm": 0.9771073460578918, "grass": 0.9715709686279297, "travel": 0.9714168310165405, "nature": 0.962925910949707, "tree": 0.9615157842636108, "outdoors": 0.9589500427246094, "rural": 0.9565533995628357, "sky": 0.9518107771873474, "no person": 0.9445558190345764, "farmland": 0.9441295266151428, "valley": 0.9435951709747314, "sight": 0.9357377290725708, "hill": 0.9278643131256104, "daylight": 0.9262572526931763, "house": 0.9256644248962402}