{"no person": 0.9962127208709717, "graphic design": 0.9952398538589478, "isolated": 0.9642900824546814, "business": 0.9571431279182434, "machinery": 0.9400341510772705, "conceptual": 0.9309220314025879, "achievement": 0.92928546667099, "illustration": 0.9268136620521545, "wealth": 0.9263962507247925, "figure": 0.9057660102844238, "man": 0.9054073095321655, "glazed": 0.8970025181770325, "option": 0.8969348073005676, "contemporary": 0.8851948380470276, "currency": 0.8821102380752563, "intelligence": 0.8771464824676514, "power": 0.8663389086723328, "internet": 0.8565016388893127, "designing": 0.8524576425552368, "electronics": 0.8521255850791931}