{"cotton": 0.9969907999038696, "casual": 0.9962109327316284, "sleeve": 0.9952515363693237, "fashion": 0.9947869777679443, "wear": 0.9935311675071716, "garment": 0.9883814454078674, "apparel": 0.9872796535491943, "isolated": 0.9870093464851379, "boutique": 0.983169674873352, "elegant": 0.9710477590560913, "polo": 0.9692273139953613, "shirt": 0.965929388999939, "jacket": 0.9650925993919373, "shopping": 0.9560635685920715, "no person": 0.944006621837616, "style": 0.9364867210388184, "winter": 0.9357980489730835, "cutout": 0.9223430156707764, "design": 0.9167889356613159, "pants": 0.8893702030181885}