{"no person": 0.998238205909729, "health": 0.9850061535835266, "juicy": 0.9847966432571411, "tropical": 0.9651418924331665, "vitamin": 0.9638450741767883, "fruit": 0.9580598473548889, "nutrition": 0.9555528163909912, "juice": 0.9516019225120544, "balanced diet": 0.9515525102615356, "summer": 0.9443447589874268, "nature": 0.9256374835968018, "pasture": 0.9236522912979126, "delicious": 0.9230197072029114, "leaf": 0.9200495481491089, "food": 0.915428102016449, "farming": 0.9092825651168823, "ingredients": 0.9082287549972534, "fall": 0.9046332240104675, "market": 0.8994481563568115, "game half": 0.8981819748878479}