{"no person": 0.9892899394035339, "agriculture": 0.9868199229240417, "outdoors": 0.9815675616264343, "nature": 0.974266529083252, "summer": 0.9676415920257568, "architecture": 0.9649460315704346, "farm": 0.9581012725830078, "sky": 0.9566991329193115, "rural": 0.9452374577522278, "growth": 0.9418942332267761, "building": 0.9395713806152344, "tree": 0.9324795007705688, "countryside": 0.9301380515098572, "grass": 0.9282963871955872, "house": 0.9256803393363953, "landscape": 0.9229768514633179, "pasture": 0.9174866676330566, "industry": 0.9166784882545471, "crop": 0.9138396978378296, "flora": 0.9054313898086548}