{"house": 0.9791855216026306, "landscape": 0.9785627722740173, "vehicle": 0.9688915610313416, "farm": 0.9664576649665833, "grass": 0.9596323370933533, "no person": 0.957578182220459, "agriculture": 0.9455553889274597, "outdoors": 0.9407278895378113, "car": 0.940177321434021, "summer": 0.93654465675354, "building": 0.9341278076171875, "truck": 0.9318907856941223, "travel": 0.9314061403274536, "environment": 0.9264203310012817, "transportation system": 0.919666051864624, "home": 0.8933883309364319, "family": 0.8918939828872681, "nature": 0.8872941732406616, "country": 0.8689128756523132, "field": 0.8617910146713257}