{"no person": 0.9892430305480957, "health": 0.9815158843994141, "healthcare": 0.9600338935852051, "medicine": 0.9530330300331116, "treatment": 0.9362098574638367, "gloves": 0.9229954481124878, "food": 0.9214050769805908, "indoors": 0.9210729002952576, "sterile": 0.9176205396652222, "syringe": 0.9123008251190186, "isolated": 0.8911617398262024, "research": 0.8846318125724792, "nutrition": 0.8846103549003601, "woman": 0.8834558725357056, "cure": 0.8833642601966858, "one": 0.8808491230010986, "delicious": 0.8487219214439392, "science": 0.8301618695259094, "two": 0.8297654986381531, "vitamin": 0.8288598656654358}