{"nature": 0.9921477437019348, "landscape": 0.9878515601158142, "sprinkler": 0.985625684261322, "field": 0.9806604981422424, "agriculture": 0.9731302857398987, "outdoors": 0.964867353439331, "summer": 0.9628148078918457, "water": 0.9599441289901733, "no person": 0.953327476978302, "grass": 0.9510830044746399, "spray": 0.9445313811302185, "soil": 0.9374844431877136, "flora": 0.9317759871482849, "environment": 0.9309166073799133, "fair weather": 0.9174773097038269, "travel": 0.9173681735992432, "sky": 0.916568398475647, "farm": 0.9078519940376282, "rural": 0.9056399464607239, "irrigation": 0.9038178324699402}