{"food": 0.9975070357322693, "fruit": 0.9968198537826538, "leaf": 0.9954854846000671, "nature": 0.9936609268188477, "flora": 0.980653703212738, "no person": 0.9702062606811523, "season": 0.9631819725036621, "outdoors": 0.9624187350273132, "garden": 0.9544301629066467, "tree": 0.9543273448944092, "summer": 0.9534648060798645, "freshness": 0.951751172542572, "agriculture": 0.9411804676055908, "branch": 0.9385852813720703, "fall": 0.9257413744926453, "closeup": 0.8747460246086121, "grow": 0.8632242679595947, "color": 0.8510905504226685, "crop": 0.8478519320487976, "pasture": 0.8471399545669556}