{"architecture": 0.9960615038871765, "building": 0.9880107045173645, "facade": 0.9763891100883484, "modern": 0.9685871601104736, "sky": 0.9625898003578186, "city": 0.9578426480293274, "urban": 0.9542251825332642, "glass items": 0.9512416124343872, "window": 0.9497658014297485, "business": 0.9396774768829346, "travel": 0.9381363391876221, "construction": 0.9248384237289429, "expression": 0.9198853373527527, "no person": 0.9047101140022278, "street": 0.9034626483917236, "museum": 0.902112603187561, "exterior": 0.8953589200973511, "outdoors": 0.8749908208847046, "house": 0.8686692118644714, "office": 0.856936514377594}