{"sky": 0.9809775948524475, "no person": 0.97141033411026, "industry": 0.9712710976600647, "outdoors": 0.9663634896278381, "horizontal plane": 0.9576033353805542, "agriculture": 0.9498012065887451, "equipment": 0.9482438564300537, "technology": 0.9365041851997375, "soil": 0.9231273531913757, "summer": 0.8985208868980408, "horizontal": 0.8981249928474426, "ground": 0.8871060609817505, "travel": 0.8863520622253418, "landscape": 0.8853433728218079, "pollution": 0.8766794204711914, "transportation system": 0.8734697699546814, "farm": 0.8649396896362305, "nature": 0.8628982305526733, "vehicle": 0.8446611166000366, "power": 0.8436203598976135}