{"tractor": 0.9955976605415344, "agriculture": 0.9945982694625854, "farm": 0.993162989616394, "machine": 0.9898259043693542, "soil": 0.9837677478790283, "farmland": 0.9812148809432983, "plow": 0.9802170395851135, "pasture": 0.9745809435844421, "machinery": 0.9698588848114014, "rural": 0.9649161100387573, "field": 0.9523950815200806, "countryside": 0.9288029074668884, "crop": 0.9158964157104492, "no person": 0.8984513878822327, "industry": 0.8834292888641357, "summer": 0.8726581335067749, "ball-shaped": 0.8724560141563416, "vehicle": 0.862963080406189, "agronomy": 0.8526105284690857, "equipment": 0.8514785170555115}