{"layout": 0.9873439073562622, "template": 0.9858017563819885, "navigation": 0.9833877086639404, "label": 0.9822717905044556, "form": 0.981526255607605, "banner": 0.9806814789772034, "page": 0.9755221009254456, "stripe": 0.9670229554176331, "World Wide Web": 0.9631536602973938, "presentation": 0.955935001373291, "set": 0.952519416809082, "number": 0.9514039754867554, "restaurant check": 0.9307761788368225, "business": 0.9196416735649109, "tag": 0.9170838594436646, "arrow": 0.9026409387588501, "heading": 0.8959339261054993, "facts": 0.8952727317810059, "site": 0.8878104090690613, "browse": 0.8845893144607544}