{"growth": 0.9973015785217285, "no person": 0.9926948547363281, "ball-shaped": 0.9924401044845581, "leaf": 0.9916093945503235, "soil": 0.9904215335845947, "nature": 0.9880660772323608, "ingredients": 0.9665887355804443, "evolution": 0.9589772820472717, "sustainability": 0.9551693797111511, "little": 0.9502934217453003, "flora": 0.9470495581626892, "tea": 0.9267144203186035, "ground": 0.9208883047103882, "ecology": 0.9183397889137268, "blur": 0.9172224998474121, "sprout": 0.9124496579170227, "summer": 0.9064035415649414, "outdoors": 0.8989670872688293, "still life": 0.8981624245643616, "nourish": 0.8869897723197937}