{"barn": 0.9950487017631531, "rural": 0.9915334582328796, "farm": 0.9897437691688538, "no person": 0.9853874444961548, "house": 0.9838945269584656, "summer": 0.9804450869560242, "agriculture": 0.978428065776825, "countryside": 0.9783132076263428, "grass": 0.9740127921104431, "outdoors": 0.9696704149246216, "architecture": 0.9687300324440002, "sky": 0.9645945429801941, "farmhouse": 0.9562962651252747, "rustic": 0.9480236172676086, "nature": 0.9404872059822083, "landscape": 0.9398127794265747, "country": 0.9386451840400696, "family": 0.931321382522583, "building": 0.9124194383621216, "old": 0.8957399129867554}