{"business": 0.9801470637321472, "statistics": 0.9557695984840393, "paper": 0.9527727961540222, "no person": 0.9398895502090454, "money": 0.9144710898399353, "contemporary": 0.8915145397186279, "writing": 0.8847499489784241, "data": 0.8571241497993469, "conceptual": 0.8442836403846741, "calculator": 0.8393839597702026, "improvement": 0.8390464782714844, "diagram": 0.837713897228241, "eyeglasses": 0.8292877674102783, "one": 0.8231765627861023, "office": 0.8219379782676697, "achievement": 0.8213426470756531, "family": 0.8177461624145508, "technology": 0.8175258040428162, "graph": 0.8106783628463745, "indoors": 0.8080152869224548}