{"agriculture": 0.9968836903572083, "farm": 0.9949888586997986, "tractor": 0.987006664276123, "machine": 0.9828072786331177, "soil": 0.9809602499008179, "agronomy": 0.971852719783783, "machinery": 0.9688608050346375, "farming": 0.9672011137008667, "field": 0.9654194712638855, "plow": 0.9629600644111633, "work": 0.9599363207817078, "pasture": 0.9514734745025635, "outdoors": 0.9387983083724976, "growth": 0.934232771396637, "industry": 0.9333003163337708, "equipment": 0.9278969764709473, "crop": 0.9262261390686035, "exert": 0.9232720732688904, "rural": 0.9222030639648438, "farmland": 0.899413526058197}