{"no person": 0.9884877800941467, "health": 0.9526314735412598, "desktop": 0.9438313841819763, "isolated": 0.9379249215126038, "food": 0.917762815952301, "glazed": 0.9156186580657959, "disjunct": 0.902553141117096, "nutrition": 0.9022318720817566, "fun": 0.8953538537025452, "round out": 0.8900146484375, "bright": 0.8865367770195007, "shining": 0.8839054107666016, "color": 0.8701183199882507, "illustration": 0.8625553846359253, "design": 0.8612735271453857, "delicious": 0.8450353145599365, "one": 0.8409318327903748, "nature": 0.8366103768348694, "love": 0.8304545283317566, "healthy": 0.8293781876564026}