{"nature": 0.993089497089386, "flora": 0.9839089512825012, "garden": 0.9770646095275879, "leaf": 0.9702330827713013, "insect": 0.9685112237930298, "food": 0.9570279121398926, "agriculture": 0.9555399417877197, "environment": 0.9502353072166443, "little": 0.9446958303451538, "outdoors": 0.9417860507965088, "maturation": 0.9343319535255432, "desktop": 0.9321022629737854, "closeup": 0.9293094873428345, "farm": 0.9268395900726318, "growth": 0.9248813390731812, "summer": 0.9230862259864807, "vegetable": 0.9160771369934082, "season": 0.91252601146698, "invertebrate": 0.9102466106414795, "soil": 0.9036595225334167}