{"caterpillar": 0.9997791647911072, "insect": 0.9994223117828369, "larva": 0.9992672801017761, "butterfly": 0.99748694896698, "nature": 0.9962801337242126, "metamorphosis": 0.9941262006759644, "moth": 0.993503987789154, "worm": 0.991722047328949, "leaf": 0.9913528561592102, "wildlife": 0.9868302941322327, "pest": 0.9813514351844788, "invertebrate": 0.9801509380340576, "animal": 0.9773932099342346, "Lepidoptera": 0.9749088287353516, "entomology": 0.9690576791763306, "summer": 0.9655663967132568, "garden": 0.9649989008903503, "no person": 0.9597198367118835, "outdoors": 0.9582280516624451, "little": 0.9530249834060669}