{"no person": 0.9923945665359497, "tortilla": 0.9917718768119812, "salsa": 0.9911873936653137, "corn": 0.969569981098175, "crisp": 0.9489838480949402, "taco": 0.9489412307739258, "delicious": 0.9349924325942993, "food": 0.9320206642150879, "stranded": 0.9152281880378723, "chip": 0.9141459465026855, "fast": 0.9128035306930542, "traditional": 0.9111239314079285, "lunch": 0.9048169851303101, "chili": 0.8948306441307068, "guacamole": 0.8918535113334656, "crunchy": 0.8871163725852966, "refreshment": 0.8799653053283691, "hot": 0.8773773312568665, "bread": 0.8741365075111389, "hungry": 0.8396738767623901}