{"no person": 0.9931386113166809, "food": 0.9833214282989502, "nutrition": 0.9828771948814392, "tropical": 0.9809277653694153, "juicy": 0.9809205532073975, "desktop": 0.9748856425285339, "health": 0.971685528755188, "farming": 0.9577503800392151, "summer": 0.950614869594574, "delicious": 0.9494860768318176, "vitamin": 0.948214054107666, "color": 0.9476513862609863, "healthy": 0.946003794670105, "confection": 0.9456861615180969, "grow": 0.9400510787963867, "ingredients": 0.934852659702301, "fruit": 0.9279851317405701, "nature": 0.9228500127792358, "exotic": 0.9189944267272949, "diet": 0.9172573089599609}