{"corn": 0.9966772794723511, "corncob": 0.9938738346099854, "hazelnut": 0.991027295589447, "food": 0.9903884530067444, "nutrition": 0.9733664989471436, "no person": 0.9706369042396545, "healthy": 0.9696366786956787, "vegetable": 0.9687862992286682, "straw": 0.9637045860290527, "desktop": 0.9601109027862549, "disjunct": 0.9590949416160583, "health": 0.9505167603492737, "closeup": 0.9488443732261658, "popcorn": 0.9461677670478821, "leaf": 0.9424524307250977, "confection": 0.9326778650283813, "nature": 0.9260643124580383, "freshness": 0.9222655892372131, "flora": 0.9212097525596619, "isolate": 0.918236494064331}