{"vectors": 0.9679232239723206, "World Wide Web": 0.9558242559432983, "facts": 0.9527689218521118, "business": 0.9494519233703613, "presentation": 0.9455100893974304, "vector": 0.9339581727981567, "illustration": 0.933294415473938, "layout": 0.9320297837257385, "internet": 0.9263282418251038, "template": 0.9234368205070496, "data": 0.919036865234375, "technology": 0.9124332070350647, "diagram": 0.9048559069633484, "communication": 0.8991510272026062, "designing": 0.8957601189613342, "desktop": 0.8937877416610718, "network": 0.8857742547988892, "information": 0.8718981742858887, "graph": 0.8716162443161011, "progress": 0.8703219890594482}