{"cow": 0.9956757426261902, "milk": 0.9928027987480164, "livestock": 0.9891929030418396, "grass": 0.9869043231010437, "mammal": 0.9847561717033386, "farm": 0.984370231628418, "agriculture": 0.9834818840026855, "beef cattle": 0.9821426272392273, "animal": 0.9817335605621338, "cattle": 0.9785892367362976, "dairy": 0.968183159828186, "calf": 0.9615321159362793, "hayfield": 0.9566043615341187, "field": 0.9537803530693054, "pasture": 0.9511790871620178, "horizontal": 0.9417564272880554, "herd": 0.9298919439315796, "rural": 0.910414457321167, "nature": 0.9032598733901978, "bull": 0.9006494879722595}