{"no person": 0.9939210414886475, "business": 0.9260966181755066, "graphic design": 0.9041290879249573, "desktop": 0.896401047706604, "conceptual": 0.8898786306381226, "text": 0.8783000707626343, "illustration": 0.8777573108673096, "achievement": 0.8753084540367126, "typography": 0.8615706562995911, "horizontal": 0.8597705960273743, "travel": 0.8566819429397583, "retro": 0.8449100852012634, "balance": 0.8444766402244568, "sign": 0.8106116056442261, "danger": 0.808661937713623, "creativity": 0.8057378530502319, "nature": 0.7957103848457336, "outdoors": 0.7893799543380737, "dark": 0.7724401354789734, "stone": 0.7633624076843262}