{"World Wide Web": 0.9662335515022278, "facts": 0.9497429132461548, "presentation": 0.9337939620018005, "tag": 0.928443193435669, "template": 0.9264121055603027, "vectors": 0.924653172492981, "business": 0.9225190877914429, "designing": 0.917586088180542, "label": 0.9051268696784973, "progress": 0.8965944647789001, "site": 0.891028642654419, "internet": 0.889447808265686, "layout": 0.8817003965377808, "graph": 0.8723672032356262, "form": 0.8720973134040833, "number": 0.8701669573783875, "procedure": 0.8652396202087402, "data": 0.8648715615272522, "text": 0.8554962873458862, "diagram": 0.8519256114959717}