{"agriculture": 0.9991414546966553, "farm": 0.9987941980361938, "rural": 0.9944016337394714, "no person": 0.9939722418785095, "pasture": 0.9879934787750244, "soil": 0.9868106842041016, "nature": 0.9846072793006897, "house": 0.9824028015136719, "outdoors": 0.9816454648971558, "growth": 0.9813892245292664, "countryside": 0.9787697792053223, "summer": 0.9768564105033875, "farmland": 0.9677239060401917, "field": 0.9654921293258667, "barn": 0.965427577495575, "crop": 0.9649763703346252, "flora": 0.9628696441650391, "food": 0.9425122737884521, "leaf": 0.9280247688293457, "landscape": 0.9277613162994385}