{"friendship": 0.9904165267944336, "togetherness": 0.9901526570320129, "group": 0.9898650050163269, "student": 0.9874375462532043, "four": 0.982853889465332, "woman": 0.9824521541595459, "laughing": 0.9790703058242798, "sit": 0.9784849286079407, "group together": 0.9771456718444824, "family": 0.9756805896759033, "adolescent": 0.9745487570762634, "fun": 0.9707474112510681, "child": 0.966882050037384, "casual": 0.9543604850769043, "three": 0.9463489055633545, "multicultural": 0.9416998624801636, "outdoors": 0.940375030040741, "sibling": 0.9373699426651001, "man": 0.9258099794387817, "son": 0.922521710395813}