{"no person": 0.978915274143219, "technology": 0.973409116268158, "electricity": 0.9531786441802979, "surveillance": 0.939509391784668, "electronics": 0.9342530965805054, "equipment": 0.9228188395500183, "outdoors": 0.9201219081878662, "isolated": 0.9112565517425537, "power": 0.9036950469017029, "sky": 0.8916398882865906, "horizontal": 0.8742994666099548, "modern": 0.8233401775360107, "steel": 0.8222461938858032, "science": 0.8071599006652832, "lens": 0.8056440949440002, "chrome": 0.8029159903526306, "desktop": 0.7918913960456848, "security": 0.7746760249137878, "industry": 0.774420440196991, "aluminum": 0.7726466655731201}