{"travel": 0.9815248250961304, "no person": 0.9800965189933777, "vehicle": 0.9784833192825317, "road": 0.9693640470504761, "outdoors": 0.9521325826644897, "soccer": 0.9441759586334229, "architecture": 0.9316458106040955, "transportation system": 0.9284421801567078, "competition": 0.9205292463302612, "city": 0.9139911532402039, "stadium": 0.9125542044639587, "building": 0.9043883681297302, "football": 0.8976508975028992, "landscape": 0.894652783870697, "house": 0.8857665657997131, "grass": 0.8842794299125671, "daylight": 0.8841391801834106, "street": 0.8761515617370605, "parking lot": 0.8441060781478882, "urban": 0.8433781862258911}