{"classroom": 0.997989296913147, "education": 0.996344268321991, "class": 0.9963376522064209, "school": 0.9930398464202881, "child": 0.991526186466217, "indoors": 0.9914436936378479, "woman": 0.9842061996459961, "sitting": 0.9811483025550842, "adult": 0.9760262370109558, "facial expression": 0.9719433784484863, "adolescent": 0.9718738794326782, "concentration": 0.9685395359992981, "teacher": 0.9678672552108765, "girl": 0.9607709050178528, "university": 0.952355146408081, "room": 0.950376570224762, "student": 0.9494327902793884, "homework": 0.9485329389572144, "lecture": 0.9481944441795349, "knowledge": 0.9481074213981628}