{"fashion": 0.9915817379951477, "Halloween": 0.977523148059845, "woman": 0.9709274172782898, "sexy": 0.9583924412727356, "pretty": 0.9465513825416565, "wood": 0.9430831670761108, "elegant": 0.9340775609016418, "retro": 0.9338000416755676, "style": 0.928035318851471, "glamour": 0.923898458480835, "art": 0.9089304208755493, "punk": 0.9059382081031799, "wear": 0.9025984406471252, "dark": 0.9013411402702332, "contemporary": 0.8997865915298462, "traditional": 0.887252926826477, "young": 0.8699323534965515, "artistic": 0.8681315183639526, "fantasy": 0.862687885761261, "cute": 0.8246150612831116}