{"chalkboard": 0.9938682913780212, "text": 0.9914954900741577, "writing": 0.9882904291152954, "handwriting": 0.9877996444702148, "chalk": 0.9872565269470215, "business": 0.9801045656204224, "strategy": 0.9709694385528564, "education": 0.9686529040336609, "motivation": 0.9650514125823975, "achievement": 0.9582287073135376, "presentation": 0.950411319732666, "coaching": 0.942562997341156, "display": 0.9364163875579834, "leadership": 0.9330937266349792, "incentive": 0.9285807609558105, "inspirational": 0.9166910648345947, "conceptual": 0.8932387828826904, "accomplishment": 0.8913421630859375, "invention": 0.8791571259498596, "school": 0.8723893165588379}