{"illustration": 0.974465548992157, "vector": 0.9586134552955627, "no person": 0.9564046263694763, "fun": 0.9392275810241699, "sketch": 0.9308789372444153, "leaf": 0.9267365336418152, "nature": 0.9246016144752502, "luck": 0.9170541763305664, "design": 0.916475772857666, "summer": 0.9025112390518188, "art": 0.8975165486335754, "graphic design": 0.8972103595733643, "retro": 0.8898652791976929, "graphic": 0.8826666474342346, "outdoors": 0.8727214932441711, "bill": 0.8185224533081055, "desktop": 0.8028868436813354, "card": 0.8025500774383545, "lucky": 0.8003657460212708, "man": 0.7870710492134094}