{"tractor": 0.9984689354896545, "soil": 0.9966984391212463, "machinery": 0.9955998659133911, "machine": 0.9930865168571472, "agriculture": 0.9924888610839844, "plow": 0.9880037307739258, "farm": 0.9835584759712219, "vehicle": 0.9830370545387268, "no person": 0.9750903844833374, "farmland": 0.9630991220474243, "rural": 0.9421641230583191, "industry": 0.9388203024864197, "equipment": 0.9263609647750854, "field": 0.917492687702179, "ground": 0.9172414541244507, "pasture": 0.9152337908744812, "transportation system": 0.9102926254272461, "countryside": 0.9091929793357849, "outdoors": 0.9030291438102722, "farming": 0.8987285494804382}