{"corn": 0.9998149275779724, "hazelnut": 0.9976874589920044, "gold": 0.9956697225570679, "corncob": 0.9948061108589172, "cereal": 0.991595447063446, "desktop": 0.9861248135566711, "pasture": 0.9813862442970276, "food": 0.9789607524871826, "no person": 0.9756524562835693, "popcorn": 0.9739785194396973, "agriculture": 0.973861038684845, "straw": 0.9719750285148621, "meat": 0.9719712138175964, "labyrinth": 0.9687607884407043, "grow": 0.9659104943275452, "closeup": 0.9620772004127502, "crop": 0.9517180919647217, "gold piece": 0.9451772570610046, "vegetable": 0.9439376592636108, "healthy": 0.9398835301399231}