{"wealth": 0.9881408214569092, "business": 0.9868031144142151, "currency": 0.9864249229431152, "money": 0.9848018288612366, "achievement": 0.9842856526374817, "savings": 0.9725082516670227, "paper": 0.9685611128807068, "finance": 0.9658274054527283, "shopping": 0.9463502168655396, "pay": 0.9423374533653259, "isolated": 0.9081940650939941, "investment": 0.907800018787384, "cash": 0.9073247909545898, "hand": 0.8967089056968689, "financial": 0.888218104839325, "bank": 0.8858284950256348, "spherical": 0.880223274230957, "touch": 0.8588459491729736, "payment": 0.8495541214942932, "internet": 0.8422884345054626}