{"agriculture": 0.9931364059448242, "nature": 0.9838269948959351, "growth": 0.9791123867034912, "soil": 0.9785795211791992, "food": 0.9713815450668335, "flora": 0.9669956564903259, "outdoors": 0.9618434309959412, "pasture": 0.9602821469306946, "farm": 0.9602174162864685, "rural": 0.959801971912384, "crop": 0.9576840996742249, "maturation": 0.9534869194030762, "field": 0.9500153660774231, "countryside": 0.9381321668624878, "seed": 0.9271963834762573, "summer": 0.9269350171089172, "cereal": 0.9263991117477417, "desktop": 0.9261886477470398, "country": 0.9240941405296326, "farming": 0.9184551239013672}