{"child": 0.9996556043624878, "little": 0.9951914548873901, "cute": 0.9945584535598755, "fun": 0.9931190013885498, "indoors": 0.9853034019470215, "family": 0.9818445444107056, "elementary school": 0.9818161725997925, "preschool": 0.9722726345062256, "joy": 0.9685043096542358, "innocence": 0.9643604755401611, "enjoyment": 0.9620857834815979, "precious": 0.9603536128997803, "leisure": 0.9580680131912231, "sit": 0.9549196362495422, "pretty": 0.9535418748855591, "rejoice": 0.9423744082450867, "looking": 0.9097420573234558, "adolescent": 0.8978990912437439, "kindergarten": 0.8961114883422852, "arts and crafts": 0.8827710747718811}