{"field": 0.9763244390487671, "nature": 0.9697263240814209, "summer": 0.9605514407157898, "flora": 0.9566599726676941, "landscape": 0.9502969980239868, "agriculture": 0.9481756091117859, "food": 0.9481030106544495, "leisure": 0.9440593123435974, "crop": 0.9413731098175049, "garden": 0.9335516691207886, "grass": 0.9330273270606995, "outside": 0.9279674887657166, "growth": 0.9252184629440308, "pastime": 0.915145218372345, "outdoors": 0.9076251983642578, "farm": 0.9050638675689697, "equipment": 0.9010902047157288, "leaf": 0.9008684754371643, "flower": 0.8948131203651428, "hayfield": 0.889934241771698}