{"diagram": 0.997831404209137, "graph": 0.9939050078392029, "progress": 0.9893873929977417, "illustration": 0.9883434772491455, "business": 0.9754845499992371, "investment": 0.9729188084602356, "written report": 0.9724668264389038, "finance": 0.9687919616699219, "presentation": 0.9627467393875122, "strategy": 0.9561958909034729, "procedure": 0.9517349600791931, "financial": 0.9491632580757141, "education": 0.9472230076789856, "analysis": 0.9446893334388733, "management": 0.9403532147407532, "improvement": 0.9346086382865906, "data": 0.9281517863273621, "text": 0.9272885322570801, "sign": 0.9251232743263245, "achievement": 0.9221457839012146}