{"rice": 0.9831364750862122, "food": 0.9800894260406494, "cereal": 0.9764636754989624, "hand": 0.9667857885360718, "bowl": 0.9508635997772217, "cooking": 0.9500923752784729, "healthy": 0.9455447196960449, "vegetable": 0.9305775165557861, "health": 0.9250081777572632, "grow": 0.924458920955658, "no person": 0.9196988344192505, "meal": 0.9161681532859802, "desktop": 0.8980421423912048, "spoon": 0.8749014735221863, "farming": 0.8741694688796997, "nutrition": 0.8702195882797241, "diet": 0.8688924908638, "cuisine": 0.8601231575012207, "wood": 0.8587452173233032, "dish": 0.8548513650894165}