{"corn": 0.998881995677948, "hazelnut": 0.9884328246116638, "pasture": 0.9820603132247925, "food": 0.9812271595001221, "vegetable": 0.9793888926506042, "agriculture": 0.9758751392364502, "healthy": 0.9712601900100708, "desktop": 0.9701038002967834, "corncob": 0.9693265557289124, "farm": 0.9610499143600464, "cereal": 0.9599567651748657, "meat": 0.958749532699585, "closeup": 0.9515257477760315, "crop": 0.9501806497573853, "no person": 0.9477294087409973, "health": 0.944656491279602, "grow": 0.9443870782852173, "nutrition": 0.9370144605636597, "straw": 0.9282260537147522, "gold": 0.9257922172546387}