{"machinery": 0.990220308303833, "no person": 0.989532470703125, "retro": 0.9698824286460876, "wheel": 0.969190239906311, "old": 0.9533155560493469, "nostalgia": 0.952556312084198, "equipment": 0.9503147602081299, "outdoors": 0.9487645626068115, "tractor": 0.9468496441841125, "transportation system": 0.9435605406761169, "antique": 0.938947319984436, "vintage": 0.9192766547203064, "machine": 0.9148104786872864, "vehicle": 0.9140838980674744, "rural": 0.9069404602050781, "power": 0.8991965055465698, "traditional": 0.8854988813400269, "classic": 0.8634099364280701, "summer": 0.8405295610427856, "engine": 0.8390554785728455}