{"touch": 0.9994195699691772, "screen": 0.9973586201667786, "telephone": 0.9928633570671082, "pill": 0.9906112551689148, "smart": 0.9885899424552917, "internet": 0.9883180260658264, "portable": 0.9869411587715149, "wireless": 0.9752613306045532, "connection": 0.9714363217353821, "technology": 0.9706891179084778, "World Wide Web": 0.9621056914329529, "spherical": 0.9612716436386108, "display": 0.9605099558830261, "business": 0.9534106254577637, "electronics": 0.9476373195648193, "appliance": 0.9413971304893494, "data": 0.9381324648857117, "machinery": 0.929092288017273, "facts": 0.9277997016906738, "computer": 0.9234620928764343}