{"agriculture": 0.9967350363731384, "no person": 0.9880703091621399, "farm": 0.9822649955749512, "growth": 0.9798784255981445, "crop": 0.9796659350395203, "pasture": 0.9729890823364258, "rural": 0.9646239280700684, "countryside": 0.9567760825157166, "cropland": 0.9531572461128235, "outdoors": 0.9529882073402405, "industry": 0.9528658390045166, "irrigation": 0.9412632584571838, "nature": 0.9381780028343201, "field": 0.931017279624939, "sky": 0.922864556312561, "sprinkler": 0.9214667081832886, "summer": 0.9213038682937622, "grow": 0.9158226847648621, "grass": 0.8897154331207275, "technology": 0.8781594038009644}