{"technology": 0.9972593784332275, "computer": 0.9789298176765442, "no person": 0.9769636988639832, "display": 0.9749457836151123, "telephone": 0.9748420119285583, "device": 0.9747928380966187, "electronics": 0.9742900133132935, "equipment": 0.9691975116729736, "connection": 0.9592882394790649, "business": 0.948239266872406, "plastic": 0.9464625120162964, "number": 0.9345203638076782, "screen": 0.9222771525382996, "control": 0.9215186238288879, "movie": 0.9127336144447327, "data": 0.9125615358352661, "music": 0.9002819061279297, "industry": 0.8997207880020142, "vehicle": 0.8975011110305786, "retro": 0.8830959796905518}