{"touch": 0.9927119016647339, "telephone": 0.9896557331085205, "no person": 0.9856328964233398, "portable": 0.9842372536659241, "wireless": 0.9840446710586548, "electronics": 0.9781268835067749, "internet": 0.9753549098968506, "display": 0.9740824103355408, "technology": 0.9691316485404968, "isolated": 0.9661231637001038, "business": 0.9579095244407654, "flat": 0.9523892998695374, "screen": 0.9523193836212158, "appliance": 0.9513152241706848, "multimedia": 0.9454785585403442, "equipment": 0.9283452033996582, "devoid": 0.921589195728302, "pad": 0.9130134582519531, "cellular telephone": 0.9118321537971497, "communication": 0.906854510307312}