{"sky": 0.9836836457252502, "landscape": 0.9576270580291748, "field": 0.9570638537406921, "agriculture": 0.9388090372085571, "architecture": 0.9361972212791443, "city": 0.9359731674194336, "no person": 0.933506190776825, "business": 0.9157435297966003, "silo": 0.9090225100517273, "industry": 0.9078441262245178, "outdoors": 0.8975102305412292, "farm": 0.8942615389823914, "grass": 0.8898605108261108, "tower": 0.8893174529075623, "nature": 0.8864961266517639, "downtown": 0.8850630521774292, "rural": 0.8802728056907654, "travel": 0.8759649991989136, "summer": 0.8730988502502441, "crop": 0.8491252064704895}