{"no person": 0.9987756609916687, "ingredients": 0.9893940091133118, "nutrition": 0.9836955070495605, "bean": 0.9760310053825378, "many": 0.9734063744544983, "farming": 0.9663124680519104, "health": 0.9661455750465393, "food": 0.9647431969642639, "pasture": 0.9561006426811218, "legume": 0.953742504119873, "grow": 0.945766806602478, "kind": 0.9270820021629333, "coffee": 0.9225763082504272, "roasting": 0.917529284954071, "taste": 0.9166529178619385, "wood": 0.91518235206604, "dry": 0.9139267206192017, "stacks": 0.8839336633682251, "cereal": 0.8806158304214478, "delicious": 0.8621200323104858}