{"lunch": 0.9803975820541382, "bread": 0.9666227102279663, "food": 0.9653167128562927, "dinner": 0.9646193981170654, "burger": 0.959628164768219, "no person": 0.9549316763877869, "lettuce": 0.9540273547172546, "sandwich": 0.9484992623329163, "delicious": 0.9446603059768677, "meat": 0.9278428554534912, "unhealthy": 0.9206858277320862, "fast": 0.9200223088264465, "beef": 0.9152752757072449, "french fries": 0.9065327644348145, "bacon": 0.8953297138214111, "nutrition": 0.8943135142326355, "cheese": 0.8920420408248901, "mayonnaise": 0.8570281863212585, "meal": 0.8297718167304993, "sesame": 0.8233649134635925}