{"machinery": 0.9977003931999207, "power": 0.978333055973053, "tractor": 0.9653971195220947, "no person": 0.9653586745262146, "isolated": 0.9570866227149963, "tire": 0.955743670463562, "equipment": 0.9338840842247009, "diesel": 0.9283247590065002, "wheel": 0.9271607995033264, "machine": 0.9186179637908936, "heavy": 0.9062748551368713, "industry": 0.9044382572174072, "technology": 0.877806544303894, "glazed": 0.8740391135215759, "engine": 0.8537937998771667, "steel": 0.8447591662406921, "vehicle": 0.8354460000991821, "transportation system": 0.8315577507019043, "chrome": 0.8115389347076416, "soil": 0.7390331625938416}