{"currency": 0.9992338418960571, "money": 0.9989166259765625, "finance": 0.99817955493927, "savings": 0.998111367225647, "wealth": 0.9979991316795349, "cash": 0.9979212880134583, "business": 0.9973504543304443, "paper": 0.9951105713844299, "bank": 0.9949352145195007, "dollar": 0.9934792518615723, "achievement": 0.9926273226737976, "investment": 0.9919418096542358, "abundance": 0.9901682138442993, "financial": 0.9847276210784912, "shopping": 0.9845938682556152, "pay": 0.982358992099762, "century": 0.9814903736114502, "market": 0.9740282893180847, "commerce": 0.9630411863327026, "euro": 0.9612587690353394}