{"asparagus": 0.9998089671134949, "no person": 0.9974026083946228, "ingredients": 0.9918935298919678, "health": 0.9890903830528259, "nature": 0.9863113760948181, "wood": 0.9749758243560791, "leaf": 0.972190260887146, "bundle": 0.9721214175224304, "food": 0.9664874076843262, "nutrition": 0.9662523865699768, "cooking": 0.9644402861595154, "vegetable": 0.9627063274383545, "flora": 0.9562764167785645, "bamboo": 0.950114369392395, "bunch": 0.9419718384742737, "vitamin": 0.9358884692192078, "delicious": 0.9265422821044922, "grow": 0.9209513664245605, "freshness": 0.9167908430099487, "husk": 0.9146450161933899}