{"health": 0.9953703284263611, "no person": 0.9940476417541504, "ingredients": 0.9936402440071106, "nutrition": 0.9809901714324951, "balanced diet": 0.9800966382026672, "pimento": 0.9753789305686951, "wet": 0.9743729829788208, "lettuce": 0.9680123329162598, "juicy": 0.9655688405036926, "delicious": 0.9638425707817078, "leaf": 0.95827716588974, "broccoli": 0.9554747939109802, "vitamin": 0.9525719881057739, "food": 0.9438230991363525, "dinner": 0.9423566460609436, "cooking": 0.9339564442634583, "parsley": 0.9306642413139343, "taste": 0.9277867674827576, "nature": 0.9252524375915527, "freshness": 0.924431324005127}