{"corn": 0.9991384744644165, "hazelnut": 0.997401237487793, "corncob": 0.9961191415786743, "pasture": 0.9943724870681763, "agriculture": 0.9935779571533203, "no person": 0.9879899621009827, "food": 0.9858356714248657, "grow": 0.9855936169624329, "farm": 0.9845243096351624, "health": 0.9835476279258728, "vegetable": 0.9803215861320496, "nature": 0.9719398617744446, "nutrition": 0.967048704624176, "cereal": 0.9627919793128967, "crop": 0.9622520208358765, "leaf": 0.9620301127433777, "straw": 0.9533274173736572, "closeup": 0.9469098448753357, "bio": 0.9440511465072632, "flora": 0.9421135187149048}