{"travel": 0.9873693585395813, "map": 0.9867972135543823, "soil": 0.9765844941139221, "geography": 0.9749141931533813, "no person": 0.9687159061431885, "road": 0.9632286429405212, "ball-shaped": 0.9538901448249817, "cartography": 0.9513436555862427, "margin": 0.9374241232872009, "country": 0.908788800239563, "nature": 0.9057077169418335, "atlas": 0.9008660316467285, "graph": 0.9001816511154175, "spherical": 0.8956955671310425, "trip (journey)": 0.8895160555839539, "outdoors": 0.8883030414581299, "universe": 0.859924852848053, "countryside": 0.8438143134117126, "topography": 0.8368488550186157, "guidance": 0.8353120684623718}