{"tree": 0.9884799718856812, "outdoors": 0.9835017323493958, "house": 0.9829902648925781, "no person": 0.9741619825363159, "agriculture": 0.9725520014762878, "farm": 0.969032347202301, "nature": 0.9682032465934753, "grass": 0.9648475050926208, "building": 0.9620081186294556, "landscape": 0.9565696716308594, "environment": 0.9497396945953369, "daylight": 0.9481603503227234, "wood": 0.948083758354187, "field": 0.9471160769462585, "calamity": 0.945941150188446, "home": 0.9439333081245422, "summer": 0.9399215579032898, "sky": 0.938103437423706, "travel": 0.9266542196273804, "shed": 0.9197024703025818}