{"chalkboard": 0.9994447827339172, "education": 0.996513307094574, "school": 0.9962694644927979, "chalk": 0.9942409992218018, "classroom": 0.9942256808280945, "teacher": 0.9835544228553772, "elementary": 0.9759103059768677, "display": 0.9757456183433533, "class": 0.9730715155601501, "lesson": 0.9635236859321594, "mathematics": 0.9624736905097961, "study": 0.960991382598877, "knowledge": 0.9512585401535034, "writing": 0.9467979669570923, "schoolgirl": 0.9446094632148743, "college": 0.9387255311012268, "book": 0.9258463978767395, "child": 0.915429949760437, "elementary school": 0.9119153618812561, "intelligence": 0.9078544974327087}