{"vineyard": 0.992263913154602, "cropland": 0.990830659866333, "agriculture": 0.9867615699768066, "house": 0.9834561944007874, "landscape": 0.9821236729621887, "no person": 0.9738911986351013, "tree": 0.9735157489776611, "travel": 0.9639546275138855, "valley": 0.9627724885940552, "hill": 0.9592587947845459, "town": 0.9589367508888245, "countryside": 0.9449337720870972, "viticulture": 0.9418163895606995, "architecture": 0.9389459490776062, "farmhouse": 0.9362847805023193, "city": 0.9324634671211243, "farm": 0.929391086101532, "summer": 0.9204134941101074, "outdoors": 0.9203528761863708, "wine": 0.9142342805862427}