{"no person": 0.9908162355422974, "security": 0.9901596903800964, "technology": 0.9884059429168701, "business": 0.980147123336792, "electronics": 0.9800845384597778, "lock": 0.9756739139556885, "storage": 0.969607949256897, "data": 0.9642804265022278, "computer": 0.9630552530288696, "financial security ": 0.9620577692985535, "isolated": 0.959409236907959, "safe": 0.9569042325019836, "safety": 0.9540113806724548, "secrecy": 0.9537153244018555, "box": 0.9517401456832886, "finance": 0.9408414363861084, "case": 0.9405070543289185, "money": 0.9373158812522888, "currency": 0.9278073906898499, "wealth": 0.9181615710258484}