{"corncob": 0.9926041960716248, "corn": 0.9913291931152344, "outdoors": 0.9786494374275208, "text": 0.9570583701133728, "vertical": 0.9504521489143372, "flora": 0.948492169380188, "nature": 0.9449910521507263, "popcorn": 0.9445597529411316, "growth": 0.9415859580039978, "agriculture": 0.9178698658943176, "food": 0.9169137477874756, "horizontal": 0.8802136778831482, "no person": 0.878868818283081, "vegetable": 0.8378746509552002, "husk": 0.8368463516235352, "sky": 0.8269572257995605, "sign": 0.8215317130088806, "crop": 0.797835111618042, "illustration": 0.795291006565094, "summer": 0.7907006740570068}