{"paper": 0.984620213508606, "money": 0.9789126515388489, "business": 0.9776346683502197, "no person": 0.9757551550865173, "achievement": 0.9754695296287537, "currency": 0.9708104133605957, "wealth": 0.9638919234275818, "finance": 0.9436972737312317, "savings": 0.9411200881004333, "dollar": 0.9171112775802612, "conceptual": 0.9168570041656494, "retro": 0.9044473171234131, "cash": 0.883129358291626, "magnifier": 0.8810096979141235, "investment": 0.8696922659873962, "financial": 0.8671254515647888, "gain": 0.8623260855674744, "desktop": 0.8539342880249023, "income": 0.852188766002655, "glass items": 0.8345551490783691}