{"barn": 0.9979947805404663, "no person": 0.9940112233161926, "farm": 0.9923436045646667, "rural": 0.9915910959243774, "rustic": 0.9895646572113037, "agriculture": 0.9894900918006897, "shed": 0.9866361021995544, "grass": 0.9824815392494202, "abandoned": 0.9810212850570679, "house": 0.9784660935401917, "wood": 0.9771191477775574, "summer": 0.9740532636642456, "countryside": 0.9738274216651917, "outdoors": 0.9720068573951721, "landscape": 0.9565566778182983, "nature": 0.9559349417686462, "architecture": 0.9498782157897949, "farmhouse": 0.9427171945571899, "fence": 0.9352648258209229, "country": 0.9295441508293152}