{"fish": 0.9997978806495667, "no person": 0.9938347339630127, "trout": 0.9898073077201843, "bait": 0.988767683506012, "underwater": 0.9885907769203186, "water": 0.9875096678733826, "seafood": 0.9808658361434937, "swimming": 0.9791883826255798, "nature": 0.9736232161521912, "catch": 0.9732692837715149, "freshwater": 0.9646657705307007, "isolated": 0.9626479744911194, "graphic design": 0.9507100582122803, "scale": 0.9500998258590698, "disjunct": 0.9488123059272766, "cooking": 0.9398180246353149, "business": 0.932694137096405, "nutrition": 0.9279279708862305, "sea": 0.9239165782928467, "salmon fish": 0.9190851449966431}