{"no person": 0.9640402793884277, "blur": 0.9503465294837952, "color": 0.9502176642417908, "heart": 0.9334378242492676, "art": 0.9274786710739136, "abstract": 0.9270286560058594, "sun": 0.9231473803520203, "summer": 0.9191591739654541, "sky": 0.917061984539032, "love": 0.9062978029251099, "design": 0.8949232697486877, "paper": 0.8929117918014526, "fair weather": 0.8913246393203735, "rainbow": 0.881570041179657, "pastel": 0.8800325989723206, "bright": 0.8793423175811768, "desktop": 0.8771015405654907, "travel": 0.868911862373352, "shape": 0.8656953573226929, "creativity": 0.8594083786010742}