{"woman": 0.9891525506973267, "group": 0.9857736825942993, "teamwork": 0.9834625720977783, "sitting": 0.9820120334625244, "man": 0.9791203737258911, "student": 0.9741021394729614, "education": 0.9700683951377869, "university": 0.9569176435470581, "college": 0.9523481130599976, "adult": 0.9481650590896606, "indoors": 0.9455248713493347, "facial expression": 0.9424518942832947, "group together": 0.9335155487060547, "classroom": 0.9315597414970398, "sit": 0.9274290800094604, "adolescent": 0.9215503334999084, "cooperation": 0.9208559393882751, "looking": 0.918669581413269, "togetherness": 0.9154595732688904, "school": 0.8990416526794434}