{"vehicle": 0.998522937297821, "tractor": 0.9972533583641052, "machine": 0.9942101240158081, "machinery": 0.9921588897705078, "transportation system": 0.9875605702400208, "wheel": 0.9779912829399109, "car": 0.9763373136520386, "soil": 0.9667196273803711, "power": 0.9602334499359131, "truck": 0.9574731588363647, "no person": 0.9557244777679443, "agriculture": 0.9452561736106873, "diesel": 0.941862940788269, "equipment": 0.9387238621711731, "engine": 0.9351021647453308, "drive": 0.9340602159500122, "industry": 0.9265397191047668, "heavy": 0.905057430267334, "driver": 0.8982875347137451, "tire": 0.8944351077079773}