{"business": 0.9857578277587891, "internet": 0.9829809665679932, "horizontal": 0.9784159660339355, "indoors": 0.9713056087493896, "technology": 0.9691564440727234, "connection": 0.9599243402481079, "data": 0.9407572150230408, "computer": 0.9271684885025024, "office": 0.9205479025840759, "paper": 0.9185259342193604, "woman": 0.9136772751808167, "laptop": 0.9072479605674744, "communication": 0.8947045803070068, "writing": 0.8913053870201111, "adult": 0.8807186484336853, "electronics": 0.8679839968681335, "man": 0.8493434190750122, "contemporary": 0.8346559405326843, "wireless": 0.8299820423126221, "credit card": 0.8285330533981323}