{"cereal": 0.9925321936607361, "wheat": 0.9905439615249634, "straw": 0.9892014265060425, "pasture": 0.9858418107032776, "corn": 0.9854905605316162, "rural": 0.9824253916740417, "farm": 0.9822454452514648, "countryside": 0.9798256754875183, "field": 0.9797257781028748, "crop": 0.9759401679039001, "agriculture": 0.9722183346748352, "hay": 0.9706999063491821, "farmland": 0.9569634795188904, "nature": 0.9544103145599365, "soil": 0.9496278762817383, "rye": 0.9493795037269592, "food": 0.9482653141021729, "fall": 0.9404591917991638, "growth": 0.9377317428588867, "sun": 0.9350300431251526}