{"machine": 0.9980127811431885, "tractor": 0.9965863227844238, "machinery": 0.9954676628112793, "vehicle": 0.9841511249542236, "heavy": 0.9824236631393433, "soil": 0.965259850025177, "wheel": 0.9619510769844055, "equipment": 0.9602691531181335, "transportation system": 0.9581103920936584, "engine": 0.9398089647293091, "no person": 0.934895932674408, "industry": 0.9298387169837952, "power": 0.9272195100784302, "diesel": 0.9200479388237, "truck": 0.8536690473556519, "outdoors": 0.8345694541931152, "plow": 0.8277827501296997, "dust": 0.7898101210594177, "ball-shaped": 0.7740870714187622, "bulldozer": 0.7726402878761292}