{"sky": 0.9815769791603088, "no person": 0.9757959842681885, "water": 0.9658116102218628, "sunset": 0.9549093842506409, "outdoors": 0.9459869265556335, "sun": 0.9417693614959717, "dawn": 0.940097451210022, "dark": 0.9295614361763, "travel": 0.9287559986114502, "moon": 0.9237200021743774, "nature": 0.9051886796951294, "dusk": 0.8864135146141052, "dramatic": 0.8812201619148254, "architecture": 0.8755500316619873, "business": 0.8752404451370239, "sea": 0.8568190336227417, "light": 0.8409507274627686, "reflection": 0.8393790125846863, "illuminated": 0.827440083026886, "high": 0.8135128021240234}