{"food": 0.9854094982147217, "fruit": 0.9848938584327698, "healthy": 0.9780535697937012, "slice": 0.9770841002464294, "juicy": 0.9711036682128906, "health": 0.953740119934082, "hand": 0.9522018432617188, "tropical": 0.9488599300384521, "freshness": 0.9454213380813599, "diet": 0.9445440173149109, "closeup": 0.9422096014022827, "part": 0.940484881401062, "tasty": 0.9335361123085022, "desktop": 0.9302694201469421, "refreshment": 0.9194427728652954, "nature": 0.9176483154296875, "section": 0.9162778258323669, "cut": 0.9037482142448425, "confection": 0.9026844501495361, "stranded": 0.8965097665786743}