{"vector": 0.992389976978302, "illustration": 0.9830601811408997, "design": 0.9711303114891052, "template": 0.9665451645851135, "card": 0.9630842208862305, "birthday": 0.9502414464950562, "cute": 0.9466607570648193, "desktop": 0.9423373341560364, "graphic": 0.9366613626480103, "fun": 0.9315429925918579, "sketch": 0.929531991481781, "invitation": 0.9279528856277466, "food": 0.9233692288398743, "celebration": 0.9227837324142456, "greeting": 0.9180316925048828, "image": 0.9101980328559875, "element": 0.900075376033783, "art": 0.8976406455039978, "gift": 0.8946847319602966, "picture frame": 0.8866332173347473}