{"currency": 0.9985014200210571, "dollar": 0.9974167346954346, "money": 0.9958525896072388, "wealth": 0.9946913123130798, "finance": 0.9939171671867371, "business": 0.9937346577644348, "savings": 0.9935021996498108, "greed": 0.9934993982315063, "century": 0.9934866428375244, "cash": 0.9917832612991333, "pay": 0.990592896938324, "incentive": 0.9887343645095825, "bank": 0.9886124730110168, "debt": 0.9867760539054871, "mousetrap": 0.9842124581336975, "trap": 0.9831810593605042, "investment": 0.9819690585136414, "loan": 0.9816826581954956, "hand": 0.979400098323822, "shopping": 0.9755105972290039}