{"architecture": 0.9865443110466003, "modern": 0.9854722619056702, "glass items": 0.984879195690155, "no person": 0.9839604496955872, "business": 0.9826670289039612, "building": 0.9732615947723389, "contemporary": 0.9703350067138672, "office": 0.967965841293335, "sky": 0.9484054446220398, "outdoors": 0.9462884664535522, "daylight": 0.9433130025863647, "futuristic": 0.9338212609291077, "city": 0.9228247404098511, "finance": 0.9109894633293152, "facade": 0.9079630374908447, "window": 0.8924314975738525, "travel": 0.8779555559158325, "university": 0.8763805627822876, "urban": 0.8626129627227783, "perspective": 0.8350414037704468}