{"glass": 0.9989625215530396, "research": 0.984481930732727, "bottle": 0.9816853404045105, "chemistry": 0.9787489771842957, "jar": 0.9526423811912537, "health": 0.947840690612793, "no person": 0.9476194381713867, "container": 0.9412644505500793, "full": 0.9410886168479919, "science": 0.9365309476852417, "pharmacology": 0.9230849146842957, "food": 0.8999645113945007, "medicine": 0.8998636603355408, "liquid": 0.8975452780723572, "laboratory": 0.8959317207336426, "biology": 0.8891441226005554, "chemical": 0.8766077160835266, "nutrition": 0.87464439868927, "glassware": 0.8656083345413208, "healthy": 0.8540080189704895}