{"agriculture": 0.9846365451812744, "soil": 0.9781205058097839, "cropland": 0.9776219129562378, "farm": 0.9636209011077881, "no person": 0.9606782793998718, "sunset": 0.9443283081054688, "field": 0.9400288462638855, "landscape": 0.9354836344718933, "farmland": 0.9317514896392822, "nature": 0.9300181269645691, "growth": 0.9294102787971497, "plow": 0.9119913578033447, "fall": 0.9023754000663757, "ball-shaped": 0.9018080830574036, "outdoors": 0.8960269689559937, "ground": 0.8899447917938232, "rural": 0.8745338916778564, "crop": 0.8572627902030945, "daylight": 0.8567638993263245, "dark": 0.853450357913971}