{"outdoors": 0.9891465902328491, "nature": 0.9606592059135437, "horizontal plane": 0.9593638181686401, "cloud": 0.9574275612831116, "horizontal": 0.9244130253791809, "landscape": 0.9242835640907288, "sprayer": 0.9236502051353455, "sky": 0.9219353795051575, "smoke": 0.9166186451911926, "environment": 0.9124857187271118, "tree": 0.9118813276290894, "spray": 0.8959762454032898, "water": 0.8869173526763916, "field": 0.8595501780509949, "transportation system": 0.8473193049430847, "atomizer": 0.8470749855041504, "weather": 0.8346400260925293, "agriculture": 0.8298771977424622, "flora": 0.8115958571434021, "grass": 0.8006564378738403}