{"growth": 0.97627854347229, "no person": 0.9508902430534363, "soil": 0.9459902048110962, "agriculture": 0.9381616711616516, "business": 0.9266542196273804, "sky": 0.9104995131492615, "outdoors": 0.9060625433921814, "road": 0.901652991771698, "cloud": 0.8959188461303711, "nature": 0.8889064788818359, "option": 0.8861504197120667, "ball-shaped": 0.8778568506240845, "conceptual": 0.8715488314628601, "sign": 0.867575466632843, "signal": 0.8543898463249207, "guidance": 0.8351666927337646, "send message": 0.8320454955101013, "billboard": 0.8239279985427856, "horizontal": 0.8087071776390076, "maturation": 0.7801392674446106}