{"illustration": 0.9825763702392578, "nature": 0.9713016748428345, "leaf": 0.9707932472229004, "vector": 0.9633050560951233, "flora": 0.9463814496994019, "insect": 0.9437909126281738, "biology": 0.9280824661254883, "chalk out": 0.922887921333313, "disjunct": 0.9165950417518616, "no person": 0.9080220460891724, "design": 0.9051756858825684, "butterfly": 0.9028894901275635, "growth": 0.8658652305603027, "larva": 0.8621039986610413, "caterpillar": 0.8546382188796997, "animal": 0.844072699546814, "health": 0.839680552482605, "flower": 0.8254783749580383, "summer": 0.8246890306472778, "creativity": 0.8193926215171814}