{"business": 0.9806126952171326, "money": 0.9742576479911804, "paper": 0.9437189102172852, "no person": 0.908410906791687, "finance": 0.9052851796150208, "color": 0.9034914970397949, "euro": 0.8923847079277039, "waste": 0.8652532696723938, "box": 0.8600860238075256, "garbage": 0.839762806892395, "desktop": 0.8385405540466309, "commerce": 0.8370581865310669, "currency": 0.8255098462104797, "shopping": 0.8253031969070435, "wealth": 0.8220594525337219, "donation": 0.8098475933074951, "abundance": 0.8055223226547241, "market": 0.8047254085540771, "bank": 0.7859737277030945, "cash": 0.7754207849502563}