{"research": 0.9967508316040039, "health": 0.9946130514144897, "healthcare": 0.9930933713912964, "chemistry": 0.9930330514907837, "gloves": 0.9928626418113708, "biology": 0.9918422698974609, "science": 0.9895911812782288, "treatment": 0.9877296090126038, "microbiology": 0.9812395572662354, "medicine": 0.9802935123443604, "sterile": 0.98012375831604, "pharmacology": 0.9745794534683228, "woman": 0.9726874232292175, "biochemistry": 0.9726505279541016, "laboratory": 0.9624143838882446, "equipment": 0.9607365727424622, "discovery": 0.945105254650116, "blood": 0.9408636093139648, "indoors": 0.9312576651573181, "microscope": 0.9253259301185608}