{"currency": 0.9997214674949646, "money": 0.9994953870773315, "finance": 0.9994868040084839, "business": 0.9994062185287476, "wealth": 0.9991439580917358, "savings": 0.9986843466758728, "cash": 0.9980613589286804, "dollar": 0.997163712978363, "paper": 0.9958481788635254, "achievement": 0.9950815439224243, "financial": 0.9948955178260803, "bank": 0.9931893348693848, "investment": 0.9901582598686218, "pay": 0.9897769689559937, "abundance": 0.9876014590263367, "century": 0.9870725870132446, "economy": 0.9824397563934326, "inflation": 0.9711257815361023, "income": 0.9711247086524963, "stacks": 0.9698642492294312}