{"flat": 0.9875897169113159, "graph": 0.9860618710517883, "vectors": 0.9689814448356628, "stripe": 0.9592544436454773, "diagram": 0.9563084840774536, "progress": 0.9381216764450073, "no person": 0.9271953701972961, "presentation": 0.9267293810844421, "vector": 0.9259989857673645, "written report": 0.9165566563606262, "navigation": 0.9133856892585754, "template": 0.9110633730888367, "data": 0.9105027914047241, "facts": 0.90830397605896, "graphic design": 0.8781793713569641, "business": 0.8719872236251831, "illustration": 0.8693423867225647, "statistics": 0.8613144755363464, "designing": 0.8589982986450195, "layout": 0.8511650562286377}