{"graphic design": 0.9728379845619202, "no person": 0.9669023752212524, "business": 0.9575104117393494, "banner": 0.9535447955131531, "vector": 0.949998676776886, "stripe": 0.9382931590080261, "template": 0.9334591627120972, "illustration": 0.9227743744850159, "layout": 0.9002893567085266, "bill": 0.8777366280555725, "progress": 0.8777364492416382, "World Wide Web": 0.8745286464691162, "text": 0.8670089244842529, "internet": 0.8571839928627014, "horizontal": 0.8472968339920044, "paper": 0.8440051078796387, "creativity": 0.8393537402153015, "contemporary": 0.8321948647499084, "arrow": 0.822312593460083, "card": 0.8149529099464417}