{"screen": 0.9848586916923523, "technology": 0.9827843904495239, "internet": 0.9792424440383911, "vectors": 0.9688950181007385, "portable": 0.9662640690803528, "touch": 0.9637485146522522, "no person": 0.9617347121238708, "computer": 0.9616315364837646, "monitor": 0.9596290588378906, "illustration": 0.9581332802772522, "electronics": 0.9562153816223145, "business": 0.9496034383773804, "wireless": 0.946902334690094, "pill": 0.9456837177276611, "equipment": 0.9382030963897705, "laptop": 0.937727689743042, "display": 0.9331120252609253, "data": 0.9296570420265198, "vector": 0.9287322759628296, "telephone": 0.9281060099601746}