{"currency": 0.994019627571106, "wealth": 0.9929684996604919, "achievement": 0.9907166361808777, "money": 0.9898539185523987, "business": 0.9812510013580322, "savings": 0.9801632761955261, "finance": 0.9800280332565308, "luck": 0.976504385471344, "cash": 0.9611396789550781, "bank": 0.950149416923523, "growth": 0.9455016851425171, "accomplishment": 0.9216813445091248, "man": 0.9196495413780212, "investment": 0.9172176122665405, "no person": 0.9139693379402161, "food": 0.9099140763282776, "gold": 0.9074987173080444, "income": 0.9039353728294373, "shares": 0.9009554386138916, "economy": 0.899698793888092}