{"layout": 0.9990856647491455, "template": 0.9990803003311157, "navigation": 0.9989826083183289, "stripe": 0.9979070425033569, "steps": 0.9978330731391907, "form": 0.9972444772720337, "presentation": 0.9966561794281006, "variant": 0.9960359930992126, "restaurant check": 0.9952811598777771, "option (finance)": 0.9939090013504028, "World Wide Web": 0.9927567839622498, "stepping": 0.9914606809616089, "page": 0.9858165979385376, "booklet": 0.9840496778488159, "banner": 0.983176589012146, "browse": 0.9827595949172974, "label": 0.9821859002113342, "facts": 0.9817796349525452, "arrow": 0.9802916049957275, "sequence": 0.978888988494873}