{"machine": 0.994809627532959, "vehicle": 0.9943713545799255, "tractor": 0.9921668767929077, "agriculture": 0.9877975583076477, "soil": 0.9789480566978455, "no person": 0.9780475497245789, "transportation system": 0.9773815870285034, "farm": 0.9747298359870911, "industry": 0.9704827070236206, "equipment": 0.9689611792564392, "machinery": 0.967563807964325, "outdoors": 0.9443607330322266, "daylight": 0.91218101978302, "plow": 0.9072858691215515, "technology": 0.9067557454109192, "rural": 0.899928092956543, "truck": 0.8867430686950684, "environment": 0.8788512349128723, "field": 0.8731848001480103, "water": 0.8695974349975586}