{"vineyard": 0.999710738658905, "wine": 0.9996434450149536, "vine": 0.999096155166626, "viticulture": 0.9984585046768188, "winery": 0.9977860450744629, "grapevine": 0.9963918328285217, "grape": 0.9958991408348083, "agriculture": 0.9928834438323975, "landscape": 0.9849796891212463, "rural": 0.9812350869178772, "nature": 0.980798065662384, "winemaking": 0.9796851277351379, "growth": 0.9737650156021118, "no person": 0.9709571003913879, "pasture": 0.9693040251731873, "countryside": 0.9644122123718262, "farm": 0.9616807103157043, "outdoors": 0.9589051008224487, "maturation": 0.9546376466751099, "leaf": 0.9516144394874573}