{"paper": 0.9962248802185059, "business": 0.9917300343513489, "stacks": 0.9884971380233765, "newspaper": 0.9839581251144409, "recycling": 0.9561864137649536, "currency": 0.9528160691261292, "magazine": 0.9440248012542725, "finance": 0.9376668930053711, "batch": 0.9217393398284912, "wealth": 0.921664297580719, "no person": 0.91930091381073, "savings": 0.9141955375671387, "information": 0.9102983474731445, "abundance": 0.9038591980934143, "article": 0.9021134972572327, "greed": 0.899593710899353, "document": 0.8738447427749634, "money": 0.8660055994987488, "journalism": 0.858293354511261, "newsletter": 0.8579984307289124}