{"agriculture": 0.9958257675170898, "soil": 0.9900977611541748, "rural": 0.9852205514907837, "pasture": 0.983715832233429, "growth": 0.9807253479957581, "farm": 0.9774280190467834, "field": 0.9750910401344299, "countryside": 0.9748564958572388, "food": 0.9709272980690002, "nature": 0.9685265421867371, "outdoors": 0.9679464101791382, "crop": 0.9622968435287476, "maturation": 0.9474697113037109, "no person": 0.9425789713859558, "flora": 0.9336718320846558, "farming": 0.929218590259552, "grass": 0.9285376667976379, "cereal": 0.9271724820137024, "summer": 0.9227363467216492, "country": 0.9073989987373352}