{"rice": 0.9799904823303223, "nature": 0.9789754748344421, "grass": 0.9755051732063293, "paddy": 0.968543529510498, "outdoors": 0.9667432308197021, "field": 0.9654883742332458, "summer": 0.9595931768417358, "farm": 0.9524738788604736, "flora": 0.9489899277687073, "rural": 0.9409399628639221, "desktop": 0.9399826526641846, "cereal": 0.938591480255127, "crop": 0.9337973594665527, "soil": 0.9317035675048828, "pasture": 0.9298222661018372, "agriculture": 0.9200066924095154, "food": 0.9176696538925171, "travel": 0.9076624512672424, "outside": 0.8939812779426575, "countryside": 0.8924527764320374}