{"no person": 0.9950580596923828, "health": 0.9809514284133911, "growth": 0.9709727168083191, "leaf": 0.9571871161460876, "graphic design": 0.951737105846405, "disjunct": 0.951653778553009, "fall": 0.9489524960517883, "nature": 0.9477288722991943, "business": 0.9452329874038696, "progress": 0.9201278686523438, "isolated": 0.9168685078620911, "summer": 0.9112741947174072, "achievement": 0.893462061882019, "healthcare": 0.8908889889717102, "education": 0.8763328194618225, "research": 0.8719473481178284, "option": 0.8655280470848083, "writing": 0.8625636100769043, "illustration": 0.8492639660835266, "fun": 0.8456180691719055}