{"business": 0.9759952425956726, "chalkboard": 0.9718262553215027, "achievement": 0.9672302603721619, "chalk": 0.9531651139259338, "conceptual": 0.9483888149261475, "text": 0.9349115490913391, "education": 0.9204251766204834, "motivation": 0.9147123098373413, "no person": 0.8968505263328552, "sign": 0.8857000470161438, "solution": 0.8846555352210999, "creativity": 0.8827885389328003, "illustration": 0.8734488487243652, "aid": 0.8732328414916992, "strategy": 0.8603799939155579, "display": 0.8584340214729309, "opportunity": 0.8584300875663757, "writing": 0.8543257117271423, "accomplishment": 0.8449641466140747, "failure": 0.8445908427238464}