{"no person": 0.9883960485458374, "food": 0.9779182076454163, "juicy": 0.9715447425842285, "nutrition": 0.9710780382156372, "health": 0.9684128165245056, "farming": 0.9547072649002075, "pasture": 0.9478359818458557, "ingredients": 0.9420281648635864, "vitamin": 0.9374580383300781, "vegetable": 0.9309398531913757, "round out": 0.9130019545555115, "leaf": 0.9116320013999939, "whole": 0.9032543301582336, "freshness": 0.9026119112968445, "isolated": 0.9008554220199585, "fruit": 0.8983829617500305, "delicious": 0.89348965883255, "nature": 0.8918251395225525, "horizontal": 0.8809731006622314, "fall": 0.8714198470115662}