{"no person": 0.9945348501205444, "architecture": 0.9675681591033936, "outdoors": 0.9565116167068481, "travel": 0.9492149353027344, "wood": 0.9264575242996216, "business": 0.8998380303382874, "building": 0.8913544416427612, "sky": 0.8709179759025574, "transportation system": 0.8316118717193604, "street": 0.8236933350563049, "industry": 0.8235688805580139, "retro": 0.8023903965950012, "old": 0.7958590984344482, "urban": 0.7883814573287964, "city": 0.788079023361206, "light": 0.778335690498352, "water": 0.7683361172676086, "signalise": 0.7636374235153198, "vacation": 0.7567902207374573, "commerce": 0.7552897930145264}