{"chalkboard": 0.9998517036437988, "chalk": 0.9997649788856506, "education": 0.9962422847747803, "writing": 0.9961559176445007, "achievement": 0.9941262006759644, "handwriting": 0.9934569001197815, "text": 0.9875531196594238, "teacher": 0.9870398640632629, "strategy": 0.9854668378829956, "school": 0.9848846197128296, "display": 0.9842122197151184, "solution": 0.9835147857666016, "business": 0.9813283681869507, "motivation": 0.980402946472168, "inspirational": 0.9787874817848206, "conceptual": 0.971452534198761, "classroom": 0.9707053899765015, "class": 0.968596339225769, "accomplishment": 0.9553529024124146, "creativity": 0.950817346572876}