{"Halloween": 0.9951189756393433, "scary": 0.9903892874717712, "art": 0.9898229837417603, "graphic": 0.9890151619911194, "illustration": 0.9881360530853271, "fantasy": 0.9836577773094177, "vicious": 0.9802606701850891, "design": 0.9799227118492126, "horror": 0.976536214351654, "vector": 0.9756450653076172, "fright": 0.9713907241821289, "haunt": 0.9660566449165344, "bat": 0.9611174464225769, "artistic": 0.9557281136512756, "monster": 0.951790452003479, "skittish": 0.9515352249145508, "witch": 0.9483089447021484, "moon": 0.948026716709137, "fun": 0.9468450546264648, "funky": 0.9455324411392212}