{"Halloween": 0.9965288043022156, "mask": 0.9902424216270447, "art": 0.9891001582145691, "vicious": 0.9852994680404663, "horror": 0.9788752198219299, "skittish": 0.9649075269699097, "scary": 0.9639542102813721, "fantasy": 0.9620622992515564, "mystery": 0.953677237033844, "witch": 0.9477407932281494, "traditional": 0.9436686038970947, "eerie": 0.9347552061080933, "ghost": 0.9294714331626892, "costume": 0.9291295409202576, "disguise": 0.9225171208381653, "fear": 0.9201775193214417, "magic": 0.9150072336196899, "painting": 0.9088748693466187, "illustration": 0.8931449055671692, "ornate": 0.8905774354934692}