{"no person": 0.9945043921470642, "safety": 0.9671858549118042, "business": 0.9611217379570007, "indoors": 0.9575186371803284, "empty": 0.9284096360206604, "security": 0.9163735508918762, "warning": 0.9039771556854248, "danger": 0.8975889682769775, "contemporary": 0.8925957679748535, "plastic": 0.8601469397544861, "horizontal": 0.8576318621635437, "outdoors": 0.8572188019752502, "traffic": 0.8414433002471924, "industry": 0.8353308439254761, "clean": 0.829221248626709, "caution": 0.8170715570449829, "financial security ": 0.8149892687797546, "slippery": 0.8145797848701477, "emergency": 0.799899160861969, "service": 0.7930227518081665}