{"shelf": 0.9942957758903503, "stock": 0.9847882986068726, "commerce": 0.9701447486877441, "room": 0.9619370102882385, "medicine": 0.952506422996521, "indoors": 0.9381886124610901, "hospital": 0.9349479079246521, "research": 0.9267842769622803, "no person": 0.9194243550300598, "school": 0.9128221273422241, "industry": 0.9110537767410278, "library": 0.910553514957428, "business": 0.9090128540992737, "shopping": 0.9034583568572998, "merchandise": 0.8968486189842224, "furniture": 0.8964333534240723, "organization": 0.8847861289978027, "market": 0.8822176456451416, "bookcase": 0.8712399005889893, "service": 0.8684544563293457}