{"health": 0.992084264755249, "syringe": 0.9748526215553284, "no person": 0.9707089066505432, "science": 0.9689558148384094, "medicine": 0.9685693979263306, "healthcare": 0.9478179812431335, "injection": 0.9181789755821228, "food": 0.9113996624946594, "research": 0.9063335061073303, "nutrition": 0.8667684197425842, "laboratory": 0.8647125959396362, "still life": 0.8549672961235046, "kind": 0.8509981036186218, "vitamin": 0.8401917219161987, "equipment": 0.8356554508209229, "isolated": 0.807998538017273, "tomato": 0.8021230697631836, "cure": 0.7985296249389648, "ingredients": 0.7738938331604004, "treatment": 0.7735828757286072}