{"horizontal": 0.9728920459747314, "vertical": 0.9661799073219299, "growth": 0.9562022089958191, "indoors": 0.9434970617294312, "still life": 0.9223672151565552, "focus": 0.9138929843902588, "outdoors": 0.8456788063049316, "freshness": 0.8171777129173279, "flora": 0.8171441555023193, "wood": 0.8059431910514832, "nature": 0.8044844269752502, "container": 0.7674239873886108, "business": 0.7659814357757568, "simplicity": 0.758458137512207, "leaf": 0.7444294691085815, "decoration": 0.6984559297561646, "dark": 0.6936590075492859, "creativity": 0.6874150633811951, "illustration": 0.670875608921051, "flower": 0.6647616028785706}