{"desktop": 0.984481692314148, "abstract": 0.9750943779945374, "art": 0.9666143655776978, "design": 0.9653789401054382, "illustration": 0.9652395248413086, "pattern": 0.9568327069282532, "color": 0.9561036825180054, "vintage": 0.9535338282585144, "texture": 0.9528248310089111, "paper": 0.9527245163917542, "painting": 0.9366852045059204, "retro": 0.9324051737785339, "decoration": 0.927880048751831, "graphic": 0.9228304624557495, "travel": 0.9042345881462097, "no person": 0.9018663763999939, "fabric": 0.9004469513893127, "textile": 0.8865357637405396, "wear": 0.8851903080940247, "vector": 0.863764226436615}