{"agriculture": 0.9989262223243713, "vineyard": 0.9969581365585327, "cropland": 0.9967634677886963, "farm": 0.9925556778907776, "crop": 0.984602689743042, "wine": 0.9837685227394104, "viticulture": 0.9823144674301147, "no person": 0.9812116622924805, "pasture": 0.9772696495056152, "vine": 0.9753706455230713, "field": 0.974027693271637, "landscape": 0.9720606207847595, "growth": 0.9667988419532776, "grapevine": 0.9628920555114746, "rural": 0.9617686867713928, "countryside": 0.9575081467628479, "winery": 0.9541805982589722, "nature": 0.9504381418228149, "soil": 0.9402077794075012, "grow": 0.9395989775657654}