{"city": 0.9739456176757812, "street": 0.956785261631012, "transportation system": 0.9381558895111084, "outdoors": 0.9327506422996521, "travel": 0.9308376312255859, "horizontal plane": 0.9269477128982544, "urban": 0.9224135875701904, "building": 0.9200387597084045, "equipment": 0.9004985094070435, "water": 0.897006630897522, "road": 0.8906481862068176, "truck": 0.8881186842918396, "industry": 0.8871232271194458, "tourism": 0.8865020275115967, "vehicle": 0.8853011131286621, "wheel": 0.8797405958175659, "old": 0.8742532134056091, "architecture": 0.8693596124649048, "vintage": 0.8645264506340027, "sky": 0.8643937706947327}