{"fall": 0.9782773852348328, "nature": 0.9730098843574524, "landscape": 0.966245710849762, "wood": 0.9573352336883545, "outdoors": 0.9537317752838135, "summer": 0.9524220824241638, "rural": 0.9446866512298584, "country": 0.9393885135650635, "no person": 0.9248223900794983, "machine": 0.9116336703300476, "machinery": 0.9109532833099365, "tree": 0.9084228277206421, "leaf": 0.9002399444580078, "grass": 0.8988677859306335, "agriculture": 0.882860004901886, "tractor": 0.8767175674438477, "field": 0.8765707612037659, "countryside": 0.8726138472557068, "soil": 0.8625720143318176, "travel": 0.8514685034751892}