{"symphony": 0.9987319111824036, "soprano": 0.9974889755249023, "music": 0.9971966743469238, "instrument": 0.9970230460166931, "clef": 0.9965800642967224, "piano": 0.9965659976005554, "jazz": 0.996527373790741, "classical music": 0.995841920375824, "note": 0.9955893754959106, "orchestra": 0.9955312609672546, "sound": 0.9945803284645081, "song": 0.9939262270927429, "notation": 0.9927983283996582, "shade": 0.9926844835281372, "bass": 0.9904298186302185, "musician": 0.9897108674049377, "forte": 0.9813193082809448, "sheet (pane)": 0.9785712361335754, "concert": 0.9734921455383301, "vector": 0.9730849266052246}