{"graphic design": 0.9913653135299683, "no person": 0.9893892407417297, "isolated": 0.9859236478805542, "business": 0.9815877676010132, "man": 0.9696533679962158, "internet": 0.9517228603363037, "designing": 0.9237533807754517, "aid": 0.9203601479530334, "electronics": 0.9195935726165771, "service": 0.9156561493873596, "facts": 0.9112443923950195, "spherical": 0.8941755890846252, "contemporary": 0.8938226699829102, "email": 0.8897109627723694, "connection": 0.888293981552124, "data": 0.8871034383773804, "wireless": 0.8839729428291321, "machinery": 0.8816931247711182, "illustration": 0.8800159692764282, "fun": 0.8725519776344299}