{"corn": 0.9958882927894592, "food": 0.991414487361908, "meat": 0.9878882765769958, "hazelnut": 0.9816102981567383, "gold": 0.9796808958053589, "closeup": 0.9785826206207275, "no person": 0.9769769906997681, "healthy": 0.9768508672714233, "confection": 0.9657757878303528, "vegetable": 0.9628539681434631, "health": 0.9535598158836365, "nutrition": 0.9498331546783447, "corncob": 0.938744306564331, "grow": 0.9230384230613708, "popcorn": 0.9226585626602173, "desktop": 0.9148430228233337, "delicious": 0.905269980430603, "color": 0.9020586013793945, "pasture": 0.8941406607627869, "nutritious": 0.8754090666770935}