{"leaf": 0.9856461882591248, "nature": 0.9846781492233276, "flora": 0.9813448190689087, "illustration": 0.9775904417037964, "no person": 0.973215639591217, "grass": 0.9711098670959473, "growth": 0.9685284495353699, "summer": 0.9603097438812256, "tree": 0.9597300887107849, "desktop": 0.9465186595916748, "garden": 0.9365181922912598, "vector": 0.9348053932189941, "wood": 0.9279062151908875, "outdoors": 0.9165569543838501, "design": 0.9110179543495178, "graphic": 0.9096483588218689, "art": 0.9079413414001465, "retro": 0.9014136791229248, "flower": 0.8884586691856384, "paper": 0.8866949081420898}