{"mammal": 0.9976282715797424, "livestock": 0.9973982572555542, "agriculture": 0.9910769462585449, "farm": 0.9881327748298645, "cattle": 0.9871017932891846, "sheep": 0.9825976490974426, "animal": 0.9812659621238708, "pasture": 0.9450893402099609, "baby sheep": 0.9395228028297424, "no person": 0.9328302145004272, "merino": 0.9303711652755737, "farming": 0.9294688701629639, "outdoors": 0.9233857989311218, "herd": 0.9078922271728516, "environment": 0.9073190093040466, "landscape": 0.8708530068397522, "horizontal plane": 0.870303750038147, "horizontal": 0.8639751076698303, "hayfield": 0.8636986017227173, "ewe": 0.8403007984161377}