{"illustration": 0.9910770654678345, "vector": 0.9807748794555664, "chalk out": 0.975420355796814, "no person": 0.969987154006958, "sketch": 0.9487442374229431, "composition": 0.9172334671020508, "art": 0.9135428071022034, "pencil": 0.9062901735305786, "sketchy": 0.9047225117683411, "disjunct": 0.8982759118080139, "food": 0.8981451988220215, "ink": 0.8967512249946594, "design": 0.8961278796195984, "wood": 0.8822273015975952, "isolated": 0.8799979090690613, "nature": 0.87604159116745, "handle": 0.8756105899810791, "bread": 0.8662620782852173, "outline": 0.863623857498169, "straw": 0.8524768948554993}