{"no person": 0.9939660429954529, "apple": 0.9813393950462341, "nutrition": 0.9786872267723083, "health": 0.9570737481117249, "shining": 0.9538812041282654, "juicy": 0.9526763558387756, "bright": 0.944507360458374, "isolated": 0.9419295787811279, "disjunct": 0.9408076405525208, "vitamin": 0.9249441623687744, "graphic design": 0.9148809313774109, "delicious": 0.9033708572387695, "food": 0.8484469056129456, "fruit": 0.8309192061424255, "ingredients": 0.8210168480873108, "round out": 0.8186686038970947, "hanging": 0.8050733208656311, "nature": 0.8024917840957642, "farming": 0.7838454842567444, "taste": 0.7491817474365234}