{"Halloween": 0.9993582367897034, "horror": 0.9990641474723816, "skittish": 0.9954503178596497, "dark": 0.9950281977653503, "eerie": 0.9946892261505127, "scary": 0.9930819869041443, "haunt": 0.9913612008094788, "vicious": 0.9913296699523926, "skull": 0.9672620296478271, "fear": 0.9605099558830261, "scared": 0.9575068950653076, "creepy": 0.9567664861679077, "nightmare": 0.955543041229248, "no person": 0.9382769465446472, "moon": 0.9339869022369385, "mystery": 0.9084479808807373, "Christmas": 0.9036341905593872, "Satan": 0.895976722240448, "conceptual": 0.8833546042442322, "danger": 0.8804454803466797}