{"woman": 0.9918287396430969, "love": 0.9833210706710815, "relaxation": 0.9696378111839294, "indoors": 0.9648518562316895, "romance": 0.9314460754394531, "skin": 0.9198297262191772, "affection": 0.9108585119247437, "treatment": 0.9096006155014038, "man": 0.9080084562301636, "health": 0.8936044573783875, "togetherness": 0.8885856866836548, "family": 0.8774113655090332, "dawn": 0.876206636428833, "purity": 0.8749551773071289, "composure": 0.8709366917610168, "cute": 0.8596720695495605, "enjoyment": 0.8579847812652588, "sexy": 0.855310320854187, "young": 0.8477074503898621, "nude": 0.8380421996116638}