{"business": 0.9939553141593933, "paper": 0.993335485458374, "document": 0.9927611351013184, "page": 0.9841556549072266, "form": 0.9776684045791626, "no person": 0.9735421538352966, "writing": 0.9718130826950073, "composition": 0.9657482504844666, "facts": 0.9559290409088135, "office": 0.9559243321418762, "organization": 0.950090765953064, "data": 0.9493641257286072, "text": 0.9454801082611084, "education": 0.9285231828689575, "devoid": 0.922179639339447, "laptop": 0.9147293567657471, "notebook": 0.9033619165420532, "internet": 0.8990136384963989, "finance": 0.8950983881950378, "time": 0.8875571489334106}