{"chalk": 0.999897837638855, "chalkboard": 0.9998781681060791, "education": 0.9978163242340088, "writing": 0.9966128468513489, "display": 0.99434494972229, "handwriting": 0.9924323558807373, "school": 0.9917008280754089, "class": 0.9882000684738159, "classroom": 0.9878783822059631, "teacher": 0.9842521548271179, "business": 0.9827331304550171, "solution": 0.9686552882194519, "handwritten": 0.9667083621025085, "brainstorming": 0.9638734459877014, "achievement": 0.9620537161827087, "conceptual": 0.9601722359657288, "diagram": 0.9590877294540405, "motivation": 0.9581258893013, "mathematics": 0.957381546497345, "strategy": 0.9573686718940735}