{"window": 0.9894924163818359, "empty": 0.9754067063331604, "painting": 0.9746314287185669, "contemporary": 0.961897611618042, "glass items": 0.9603220224380493, "architecture": 0.9460108876228333, "indoors": 0.9392571449279785, "art": 0.9351513981819153, "no person": 0.9244920611381531, "exhibition": 0.9202984571456909, "picture frame": 0.906963050365448, "wall": 0.904349148273468, "room": 0.9000445604324341, "reflection": 0.8844947814941406, "museum": 0.873385488986969, "mirror": 0.8647372722625732, "house": 0.8581215739250183, "light": 0.8436763286590576, "modern": 0.8409335613250732, "building": 0.8261407017707825}