{"fall": 0.9986937642097473, "dawn": 0.9959644079208374, "no person": 0.9890890717506409, "leaf": 0.9881852865219116, "sun": 0.9879956841468811, "mist": 0.9861168265342712, "wood": 0.9856817722320557, "tree": 0.9839271903038025, "fog": 0.9782180190086365, "sunbeam": 0.9769948720932007, "fair weather": 0.9664098024368286, "nature": 0.9532611966133118, "countryside": 0.931672215461731, "landscape": 0.9293404817581177, "sunset": 0.9132495522499084, "outdoors": 0.9120934009552002, "rural": 0.8991836905479431, "bright": 0.8900179862976074, "composure": 0.8855071067810059, "placid": 0.8804616332054138}