{"sketch": 0.9985516667366028, "funny": 0.9966917037963867, "illustration": 0.9938710927963257, "character": 0.9924863576889038, "cute": 0.9904316067695618, "art": 0.9872969388961792, "cheerful": 0.9834887385368347, "scribble": 0.9778134822845459, "vector": 0.9642668962478638, "visuals": 0.949299693107605, "chalk out": 0.9443188309669495, "crazy": 0.9343000054359436, "far-out": 0.9241867065429688, "cockamamie": 0.9156578183174133, "smile": 0.8908953070640564, "amusing": 0.886155903339386, "clip": 0.8702816963195801, "graphic": 0.8592787384986877, "retro": 0.8576898574829102, "mascot": 0.856955349445343}