{"field": 0.9951399564743042, "agriculture": 0.9919552206993103, "landscape": 0.9904834032058716, "farm": 0.987958550453186, "cropland": 0.9876552224159241, "rural": 0.9863998889923096, "wheat": 0.9860207438468933, "nature": 0.9797713160514832, "corn": 0.9786591529846191, "crop": 0.9776340126991272, "sky": 0.9707348346710205, "outdoors": 0.9679880738258362, "soil": 0.9671726822853088, "cereal": 0.9662967920303345, "countryside": 0.9638723731040955, "pasture": 0.9624643325805664, "growth": 0.9527317881584167, "sunset": 0.9516451358795166, "straw": 0.9499250650405884, "summer": 0.9476090669631958}