{"Halloween": 0.9974225759506226, "eerie": 0.9818218350410461, "horror": 0.9799056649208069, "dark": 0.9795374870300293, "vicious": 0.9783265590667725, "pumpkin": 0.9619589447975159, "no person": 0.9446604251861572, "skittish": 0.9443158507347107, "scary": 0.9374980926513672, "nature": 0.9316920638084412, "moon": 0.9298054575920105, "haunt": 0.9091976881027222, "ghost": 0.9027689695358276, "desktop": 0.8945021629333496, "bright": 0.8869698643684387, "fright": 0.8800875544548035, "abstract": 0.828535258769989, "art": 0.8272780179977417, "carve": 0.8093006014823914, "wallpaper": 0.7994038462638855}