{"tractor": 0.9863232374191284, "outdoors": 0.9833483099937439, "horizontal plane": 0.9788509607315063, "soil": 0.9774022102355957, "agriculture": 0.9656379818916321, "machinery": 0.961948573589325, "industry": 0.9610593914985657, "horizontal": 0.9555953741073608, "transportation system": 0.9472308158874512, "equipment": 0.9470515847206116, "field": 0.9151381254196167, "machine": 0.9071781039237976, "plow": 0.8835543394088745, "farm": 0.8766340613365173, "engine": 0.8751083016395569, "till": 0.855049729347229, "landscape": 0.8221672773361206, "cloud": 0.8200509548187256, "heavy": 0.8121490478515625, "dig up": 0.7973883152008057}