{"cereal": 0.9953871369361877, "wheat": 0.9928532242774963, "pasture": 0.9841189384460449, "corn": 0.9819061756134033, "straw": 0.9793959856033325, "crop": 0.9759445190429688, "bread": 0.9748179912567139, "rye": 0.974165141582489, "field": 0.9732702970504761, "rural": 0.9692865610122681, "farm": 0.9664573073387146, "growth": 0.9554097056388855, "countryside": 0.9519073963165283, "flour": 0.9512255787849426, "agriculture": 0.9511739015579224, "farmland": 0.9495991468429565, "no person": 0.9442203044891357, "summer": 0.9364853501319885, "soil": 0.9242895841598511, "barley cereal": 0.9139320850372314}