{"rally": 0.9953595995903015, "parliament": 0.9693394303321838, "drag race": 0.9668561220169067, "healthcare": 0.9605858325958252, "election": 0.95548415184021, "offense": 0.948279857635498, "battle": 0.9438562989234924, "action": 0.9412195682525635, "education": 0.9412042498588562, "administration": 0.9402713179588318, "picket": 0.9362263679504395, "democracy": 0.9291146993637085, "war": 0.9250518679618835, "candidate": 0.9194422960281372, "dig": 0.9064050912857056, "solidarity": 0.9049558043479919, "politician": 0.903204619884491, "fossil fuel": 0.9030140042304993, "bill": 0.8985908627510071, "police": 0.8887376189231873}