{"machinery": 0.9931164979934692, "tractor": 0.9926088452339172, "machine": 0.9883332848548889, "agriculture": 0.9695651531219482, "equipment": 0.9628863334655762, "farm": 0.9509849548339844, "industry": 0.9415604472160339, "field": 0.9322621822357178, "rural": 0.9241651296615601, "heavy": 0.9166395664215088, "power": 0.9120782613754272, "wheat": 0.9092682600021362, "no person": 0.881596565246582, "sky": 0.8580910563468933, "soil": 0.8579756617546082, "summer": 0.8564208745956421, "countryside": 0.8516238927841187, "outdoors": 0.850090503692627, "dust": 0.8467164039611816, "crop": 0.8423569202423096}