{"landscape": 0.9933921694755554, "agriculture": 0.992117702960968, "tractor": 0.9874769449234009, "soil": 0.9858011603355408, "farm": 0.9855465888977051, "cropland": 0.9852230548858643, "field": 0.9788432121276855, "plow": 0.9711431264877319, "crop": 0.9367921352386475, "machine": 0.9326226711273193, "no person": 0.9325524568557739, "nature": 0.9278225898742676, "hill": 0.9156476259231567, "mountain": 0.9032415747642517, "sky": 0.8912241458892822, "country": 0.8816134929656982, "ball-shaped": 0.8810210824012756, "farmland": 0.8769587874412537, "outdoors": 0.8667958974838257, "countryside": 0.8616379499435425}