{"growth": 0.9986716508865356, "leaf": 0.9955086708068848, "nature": 0.9777246713638306, "flora": 0.9639406800270081, "ecology": 0.963315486907959, "no person": 0.9506108164787292, "maturation": 0.9482719302177429, "garden": 0.9436518549919128, "little": 0.9375612735748291, "soil": 0.936428427696228, "ball-shaped": 0.9210017919540405, "sprout": 0.8940872550010681, "summer": 0.8708510994911194, "wood": 0.8585705161094666, "sapling": 0.8550264239311218, "flower": 0.8525798916816711, "pot": 0.8508825898170471, "outdoors": 0.8480855226516724, "tree": 0.8478877544403076, "food": 0.8400645852088928}