{"paper": 0.9914311766624451, "no person": 0.9889119863510132, "business": 0.9849280118942261, "notebook": 0.9848050475120544, "note": 0.981918215751648, "page": 0.9742539525032043, "reminder": 0.9730550050735474, "memo": 0.9711369276046753, "empty": 0.968049943447113, "pad": 0.9662660956382751, "laptop": 0.96528160572052, "devoid": 0.9555885195732117, "blank": 0.9553864002227783, "sheet (pane)": 0.9493875503540039, "education": 0.9476027488708496, "writing": 0.9454725980758667, "diary": 0.9374880194664001, "binder": 0.9296539425849915, "time": 0.9201188683509827, "list": 0.9116933345794678}