{"currency": 0.9939659237861633, "savings": 0.9925560355186462, "paper": 0.9912819862365723, "wealth": 0.988805890083313, "achievement": 0.9868130683898926, "money": 0.9855971932411194, "business": 0.985498309135437, "isolated": 0.9758317470550537, "no person": 0.9713010787963867, "greed": 0.9705022573471069, "shopping": 0.9452708959579468, "conceptual": 0.9434382915496826, "pay": 0.9421031475067139, "stacks": 0.9399304986000061, "one": 0.933361291885376, "retro": 0.922203779220581, "man": 0.9179027080535889, "cash": 0.9157755970954895, "woman": 0.9050553441047668, "finance": 0.9036067724227905}