{"corn": 0.9965775609016418, "pasture": 0.9807255864143372, "desktop": 0.9727789163589478, "food": 0.9715189933776855, "nutrition": 0.9620091319084167, "no person": 0.9615235328674316, "hazelnut": 0.9479288458824158, "straw": 0.9461039304733276, "health": 0.9419959783554077, "cereal": 0.9340194463729858, "closeup": 0.9324802160263062, "agriculture": 0.9294078946113586, "vegetable": 0.9183640480041504, "ingredients": 0.912818431854248, "confection": 0.912128210067749, "texture": 0.8987857103347778, "market": 0.8955127000808716, "healthy": 0.8930947184562683, "diet": 0.8930049538612366, "farming": 0.8910990953445435}