{"graphic design": 0.98335200548172, "no person": 0.9823389649391174, "business": 0.9819911122322083, "flat": 0.9720099568367004, "designing": 0.9636587500572205, "simplicity": 0.9614203572273254, "illustration": 0.9598449468612671, "paper": 0.955868661403656, "internet": 0.9543812274932861, "vector": 0.950548529624939, "vectors": 0.938102662563324, "facts": 0.9359349608421326, "data": 0.932490885257721, "creativity": 0.9118400812149048, "technology": 0.9045948386192322, "contemporary": 0.9029978513717651, "identity": 0.8981428146362305, "glazed": 0.8903937339782715, "square": 0.8837780952453613, "connection": 0.8716616630554199}