{"horizontal": 0.9843366146087646, "vertical": 0.9587803483009338, "freshness": 0.9357022643089294, "nature": 0.9344291687011719, "food": 0.9169061183929443, "indoors": 0.9073083400726318, "underwater": 0.9033356308937073, "bubble": 0.8725546598434448, "still life": 0.8413380980491638, "H2O": 0.8362221717834473, "no person": 0.8314809799194336, "education": 0.8125162720680237, "health": 0.8100084662437439, "glazed": 0.8024093508720398, "sea": 0.7802445888519287, "fish": 0.7801384329795837, "simplicity": 0.7693578004837036, "reflection": 0.7649405002593994, "focus": 0.7606170773506165, "control": 0.754886269569397}