{"sketch": 0.9817739129066467, "illustration": 0.9736635684967041, "cute": 0.9735148549079895, "child": 0.9676406979560852, "fun": 0.9584638476371765, "funny": 0.9583695530891418, "vector": 0.9360433220863342, "son": 0.8974531888961792, "baby": 0.8931907415390015, "design": 0.8916116952896118, "art": 0.884719967842102, "character": 0.8828166127204895, "graphic": 0.8708376884460449, "smile": 0.8282283544540405, "cheerful": 0.8248373866081238, "amusing": 0.8068894147872925, "man": 0.8066938519477844, "set": 0.8065056204795837, "hand": 0.8051458597183228, "isolated": 0.8038626909255981}