{"currency": 0.9980692267417908, "money": 0.9957287907600403, "savings": 0.9955917000770569, "wealth": 0.9951068162918091, "business": 0.9947810769081116, "finance": 0.9934318661689758, "achievement": 0.9902148246765137, "cash": 0.9879476428031921, "pay": 0.9833443760871887, "act of giving": 0.9822631478309631, "investment": 0.9807112812995911, "paper": 0.9771073460578918, "dollar": 0.9764559268951416, "hand": 0.9744737148284912, "financial": 0.9736677408218384, "bank": 0.9628928303718567, "shopping": 0.9557111263275146, "century": 0.9481263756752014, "tax": 0.9457706212997437, "economy": 0.9445341229438782}