{"agriculture": 0.9986893534660339, "cropland": 0.998180627822876, "farm": 0.9929904937744141, "landscape": 0.9920536279678345, "no person": 0.9907652139663696, "crop": 0.9850843548774719, "vineyard": 0.972524106502533, "field": 0.9687000513076782, "growth": 0.9680215716362, "soil": 0.9680147767066956, "countryside": 0.9617300629615784, "food": 0.9590508937835693, "wine": 0.9577823877334595, "nature": 0.9479717016220093, "farmland": 0.9450566172599792, "plantation": 0.9425753951072693, "outdoors": 0.9417716860771179, "pasture": 0.9398434162139893, "rural": 0.9339579939842224, "daylight": 0.9308914542198181}