{"road": 0.9989815354347229, "traffic": 0.997921884059906, "warning": 0.9977449178695679, "safety": 0.9931032657623291, "danger": 0.9912883043289185, "caution": 0.990251898765564, "signal": 0.9785374402999878, "caveat": 0.9746560454368591, "guidance": 0.9738835096359253, "conceptual": 0.9712228178977966, "no person": 0.9679552316665649, "signalise": 0.9654548168182373, "slow": 0.9592149257659912, "transportation system": 0.9571346044540405, "street": 0.9545803666114807, "stop moving": 0.9531949162483215, "highway": 0.9506974220275879, "endanger": 0.9476969838142395, "alert": 0.9351173639297485, "signpost": 0.9327197074890137}