{"tractor": 0.997519314289093, "soil": 0.9973446726799011, "machine": 0.9958528280258179, "vehicle": 0.9937720894813538, "agriculture": 0.9912921786308289, "machinery": 0.9898449182510376, "farm": 0.9785640239715576, "plow": 0.9764520525932312, "no person": 0.9758471846580505, "industry": 0.9532819986343384, "equipment": 0.9393187761306763, "ground": 0.9355919361114502, "farmland": 0.9219862222671509, "ball-shaped": 0.9199663400650024, "transportation system": 0.9195050597190857, "rural": 0.9118543863296509, "field": 0.9110108613967896, "pasture": 0.8906205296516418, "cropland": 0.8894557952880859, "wheel": 0.8881145715713501}