{"no person": 0.9806334376335144, "graphic design": 0.9489043951034546, "isolated": 0.9463120698928833, "vector": 0.937720775604248, "machinery": 0.9355966448783875, "illustration": 0.933996856212616, "equipment": 0.9296987652778625, "horizontal": 0.8934274315834045, "fast": 0.8882943987846375, "desktop": 0.8841718435287476, "space": 0.8816562294960022, "art": 0.8773733377456665, "sport": 0.8696111440658569, "disjunct": 0.8691028952598572, "competition": 0.8643991947174072, "travel": 0.8586591482162476, "technology": 0.844833254814148, "man": 0.8388041853904724, "retro": 0.8326573967933655, "steel": 0.8314715027809143}