{"food": 0.9878078103065491, "bread": 0.9875353574752808, "breakfast": 0.9859523773193359, "wheat": 0.9728551506996155, "baking": 0.970428466796875, "no person": 0.9674808979034424, "flour": 0.9621190428733826, "horizontal": 0.9539609551429749, "rye": 0.9535924792289734, "nutrition": 0.9503459930419922, "cereal": 0.9447919130325317, "whole": 0.9395544528961182, "health": 0.939164936542511, "loaf": 0.9288772940635681, "delicious": 0.921835720539093, "bakery": 0.9110890030860901, "slice": 0.8934828042984009, "wood": 0.8889763951301575, "healthy": 0.8740875720977783, "freshness": 0.8681092858314514}