{"knowledge": 0.9982781410217285, "education": 0.9980974793434143, "college": 0.9961121678352356, "literature": 0.994550883769989, "textbook": 0.9911337494850159, "school": 0.9905237555503845, "no person": 0.9898356795310974, "book": 0.9787089228630066, "stacks": 0.9786010980606079, "writing": 0.9779115915298462, "wisdom": 0.9764417409896851, "study": 0.9579660892486572, "paper": 0.9330330491065979, "facts": 0.9240133166313171, "research": 0.9050084948539734, "wood": 0.9001749753952026, "homework": 0.8863495588302612, "library": 0.8856159448623657, "intelligence": 0.8670347332954407, "university": 0.8632388114929199}