{"tractor": 0.9921714067459106, "agriculture": 0.9919171929359436, "vehicle": 0.9913967251777649, "soil": 0.9866821765899658, "machine": 0.9845879077911377, "field": 0.9836142063140869, "cropland": 0.9825171828269958, "farm": 0.9823790192604065, "crop": 0.9811780452728271, "landscape": 0.969312310218811, "country": 0.9457950592041016, "growth": 0.9364772439002991, "outdoors": 0.9305635690689087, "nature": 0.9238387942314148, "rural": 0.9237469434738159, "no person": 0.9218673706054688, "transportation system": 0.9201293587684631, "road": 0.916480541229248, "daylight": 0.913733720779419, "summer": 0.9075666666030884}