{"microbiology": 0.9787046909332275, "no person": 0.9721111059188843, "bacteria": 0.9621689319610596, "cellular telephone": 0.9597833156585693, "texture": 0.9480774402618408, "desktop": 0.9248979687690735, "Earth surface": 0.905006468296051, "magnification": 0.891267716884613, "wall": 0.8905665874481201, "abstract": 0.8844883441925049, "old": 0.8534649610519409, "pattern": 0.8448962569236755, "science": 0.8378878235816956, "medicine": 0.8255148530006409, "stone": 0.8068332076072693, "nature": 0.8042374849319458, "biology": 0.7905804514884949, "architecture": 0.7881865501403809, "construction": 0.782418966293335, "rough": 0.7784467935562134}