{"no person": 0.9963750243186951, "alphabet": 0.9552404284477234, "business": 0.9531773924827576, "toy": 0.9408273696899414, "conceptual": 0.9382593631744385, "outdoors": 0.9137594699859619, "paper": 0.9129380583763123, "one": 0.9075130820274353, "game": 0.8961308002471924, "creativity": 0.892627477645874, "text": 0.8885828852653503, "cube": 0.8868836760520935, "indoors": 0.8712024688720703, "isolated": 0.8676103949546814, "horizontal": 0.8666857481002808, "danger": 0.8598333597183228, "luck": 0.8531851172447205, "blur": 0.843591570854187, "option": 0.8291578888893127, "wood": 0.8243693709373474}