{"indoors": 0.9960315823554993, "adult": 0.9922212958335876, "woman": 0.9915158748626709, "togetherness": 0.9896253943443298, "education": 0.9892591834068298, "sitting": 0.9844117760658264, "classroom": 0.9840602874755859, "facial expression": 0.9825144410133362, "happiness": 0.9811091423034668, "adolescent": 0.9753925204277039, "room": 0.9596471786499023, "school": 0.9594840407371521, "technology": 0.9560155272483826, "looking": 0.9505120515823364, "group": 0.9504000544548035, "horizontal": 0.9484198093414307, "furniture": 0.9469757676124573, "child": 0.9465914368629456, "university": 0.9395402669906616, "man": 0.9389520287513733}