{"greenhouse": 0.9986037611961365, "conservatory": 0.994800329208374, "agriculture": 0.9806036353111267, "growth": 0.9753186106681824, "indoors": 0.9728397130966187, "no person": 0.9608005285263062, "horticulture": 0.9573100209236145, "glass items": 0.9276372790336609, "perspective": 0.9058802723884583, "farm": 0.9049022197723389, "plantation": 0.9030020236968994, "maturation": 0.8999964594841003, "flora": 0.8949488401412964, "cultivation": 0.8935384750366211, "light": 0.8736200332641602, "nature": 0.8577244877815247, "industry": 0.847257137298584, "row": 0.8413419127464294, "garden": 0.8344494700431824, "landscape": 0.8231059908866882}