{"horizontal plane": 0.9934558272361755, "outdoors": 0.9899813532829285, "street": 0.9811153411865234, "road": 0.9781869053840637, "car": 0.9698212742805481, "transportation system": 0.962258517742157, "signalise": 0.9554586410522461, "signal": 0.9528033137321472, "tree": 0.9411289691925049, "pavement": 0.9236976504325867, "city": 0.9175901412963867, "offense": 0.9086941480636597, "vertical": 0.9068718552589417, "environment": 0.9028077721595764, "travel": 0.9017369151115417, "text": 0.900854766368866, "horizontal": 0.8904361128807068, "traffic": 0.8868669271469116, "police": 0.8747745156288147, "vehicle": 0.8662039041519165}