{"technology": 0.9877391457557678, "internet": 0.9814002513885498, "graphic design": 0.9746288657188416, "touch": 0.9697774648666382, "electronics": 0.9696230888366699, "no person": 0.958295464515686, "connection": 0.9355849623680115, "spherical": 0.9202927947044373, "computer": 0.913557767868042, "dark": 0.9082996845245361, "portable": 0.9054349064826965, "contemporary": 0.9052295088768005, "screen": 0.9040437340736389, "data": 0.8985980749130249, "facts": 0.8951684832572937, "bright": 0.8936959505081177, "business": 0.8906472325325012, "wireless": 0.8747783303260803, "virtual": 0.844907820224762, "ball-shaped": 0.8445163369178772}