{"sunset": 0.9901318550109863, "landscape": 0.9889358878135681, "dawn": 0.9862933158874512, "cereal": 0.9859132170677185, "wheat": 0.9824050068855286, "sun": 0.9809100031852722, "field": 0.9777811169624329, "corn": 0.9748589992523193, "no person": 0.9682647585868835, "rain": 0.9664280414581299, "nature": 0.9603646993637085, "fall": 0.9514481425285339, "light": 0.9512879252433777, "sky": 0.9359657764434814, "fog": 0.9349777102470398, "outdoors": 0.9307291507720947, "fair weather": 0.9302958846092224, "food": 0.9288673996925354, "flower": 0.9278342723846436, "grass": 0.9263776540756226}