{"no person": 0.9983184337615967, "health": 0.9813583493232727, "apple": 0.971278965473175, "nutrition": 0.960594654083252, "delicious": 0.9508214592933655, "vitamin": 0.941409707069397, "bright": 0.9246296286582947, "food": 0.9116713404655457, "summer": 0.8925864696502686, "isolated": 0.887566089630127, "nature": 0.8686632513999939, "market": 0.865619421005249, "shopping": 0.8630871176719666, "wet": 0.8555417060852051, "balanced diet": 0.8529687523841858, "round out": 0.8428995609283447, "business": 0.8321591019630432, "juicy": 0.8285361528396606, "merchandise": 0.8211054801940918, "juice": 0.8066229820251465}