{"agriculture": 0.9992930889129639, "farm": 0.9961034059524536, "grow": 0.9952732920646667, "crop": 0.9936919212341309, "cropland": 0.9902974963188171, "growth": 0.989956259727478, "flora": 0.9847295880317688, "field": 0.9801556468009949, "food": 0.9759292602539062, "vineyard": 0.9732145071029663, "plantation": 0.9692631363868713, "no person": 0.9685238599777222, "soil": 0.9647203087806702, "pasture": 0.9614241123199463, "industry": 0.9591051340103149, "row": 0.9555017948150635, "outdoors": 0.9550014734268188, "cultivation": 0.9498249292373657, "horticulture": 0.9491473436355591, "vine": 0.9477825164794922}