{"no person": 0.9831005334854126, "graphic design": 0.9682736992835999, "business": 0.9619176983833313, "paper": 0.9523022770881653, "facts": 0.9403908252716064, "isolated": 0.9338805079460144, "template": 0.9308412075042725, "label": 0.9149512648582458, "navigation": 0.8905069231987, "layout": 0.8845174908638, "booklet": 0.8842632174491882, "contemporary": 0.8808615207672119, "banner": 0.8766111731529236, "designing": 0.8657699823379517, "number": 0.8602304458618164, "internet": 0.8592860102653503, "merchandise": 0.8572388291358948, "stripe": 0.856058657169342, "presentation": 0.8335618376731873, "data": 0.8316499590873718}