{"agriculture": 0.9829612374305725, "food": 0.9766934514045715, "pasture": 0.9725804924964905, "farming": 0.9632024168968201, "summer": 0.9549657106399536, "farm": 0.949321985244751, "nature": 0.9377594590187073, "no person": 0.934162974357605, "fall": 0.9025223851203918, "tractor": 0.8948531746864319, "outdoors": 0.8823370933532715, "grow": 0.8797059655189514, "hay": 0.8669275641441345, "straw": 0.8583821058273315, "crop": 0.8506105542182922, "landscape": 0.8258463144302368, "machinery": 0.820415735244751, "growth": 0.7961395382881165, "rural": 0.7953992486000061, "corn": 0.7909659147262573}