{"telephone": 0.9974722266197205, "touch": 0.9958162903785706, "business": 0.9765217304229736, "screen": 0.9743494391441345, "portable": 0.9701401591300964, "machinery": 0.9683703780174255, "technology": 0.9608807563781738, "electronics": 0.951852023601532, "internet": 0.9415282607078552, "connection": 0.9347638487815857, "wireless": 0.9199721813201904, "communication": 0.8959648609161377, "pill": 0.8927969932556152, "cellular telephone": 0.8926440477371216, "spherical": 0.8747615218162537, "contemporary": 0.8655597567558289, "blur": 0.8634393811225891, "information": 0.8630973696708679, "appliance": 0.8614975214004517, "service": 0.8406970500946045}