{"sale": 0.9906424880027771, "market": 0.9886111617088318, "desktop": 0.9802070260047913, "stock": 0.9693372845649719, "no person": 0.968576967716217, "food": 0.9676624536514282, "shop": 0.9626853466033936, "shopping": 0.9590673446655273, "business": 0.9497921466827393, "color": 0.9248682856559753, "nature": 0.9177991151809692, "vegetable": 0.914189338684082, "grow": 0.9135642051696777, "many": 0.8999843001365662, "abundance": 0.896690309047699, "kind": 0.8873156905174255, "commerce": 0.8737876415252686, "supermarket": 0.8709182739257812, "pattern": 0.8703081607818604, "nutrition": 0.8663625121116638}