{"agriculture": 0.9986398816108704, "farm": 0.996496856212616, "grow": 0.9940379858016968, "growth": 0.9899208545684814, "leaf": 0.989479124546051, "flora": 0.9892609119415283, "vegetable": 0.9889017343521118, "field": 0.9879107475280762, "row": 0.9838418960571289, "landscape": 0.9837761521339417, "food": 0.9831796884536743, "pasture": 0.9814620018005371, "rural": 0.9812825918197632, "maturation": 0.9812384843826294, "crop": 0.9780178666114807, "no person": 0.972994863986969, "nature": 0.9708681702613831, "countryside": 0.9707301259040833, "soil": 0.9681366682052612, "farmland": 0.9647245407104492}