{"Halloween": 0.9934943318367004, "funny": 0.992719292640686, "sketch": 0.9923639297485352, "cute": 0.9889996647834778, "fun": 0.9870786666870117, "amusing": 0.97989821434021, "graphic design": 0.9772379994392395, "animal": 0.9732236862182617, "no person": 0.9724650382995605, "scary": 0.9680871963500977, "illustration": 0.96427321434021, "smile": 0.9632446765899658, "vicious": 0.9573374390602112, "monster": 0.9562742710113525, "fright": 0.9560433030128479, "humor": 0.9404466152191162, "scared": 0.9294682741165161, "teeth": 0.9233396649360657, "eye": 0.9163557291030884, "eerie": 0.9160168766975403}