{"wheat": 0.9956303834915161, "cereal": 0.9948411583900452, "straw": 0.9936320185661316, "pasture": 0.9902632236480713, "corn": 0.9859426617622375, "rural": 0.9827126264572144, "countryside": 0.9790058732032776, "rye": 0.9714745283126831, "bread": 0.9680570960044861, "no person": 0.966437816619873, "summer": 0.9622957110404968, "crop": 0.957833468914032, "hay": 0.9561166763305664, "growth": 0.9471447467803955, "agriculture": 0.9365280270576477, "field": 0.9294754266738892, "farmland": 0.9270994067192078, "nature": 0.9225396513938904, "flour": 0.9162517189979553, "sun": 0.908083438873291}