{"business": 0.9889468550682068, "facts": 0.9707192182540894, "graphic design": 0.9698007702827454, "progress": 0.9632818698883057, "designing": 0.956367015838623, "internet": 0.9484549760818481, "achievement": 0.9394572377204895, "strategy": 0.938264787197113, "diagram": 0.934600830078125, "no person": 0.9298942685127258, "data": 0.9194546937942505, "conceptual": 0.9126238226890564, "option": 0.9072997570037842, "graph": 0.9031375646591187, "procedure": 0.8942405581474304, "arrow": 0.894036054611206, "advice": 0.8933311104774475, "disjunct": 0.8839998841285706, "motivation": 0.8708226084709167, "service": 0.8632882237434387}