{"agriculture": 0.9911905527114868, "landscape": 0.9882060289382935, "no person": 0.9864389896392822, "leaf": 0.9843011498451233, "corn": 0.9821106791496277, "farm": 0.9812057018280029, "nature": 0.9753570556640625, "growth": 0.963664710521698, "rural": 0.9634164571762085, "field": 0.9610180258750916, "pasture": 0.9555188417434692, "food": 0.9548784494400024, "tree": 0.9513636231422424, "flora": 0.948246955871582, "road": 0.9372498393058777, "countryside": 0.9304515719413757, "crop": 0.9255288243293762, "plantation": 0.9255282878875732, "wood": 0.9228745102882385, "summer": 0.9227787852287292}