{"wall": 0.9823064208030701, "dirty": 0.9810444712638855, "art": 0.9808536767959595, "old": 0.9672166109085083, "illustration": 0.9532629251480103, "texture": 0.9518136978149414, "rough": 0.9396557807922363, "abstract": 0.9328941106796265, "desktop": 0.9288175106048584, "retro": 0.9276344776153564, "pattern": 0.9244892001152039, "concrete": 0.9191092252731323, "painting": 0.9078202843666077, "messy": 0.8777968883514404, "sooty": 0.8685634136199951, "design": 0.8671263456344604, "rock": 0.863425076007843, "stone": 0.8627933859825134, "fabric": 0.8339482545852661, "rusty": 0.8125988841056824}