{"chemistry": 0.9990461468696594, "laboratory": 0.9979169964790344, "research": 0.997736930847168, "biology": 0.9962760210037231, "chemical": 0.9959794282913208, "science": 0.9939658045768738, "scientific": 0.9935091137886047, "microbiology": 0.9932123422622681, "test": 0.9923937320709229, "biochemistry": 0.9904620051383972, "science laboratory": 0.9894931316375732, "scientist": 0.988358736038208, "medicine": 0.985440194606781, "analysis": 0.9839316010475159, "discovery": 0.9827346205711365, "tube": 0.9802691340446472, "beaker": 0.9765664339065552, "sterile": 0.976502537727356, "pharmacology": 0.9761480093002319, "sample": 0.9724947214126587}