{"research": 0.9983722567558289, "biology": 0.9967647790908813, "chemistry": 0.9904646873474121, "science": 0.9900997281074524, "scientist": 0.9895445704460144, "laboratory": 0.9859193563461304, "pharmacist": 0.9838162660598755, "microbiology": 0.9812459945678711, "woman": 0.9792141318321228, "technology": 0.9675801992416382, "biochemistry": 0.9670540690422058, "discovery": 0.9617635011672974, "microscope": 0.953725278377533, "tube": 0.9506577849388123, "pharmacology": 0.948574960231781, "service": 0.9468387365341187, "down to a science": 0.9451395869255066, "gloves": 0.9447906017303467, "science laboratory": 0.9444208145141602, "healthcare": 0.9435579180717468}