{"ornate": 0.9749588966369629, "calligraphy": 0.9532721638679504, "margin": 0.9468441009521484, "picture frame": 0.9456174373626709, "vignette": 0.9387490749359131, "text": 0.9380377531051636, "invitation": 0.9291220307350159, "illustration": 0.9258361458778381, "victorian": 0.9135065078735352, "bill": 0.9060767292976379, "retro": 0.8797957897186279, "decoration": 0.8684608936309814, "vintage": 0.8629055619239807, "pattern": 0.8559437394142151, "menu": 0.8385211825370789, "vector": 0.8354797959327698, "classic": 0.8060858249664307, "creativity": 0.804039478302002, "business": 0.7897491455078125, "card": 0.787510097026825}