{"vertical": 0.9899570345878601, "tree": 0.9853919148445129, "flora": 0.9754320383071899, "fruit": 0.969689130783081, "outdoors": 0.9662384986877441, "branch": 0.9606488943099976, "freshness": 0.944146454334259, "flower": 0.9387800693511963, "nature": 0.9319840669631958, "creeper": 0.9125761389732361, "season": 0.9095862507820129, "horizontal": 0.9091693162918091, "prickly": 0.9028785824775696, "focus": 0.8954464793205261, "berry": 0.8876493573188782, "growth": 0.8779283761978149, "leaf": 0.8709928393363953, "picker": 0.8669784069061279, "fragility": 0.8597184419631958, "decoration": 0.8540765047073364}