{"sketch": 0.9907344579696655, "illustration": 0.9831421375274658, "vector": 0.9740350246429443, "funny": 0.9600062966346741, "infantile": 0.9550201892852783, "child": 0.9493748545646667, "cute": 0.9448615312576294, "fun": 0.9428783059120178, "son": 0.9366563558578491, "humor": 0.9233627319335938, "baby": 0.9189514517784119, "cheerful": 0.9182983040809631, "man": 0.9176263809204102, "amusing": 0.9082157611846924, "card": 0.9037523865699768, "toy": 0.884816586971283, "shower": 0.8842653632164001, "graphic": 0.8720226883888245, "art": 0.8701158165931702, "greeting": 0.8653061389923096}