{"currency": 0.9971292614936829, "money": 0.9957181811332703, "business": 0.9947047829627991, "savings": 0.9944749474525452, "wealth": 0.9942594766616821, "finance": 0.9939650893211365, "dollar": 0.9928500652313232, "paper": 0.9921489953994751, "cash": 0.9911428689956665, "achievement": 0.9897134304046631, "financial": 0.9836167097091675, "bank": 0.972435712814331, "pay": 0.962493896484375, "investment": 0.9505894780158997, "income": 0.9461761116981506, "no person": 0.9446866512298584, "tax": 0.9420914053916931, "stacks": 0.9376262426376343, "century": 0.9348506331443787, "isolate": 0.9335262179374695}