{"travel": 0.9744192957878113, "nature": 0.9720163345336914, "house": 0.9680691957473755, "farm": 0.963448703289032, "landscape": 0.9614295959472656, "grass": 0.9608011841773987, "rural": 0.9590352177619934, "no person": 0.956862211227417, "tree": 0.9558568000793457, "outdoors": 0.9535408616065979, "summer": 0.9474839568138123, "architecture": 0.9463030099868774, "agriculture": 0.9411919116973877, "guidance": 0.9411292672157288, "garden": 0.9340974688529968, "building": 0.9332723021507263, "countryside": 0.931774377822876, "ancient": 0.9134718775749207, "old": 0.9080103039741516, "sky": 0.8965873718261719}