{"retro": 0.9868500232696533, "illustration": 0.9606516361236572, "no person": 0.9580585956573486, "design": 0.944275975227356, "vintage": 0.9439272880554199, "graphic design": 0.9419480562210083, "vector": 0.9333887100219727, "typography": 0.9302921295166016, "business": 0.9302141666412354, "bill": 0.9202501177787781, "wallpaper": 0.9152697920799255, "pattern": 0.9033955931663513, "paper": 0.9031916260719299, "abstract": 0.9009024500846863, "graphic": 0.8999097943305969, "texture": 0.8993702530860901, "desktop": 0.8992791175842285, "text": 0.8978471159934998, "repetition": 0.8941088318824768, "seamless": 0.888058602809906}