{"child": 0.9920470714569092, "cute": 0.9913642406463623, "funny": 0.989971399307251, "fun": 0.9897958636283875, "sketch": 0.9803727865219116, "illustration": 0.9742315411567688, "isolated": 0.9737682938575745, "graphic design": 0.9673032760620117, "no person": 0.9440924525260925, "vector": 0.9393385648727417, "scarf": 0.9361538887023926, "little": 0.9341675639152527, "character": 0.9268849492073059, "joy": 0.9167748093605042, "son": 0.9104571342468262, "mascot": 0.9009984135627747, "man": 0.8782983422279358, "art": 0.8761537671089172, "Christmas": 0.8593716621398926, "smile": 0.8591489195823669}