{"business": 0.9953576922416687, "paper": 0.9933290481567383, "currency": 0.9921880960464478, "finance": 0.9896390438079834, "wealth": 0.9896214008331299, "money": 0.9893897175788879, "dollar": 0.9849725961685181, "savings": 0.9831088185310364, "isolated": 0.9789151549339294, "achievement": 0.9716811776161194, "cash": 0.9713774919509888, "no person": 0.9676138162612915, "investment": 0.9599342346191406, "number": 0.9509773254394531, "shopping": 0.9424623847007751, "financial": 0.9420243501663208, "bank": 0.9400573968887329, "pay": 0.922913670539856, "century": 0.903969943523407, "abundance": 0.8999954462051392}