{"currency": 0.9983640313148499, "wealth": 0.9979283809661865, "finance": 0.9966593980789185, "savings": 0.9966313242912292, "money": 0.9963525533676147, "business": 0.9947541952133179, "dollar": 0.9892861247062683, "pay": 0.9876847267150879, "achievement": 0.9866320490837097, "bank": 0.9847788214683533, "cash": 0.9808117151260376, "abundance": 0.9768656492233276, "stacks": 0.9743446111679077, "paper": 0.972082257270813, "greed": 0.9658646583557129, "investment": 0.9505901336669922, "loan": 0.9497388005256653, "debt": 0.9476211667060852, "century": 0.9463352560997009, "no person": 0.9428558945655823}