{"garlic": 0.9861676096916199, "food": 0.983385443687439, "vegetable": 0.9828045964241028, "broccoli": 0.9773968458175659, "pimento": 0.9746018052101135, "cabbage": 0.9726459980010986, "pasture": 0.9619500041007996, "health": 0.9594367742538452, "no person": 0.9591344594955444, "market": 0.9586845636367798, "carrot": 0.9565573334693909, "pepper": 0.9486961960792542, "leaf": 0.946495532989502, "nutrition": 0.9449678659439087, "tomato": 0.9381001591682434, "onion": 0.9364965558052063, "grow": 0.9363455176353455, "cauliflower": 0.9350873827934265, "fall": 0.9312493801116943, "healthy": 0.9308438301086426}