{"corn": 0.9998831748962402, "corncob": 0.9980474710464478, "food": 0.9967617392539978, "grow": 0.9962416887283325, "pasture": 0.9958472847938538, "cereal": 0.9957782030105591, "hazelnut": 0.9947492480278015, "no person": 0.9945100545883179, "agriculture": 0.9927119016647339, "vegetable": 0.9913499355316162, "crop": 0.9885819554328918, "popcorn": 0.9849376082420349, "gold": 0.9820454716682434, "farming": 0.9799755215644836, "nutrition": 0.9749222993850708, "desktop": 0.9567926526069641, "straw": 0.9558916687965393, "labyrinth": 0.9506221413612366, "still life": 0.9495196342468262, "meat": 0.9482971429824829}