{"barn": 0.9957360029220581, "livestock": 0.9920904636383057, "farm": 0.9845581650733948, "mammal": 0.983528733253479, "animal": 0.9797510504722595, "nature": 0.9785364270210266, "fence": 0.976769745349884, "cattle": 0.9764235615730286, "no person": 0.9756128191947937, "cow": 0.9651319980621338, "cute": 0.9575158953666687, "curiosity": 0.9565610289573669, "rural": 0.9549303650856018, "cavalry": 0.953890860080719, "funny": 0.9478037357330322, "portrait": 0.9414359927177429, "cage": 0.9339761734008789, "zoo": 0.9312857985496521, "eye": 0.928462564945221, "farming": 0.9218608140945435}