{"corn": 0.9949835538864136, "no person": 0.9924107789993286, "nature": 0.9856916069984436, "leaf": 0.9839093089103699, "corncob": 0.9832475781440735, "summer": 0.9753940105438232, "food": 0.9732052683830261, "disjunct": 0.9671581983566284, "nutrition": 0.9659456014633179, "flora": 0.9650382995605469, "cereal": 0.9630394577980042, "health": 0.9592965245246887, "hazelnut": 0.9555391073226929, "pasture": 0.9508447051048279, "desktop": 0.9466541409492493, "fall": 0.946387529373169, "gold": 0.9430015683174133, "confection": 0.9270774126052856, "meat": 0.9260027408599854, "farming": 0.9213603138923645}