{"moon": 0.9975165128707886, "silhouette": 0.9938719272613525, "sunset": 0.9804521203041077, "dawn": 0.9687035083770752, "sky": 0.9580293893814087, "no person": 0.9579063057899475, "dusk": 0.9465012550354004, "evening": 0.9339052438735962, "architecture": 0.9263189435005188, "travel": 0.909676194190979, "illustration": 0.9077648520469666, "dark": 0.8992664813995361, "grave": 0.8955742120742798, "cemetery": 0.8945541977882385, "outdoors": 0.8874745965003967, "landscape": 0.871345043182373, "sun": 0.8691816926002502, "midnight": 0.8483241200447083, "full moon": 0.8393516540527344, "building": 0.8339679837226868}