{"machinery": 0.9894536733627319, "tire": 0.9827573895454407, "wheel": 0.9803547263145447, "tractor": 0.9659733176231384, "power": 0.9510020017623901, "vehicle": 0.9441020488739014, "transportation system": 0.9439741969108582, "machine": 0.9185537695884705, "no person": 0.9036444425582886, "fast": 0.8974489569664001, "soil": 0.8895732164382935, "engine": 0.8804827332496643, "isolated": 0.8650774955749512, "diesel": 0.8467096090316772, "heavy": 0.8422694802284241, "adhesive friction": 0.8245974183082581, "car": 0.8245472311973572, "drive": 0.8221057653427124, "equipment": 0.8200553059577942, "industry": 0.7990291118621826}