{"no person": 0.9987394213676453, "architecture": 0.9907174706459045, "outdoors": 0.9867070913314819, "glass items": 0.9750487804412842, "sky": 0.9727796912193298, "business": 0.9724074602127075, "contemporary": 0.9632471203804016, "modern": 0.9560486674308777, "office": 0.9440818428993225, "travel": 0.9267621636390686, "university": 0.917217493057251, "building": 0.9137240648269653, "large": 0.9027206897735596, "hotel": 0.873778223991394, "daylight": 0.8733924627304077, "futuristic": 0.869994044303894, "city": 0.8605466485023499, "prosperity": 0.8501777052879333, "luxury": 0.8420602083206177, "facade": 0.8354058861732483}