{"no person": 0.9872884750366211, "business": 0.9651359915733337, "graphic design": 0.957321047782898, "stripe": 0.9454332590103149, "paper": 0.9348201751708984, "empty": 0.9232921004295349, "illustration": 0.9232036471366882, "growth": 0.9141320586204529, "graph": 0.9109342694282532, "data": 0.9096363186836243, "diagram": 0.9072306752204895, "technology": 0.8546743988990784, "devoid": 0.8433226346969604, "design": 0.8337845802307129, "architecture": 0.8317780494689941, "vector": 0.8236208558082581, "designing": 0.8181273937225342, "facts": 0.8162463903427124, "disjunct": 0.8051653504371643, "progress": 0.8033316731452942}