{"field": 0.9895875453948975, "agriculture": 0.9887152314186096, "nature": 0.9753198623657227, "crop": 0.9710932970046997, "farm": 0.9662320017814636, "garden": 0.9626993536949158, "flora": 0.961293637752533, "growth": 0.9558748006820679, "summer": 0.9549754858016968, "food": 0.9478510618209839, "pasture": 0.9459161758422852, "work": 0.9419502019882202, "grass": 0.9419054388999939, "flower": 0.9323845505714417, "sprayer": 0.9288036227226257, "worker": 0.9253737330436707, "agronomy": 0.9199473261833191, "rural": 0.9179021716117859, "hayfield": 0.9086984395980835, "farming": 0.904022753238678}