{"illustration": 0.9940153956413269, "travel": 0.975028395652771, "architecture": 0.9587408900260925, "sky": 0.9489191174507141, "old": 0.943331241607666, "moon": 0.9414559602737427, "vector": 0.9378817081451416, "water": 0.9283304214477539, "river": 0.9280358552932739, "outdoors": 0.9267393946647644, "city": 0.9255543351173401, "building": 0.924683153629303, "art": 0.9185162782669067, "silhouette": 0.9178344011306763, "cityscape": 0.9113523960113525, "nature": 0.9106893539428711, "sunset": 0.9099708199501038, "dawn": 0.9051454067230225, "reflection": 0.9030983448028564, "evening": 0.9017709493637085}