{"food": 0.9919805526733398, "health": 0.9886227250099182, "tomato": 0.9856284856796265, "no person": 0.9852102398872375, "ingredients": 0.9776684045791626, "nutrition": 0.9744375944137573, "vegetable": 0.9685750603675842, "leaf": 0.9651950597763062, "grow": 0.9645663499832153, "cooking": 0.9635711908340454, "juicy": 0.962351381778717, "round out": 0.9614598155021667, "fruit": 0.9591989517211914, "cherry": 0.9536311626434326, "delicious": 0.9518612027168274, "farming": 0.9341747164726257, "nature": 0.8891715407371521, "still life": 0.8874463438987732, "healthy": 0.8855565786361694, "taste": 0.8855416774749756}