{"no person": 0.994682252407074, "food": 0.9886602163314819, "vegetable": 0.9816734790802002, "cooking": 0.9812477827072144, "spice": 0.9751233458518982, "pepper": 0.9612544178962708, "herb": 0.9556612372398376, "grow": 0.951509416103363, "still life": 0.9513489603996277, "tomato": 0.9180257320404053, "leaf": 0.9167817234992981, "ingredients": 0.9123914241790771, "healthy": 0.9039361476898193, "closeup": 0.9002402424812317, "dinner": 0.8836779594421387, "garlic": 0.876785933971405, "olive oil": 0.8655497431755066, "health": 0.8624309301376343, "cuisine": 0.860683262348175, "meal": 0.8539062738418579}