{"woman": 0.9714482426643372, "no person": 0.9594705700874329, "horizontal": 0.9532882571220398, "indoors": 0.945281445980072, "touch": 0.9392180442810059, "conceptual": 0.9285734295845032, "business": 0.9227877855300903, "generosity": 0.9139583110809326, "child": 0.9050443172454834, "creativity": 0.9040841460227966, "aid": 0.8953810930252075, "blur": 0.8949235677719116, "connection": 0.8927617073059082, "detail": 0.8882759213447571, "skin": 0.8787335157394409, "graphic design": 0.871265172958374, "paper": 0.8711312413215637, "contemporary": 0.8646645545959473, "safety": 0.8636691570281982, "spherical": 0.8607341051101685}