{"mammal": 0.992362380027771, "no person": 0.9901283383369446, "livestock": 0.9863059520721436, "suckling": 0.9794896841049194, "barn": 0.9780398011207581, "baby": 0.973889172077179, "farm": 0.9695534110069275, "domestic": 0.963803768157959, "cute": 0.961898922920227, "animal": 0.9524574279785156, "young": 0.9416475892066956, "agriculture": 0.9415686130523682, "curiosity": 0.9388194680213928, "piglet": 0.9233724474906921, "little": 0.902848482131958, "cattle": 0.8807340860366821, "sheep": 0.852860152721405, "nature": 0.8477596640586853, "newborn": 0.8464912176132202, "rural": 0.8438085317611694}