{"business": 0.9969960451126099, "technology": 0.9905885457992554, "money": 0.9815242886543274, "computer": 0.9794974327087402, "data": 0.9756839871406555, "finance": 0.9684671759605408, "key": 0.9679083228111267, "security": 0.9663630127906799, "currency": 0.9663071632385254, "no person": 0.9661481976509094, "connection": 0.9576805233955383, "electronics": 0.9520469903945923, "wealth": 0.9390935301780701, "facts": 0.924568772315979, "access": 0.9208317995071411, "internet": 0.9122325778007507, "safety": 0.9096272587776184, "commerce": 0.9051629900932312, "plastic": 0.9024123549461365, "office": 0.8968017101287842}