{"water": 0.9789474010467529, "no person": 0.9649876952171326, "travel": 0.9612796902656555, "sea": 0.9557245969772339, "watercraft": 0.9521322846412659, "industry": 0.9470497965812683, "transportation system": 0.9431599378585815, "vehicle": 0.9190005660057068, "sky": 0.9083662629127502, "ship": 0.9055399894714355, "ocean": 0.9024225473403931, "pollution": 0.8956490755081177, "outdoors": 0.8841831684112549, "city": 0.871760904788971, "landscape": 0.8703649044036865, "daylight": 0.8697468042373657, "tourism": 0.867797315120697, "river": 0.8605625629425049, "tank": 0.8471251726150513, "environment": 0.8419038653373718}