{"indoors": 0.9873636364936829, "horizontal plane": 0.9792888760566711, "absence": 0.9571399688720703, "horizontal": 0.9518364667892456, "illuminated": 0.9494701027870178, "shadow": 0.8738330602645874, "modern": 0.8407554626464844, "architecture": 0.8322315216064453, "dark": 0.8062382936477661, "light": 0.8035640120506287, "industry": 0.7902203798294067, "business": 0.781792402267456, "furniture": 0.7693257331848145, "luxury": 0.7644119262695312, "empty": 0.7598270773887634, "chair": 0.754976212978363, "window": 0.7488342523574829, "room": 0.7454838752746582, "apartment": 0.7363924980163574, "wood": 0.7237563729286194}