{"business": 0.9862611889839172, "no person": 0.9599177837371826, "money": 0.9453576803207397, "medicine": 0.9197897911071777, "finance": 0.9063193202018738, "paper": 0.9022095203399658, "industry": 0.8991988301277161, "offense": 0.8937628865242004, "food": 0.8898835182189941, "box": 0.8801455497741699, "production": 0.8795119524002075, "commerce": 0.8670166730880737, "display": 0.8657568097114563, "market": 0.8543233871459961, "retro": 0.8469430208206177, "health": 0.8409981727600098, "technology": 0.8407147526741028, "old": 0.8324114680290222, "stock": 0.822191059589386, "shopping": 0.799713671207428}