{"no person": 0.9949348568916321, "sky": 0.9779326915740967, "business": 0.9529879689216614, "architecture": 0.9504479765892029, "outdoors": 0.9499405026435852, "travel": 0.9350552558898926, "empty": 0.9237905740737915, "isolated": 0.911465585231781, "contemporary": 0.9099604487419128, "high": 0.8980201482772827, "street": 0.8677003979682922, "tallest": 0.8592643141746521, "industry": 0.8543424010276794, "technology": 0.8373183012008667, "family": 0.8367530107498169, "steel": 0.8095959424972534, "one": 0.8036620020866394, "summer": 0.7874488234519958, "nature": 0.7723207473754883, "urban": 0.7699666619300842}