{"far-out": 0.9994953870773315, "funny": 0.9991126656532288, "crazy": 0.9983415603637695, "retro": 0.9963177442550659, "traditional": 0.995545506477356, "art": 0.9951913356781006, "sketch": 0.9951666593551636, "scribble": 0.994264543056488, "illustration": 0.9939858317375183, "cockamamie": 0.9891836643218994, "character": 0.9864069819450378, "cute": 0.9860425591468811, "visuals": 0.9742695689201355, "old": 0.9399692416191101, "hand": 0.9390680193901062, "clip": 0.9292094111442566, "electricity": 0.9182778000831604, "cheerful": 0.8846238255500793, "simple": 0.8785251379013062, "texture": 0.8767975568771362}