{"business": 0.9990123510360718, "wealth": 0.9968405961990356, "money": 0.9966108202934265, "currency": 0.9964061379432678, "finance": 0.9954637885093689, "paper": 0.9934885501861572, "no person": 0.9874866008758545, "savings": 0.9816632270812988, "pay": 0.9787836074829102, "abundance": 0.9570045471191406, "achievement": 0.953871488571167, "shopping": 0.9516578316688538, "newspaper": 0.9482964873313904, "blur": 0.9457762837409973, "number": 0.9378113150596619, "stacks": 0.9067533016204834, "focus": 0.9066498279571533, "commerce": 0.8785949945449829, "indoors": 0.8778625726699829, "bank": 0.8732110857963562}