{"agriculture": 0.9814981818199158, "cropland": 0.9721986055374146, "machine": 0.9682904481887817, "vehicle": 0.9655563831329346, "farm": 0.9614905714988708, "tractor": 0.9587962627410889, "desert": 0.9548947215080261, "no person": 0.9530056118965149, "field": 0.9466277360916138, "landscape": 0.9460448622703552, "crop": 0.9274527430534363, "road": 0.9206950068473816, "prairie": 0.9110971093177795, "transportation system": 0.9073760509490967, "sand": 0.90390545129776, "wheat": 0.9001774787902832, "outdoors": 0.8949769139289856, "dust": 0.8890573978424072, "shadow": 0.8858439922332764, "country": 0.8827845454216003}