{"agriculture": 0.999442994594574, "farm": 0.9969792366027832, "growth": 0.9898666143417358, "flora": 0.9894004464149475, "soil": 0.9888246655464172, "crop": 0.9862375259399414, "field": 0.985762357711792, "pasture": 0.9833934903144836, "grow": 0.9781439900398254, "row": 0.9730724096298218, "vegetable": 0.968121349811554, "leaf": 0.9674530029296875, "farmland": 0.9619337916374207, "maturation": 0.956764280796051, "nature": 0.9552351832389832, "rural": 0.9453248977661133, "outdoors": 0.9437357187271118, "food": 0.9395429491996765, "countryside": 0.9101410508155823, "farming": 0.8912661075592041}