{"barn": 0.9959903359413147, "abandoned": 0.9893396496772766, "farm": 0.9789280891418457, "house": 0.9749753475189209, "wood": 0.9741015434265137, "rustic": 0.9633249044418335, "decay": 0.9625038504600525, "old": 0.9622626900672913, "country": 0.9570021629333496, "building": 0.9559006094932556, "agriculture": 0.9510284066200256, "vintage": 0.9503098130226135, "shed": 0.9415151476860046, "no person": 0.9252033829689026, "landscape": 0.91837477684021, "architecture": 0.9162096977233887, "reside": 0.9087997674942017, "wooden": 0.9077818393707275, "rural": 0.9047207832336426, "derelict": 0.8900179862976074}