{"sketch": 0.9985625147819519, "lid": 0.9978329539299011, "illustration": 0.995786726474762, "isolated": 0.9887365698814392, "vector": 0.9866804480552673, "cute": 0.9866651296615601, "graphic design": 0.9865280985832214, "funny": 0.9798791408538818, "character": 0.9713019132614136, "no person": 0.9701018929481506, "cap": 0.9693300127983093, "child": 0.9622859954833984, "fun": 0.9578060507774353, "man": 0.9389581680297852, "graphic": 0.9232789874076843, "little": 0.9158433675765991, "wild": 0.9121760129928589, "mascot": 0.9120736122131348, "whimsical": 0.9093643426895142, "eye": 0.8886425495147705}