{"food": 0.9918699264526367, "leaf": 0.9856439828872681, "healthy": 0.9837234020233154, "vegetable": 0.9798892140388489, "tomato": 0.9769430160522461, "fruit": 0.9729087352752686, "health": 0.9720369577407837, "no person": 0.9645096063613892, "nutrition": 0.9637172222137451, "diet": 0.9607868790626526, "grow": 0.9588704109191895, "pasture": 0.9525389075279236, "ingredients": 0.9438269138336182, "cooking": 0.9387062191963196, "juicy": 0.9374614953994751, "vitamin": 0.9318750500679016, "basil": 0.9169874787330627, "lettuce": 0.9099594950675964, "delicious": 0.9077801704406738, "salad": 0.9075276255607605}