{"basket": 0.9986251592636108, "food": 0.9850377440452576, "market": 0.9675524234771729, "vegetable": 0.966802179813385, "pasture": 0.9618963003158569, "wicker": 0.9602676033973694, "flora": 0.9557207822799683, "nature": 0.9549912810325623, "grow": 0.9535767436027527, "agriculture": 0.9493874311447144, "garden": 0.9424863457679749, "no person": 0.9301763772964478, "leaf": 0.9202154874801636, "farming": 0.9171531200408936, "desktop": 0.9046751260757446, "bunch": 0.8956433534622192, "pot": 0.8953725099563599, "spice": 0.8930094242095947, "freshness": 0.8924169540405273, "farm": 0.8912614583969116}