{"no person": 0.9923918843269348, "fun": 0.985436737537384, "cute": 0.9682429432868958, "funny": 0.9645395278930664, "child": 0.9580835700035095, "graphic design": 0.9475030899047852, "entertainment": 0.921929121017456, "isolated": 0.8988876342773438, "traditional": 0.8828402757644653, "sketch": 0.8631758689880371, "Christmas": 0.8380996584892273, "retro": 0.8374713659286499, "motley": 0.8266963958740234, "illustration": 0.8244724273681641, "joy": 0.817773699760437, "art": 0.8089180588722229, "creativity": 0.8074649572372437, "arts and crafts": 0.7896779775619507, "winter": 0.7868296504020691, "bright": 0.7854540348052979}