{"no person": 0.9976891279220581, "paper": 0.9939560294151306, "graphic design": 0.9881832003593445, "business": 0.9866926074028015, "well": 0.9836161732673645, "facts": 0.976631224155426, "achievement": 0.9466543197631836, "merchandise": 0.9253893494606018, "adhesive": 0.9249671101570129, "value": 0.9226862788200378, "retro": 0.9051888585090637, "data": 0.8882884383201599, "order": 0.8863863348960876, "forthcoming": 0.861996591091156, "contemporary": 0.8580556511878967, "typography": 0.8572450280189514, "service": 0.8550732731819153, "option": 0.854884922504425, "internet": 0.8487358689308167, "corporation": 0.8462691307067871}