{"no person": 0.997032642364502, "garlic": 0.9891985058784485, "root": 0.986993670463562, "isolated": 0.9850878119468689, "cooking": 0.9833553433418274, "health": 0.9800277352333069, "ingredients": 0.9785091280937195, "bulb": 0.9774045944213867, "nutrition": 0.9722092151641846, "food": 0.9679209589958191, "spice": 0.9595771431922913, "pasture": 0.9591779708862305, "isolate": 0.9590312242507935, "clove": 0.9536647796630859, "vegetable": 0.9526099562644958, "disjunct": 0.9505996108055115, "three": 0.9450181722640991, "onion": 0.9418390393257141, "smell": 0.9366481900215149, "taste": 0.935318112373352}