{"armor": 0.9995558857917786, "sword": 0.9992334842681885, "warrior": 0.9967986345291138, "knight": 0.9958899617195129, "shield": 0.9899459481239319, "weapon": 0.9880023002624512, "Gothic": 0.9811553955078125, "fantasy": 0.9777624011039734, "art": 0.9761514067649841, "war": 0.9722798466682434, "ancient": 0.9718325734138489, "helmet": 0.9688308238983154, "no person": 0.9623947739601135, "samurai": 0.9601151943206787, "chivalry": 0.9573562145233154, "Renaissance": 0.9557549953460693, "courage": 0.9505358338356018, "protection": 0.9501919150352478, "soldier": 0.9413067102432251, "skirmish": 0.9395462274551392}