{"corn": 0.99974125623703, "corncob": 0.9993808269500732, "hazelnut": 0.9987523555755615, "agriculture": 0.9970881342887878, "farm": 0.9955202341079712, "gold": 0.9895427227020264, "food": 0.9884355068206787, "cereal": 0.9843246936798096, "meat": 0.9837436079978943, "popcorn": 0.983345627784729, "nature": 0.9816126227378845, "grow": 0.9808314442634583, "crop": 0.9799640774726868, "pasture": 0.9790943264961243, "straw": 0.9787270426750183, "closeup": 0.9715691804885864, "vegetable": 0.9681200385093689, "flora": 0.9678485989570618, "labyrinth": 0.9653151631355286, "gold piece": 0.9624395966529846}