{"leaf": 0.9885385036468506, "nature": 0.9868673086166382, "no person": 0.9729569554328918, "growth": 0.9535138010978699, "outdoors": 0.9436490535736084, "summer": 0.9135473966598511, "food": 0.9078117609024048, "flora": 0.8934258222579956, "flower": 0.8896756768226624, "grass": 0.8557901978492737, "one": 0.8557779788970947, "garden": 0.8532947897911072, "sun": 0.8456547856330872, "fair weather": 0.8370425701141357, "little": 0.8355134129524231, "health": 0.8244029879570007, "medicine": 0.8227340579032898, "bright": 0.8135253190994263, "tropical": 0.7965874671936035, "disjunct": 0.7911210060119629}