{"design": 0.9778767228126526, "pattern": 0.9752761721611023, "desktop": 0.9696564078330994, "decoration": 0.9691644906997681, "wallpaper": 0.9640141129493713, "retro": 0.963869571685791, "illustration": 0.9596707820892334, "abstract": 0.9560134410858154, "vector": 0.9478027820587158, "texture": 0.9434576034545898, "paper": 0.942345380783081, "vintage": 0.9347214102745056, "graphic": 0.9279096126556396, "element": 0.9223315119743347, "ornate": 0.9150474667549133, "no person": 0.9117228388786316, "background": 0.9015176296234131, "fabric": 0.8936144113540649, "art": 0.8910568356513977, "antique": 0.8878760933876038}