{"currency": 0.9935523271560669, "wealth": 0.9917877316474915, "finance": 0.9899628758430481, "business": 0.9894970655441284, "savings": 0.9806551933288574, "money": 0.9781365990638733, "abundance": 0.9696525931358337, "paper": 0.9607334733009338, "investment": 0.957123875617981, "achievement": 0.9520998597145081, "dollar": 0.950308620929718, "cash": 0.9465345144271851, "financial": 0.9438620805740356, "economy": 0.9295387864112854, "horizontal": 0.9146434664726257, "bank": 0.901914656162262, "batch": 0.8851308226585388, "desktop": 0.8816639184951782, "pay": 0.8801863193511963, "market": 0.8790338635444641}