{"no person": 0.9899700284004211, "technology": 0.9725832343101501, "electronics": 0.9685964584350586, "internet": 0.9322572946548462, "business": 0.9311851859092712, "connection": 0.9092148542404175, "data": 0.908314049243927, "equipment": 0.9073217511177063, "computer": 0.8993183970451355, "isolated": 0.8924689888954163, "power": 0.887519896030426, "desktop": 0.8404940366744995, "control": 0.835800290107727, "plastic": 0.822844922542572, "facts": 0.8224178552627563, "machinery": 0.8154608011245728, "health": 0.8149246573448181, "steel": 0.8038853406906128, "futuristic": 0.8026060461997986, "security": 0.8018841743469238}