{"agriculture": 0.998948872089386, "farm": 0.9978963136672974, "rural": 0.9902877807617188, "soil": 0.9865493178367615, "field": 0.9857191443443298, "farmland": 0.98481684923172, "pasture": 0.9827773571014404, "growth": 0.9795021414756775, "crop": 0.9783079028129578, "countryside": 0.9746590852737427, "cropland": 0.9726808667182922, "no person": 0.9642088413238525, "tractor": 0.9615381956100464, "food": 0.9578019976615906, "machine": 0.9309196472167969, "nature": 0.9305406212806702, "summer": 0.9233999848365784, "vineyard": 0.9195816516876221, "industry": 0.9079640507698059, "ground": 0.9070073366165161}