{"agriculture": 0.9937049746513367, "cropland": 0.9910582304000854, "no person": 0.9887985587120056, "growth": 0.9702398180961609, "landscape": 0.9506999850273132, "farm": 0.9437683820724487, "crop": 0.9386844635009766, "leaf": 0.9376842975616455, "outdoors": 0.9362940788269043, "nature": 0.9347031116485596, "flora": 0.9235143661499023, "field": 0.903117835521698, "pasture": 0.8850172162055969, "vineyard": 0.8787797093391418, "plantation": 0.8773605823516846, "daylight": 0.8680939674377441, "vine": 0.8654654622077942, "summer": 0.857268750667572, "sky": 0.8478991389274597, "desktop": 0.8439574837684631}