{"stripe": 0.9817381501197815, "template": 0.9723297953605652, "graph": 0.950927197933197, "navigation": 0.9469276666641235, "presentation": 0.9455934166908264, "number": 0.9378234148025513, "banner": 0.9324356317520142, "vector": 0.9251135587692261, "time": 0.9250263571739197, "vectors": 0.9207102656364441, "layout": 0.920566201210022, "facts": 0.9197407960891724, "progress": 0.9132449626922607, "flat": 0.9130706191062927, "page": 0.9064775109291077, "no person": 0.8879179358482361, "data": 0.8866363167762756, "label": 0.8863443732261658, "diagram": 0.8793978095054626, "arrow": 0.8659273386001587}