{"agriculture": 0.9939373731613159, "farm": 0.9914870262145996, "crop": 0.9904753565788269, "straw": 0.9903374910354614, "cereal": 0.9899042248725891, "field": 0.9845188856124878, "cropland": 0.9840834736824036, "corn": 0.9840189218521118, "pasture": 0.9810708165168762, "wheat": 0.9782195091247559, "machine": 0.9534035325050354, "food": 0.9505746364593506, "growth": 0.942818820476532, "rural": 0.940301239490509, "tractor": 0.9391141533851624, "hay": 0.9365587830543518, "landscape": 0.9268553256988525, "no person": 0.9206094741821289, "sky": 0.9184646010398865, "countryside": 0.9148038029670715}