{"business": 0.9850195646286011, "electronics": 0.9747543334960938, "technology": 0.9736483097076416, "contemporary": 0.9527236819267273, "office": 0.9461171627044678, "paper": 0.9427118301391602, "isolated": 0.9398045539855957, "machinery": 0.9276318550109863, "computer": 0.9259710907936096, "internet": 0.9231734871864319, "no person": 0.9118189811706543, "desk": 0.9107626676559448, "connection": 0.9084802865982056, "data": 0.8981268405914307, "equipment": 0.8497522473335266, "keyboard": 0.8368657231330872, "plastic": 0.8217897415161133, "modern": 0.8073045611381531, "writing": 0.8061824440956116, "portable": 0.7985761761665344}