{"agriculture": 0.9996738433837891, "farm": 0.998230516910553, "cropland": 0.9966816306114197, "plantation": 0.9950203895568848, "crop": 0.9946476817131042, "grow": 0.9922248125076294, "field": 0.9873576164245605, "food": 0.9820665121078491, "pasture": 0.9798035621643066, "flora": 0.9749506711959839, "landscape": 0.9649501442909241, "vine": 0.960076093673706, "vegetable": 0.9570896029472351, "leaf": 0.9401151537895203, "hill": 0.940024733543396, "fruit": 0.9393927454948425, "growth": 0.936445415019989, "outdoors": 0.9355099201202393, "soil": 0.9187831878662109, "farmland": 0.9161246418952942}