{"text": 0.9836205244064331, "page": 0.9522526860237122, "abstract": 0.9447724223136902, "template": 0.9175624251365662, "desktop": 0.9095475673675537, "form": 0.8992499113082886, "business": 0.8904271125793457, "illustration": 0.8882330656051636, "document": 0.8753734230995178, "facts": 0.8747725486755371, "donation": 0.8608142137527466, "graphic": 0.8547280430793762, "World Wide Web": 0.8486402630805969, "no person": 0.845543622970581, "presentation": 0.8275311589241028, "vector": 0.8124396800994873, "company": 0.8054667115211487, "information": 0.802399754524231, "sign": 0.7993793487548828, "education": 0.7972548007965088}