{"currency": 0.9954049587249756, "finance": 0.9926486611366272, "savings": 0.9903998970985413, "dollar": 0.981179416179657, "investment": 0.980626106262207, "money": 0.9802173376083374, "wealth": 0.9795418381690979, "cash": 0.9794211387634277, "vertical": 0.963445782661438, "financial": 0.9633651375770569, "bank": 0.9582090973854065, "century": 0.9502484202384949, "paper": 0.949053943157196, "number": 0.9466707110404968, "business": 0.9455404281616211, "economy": 0.9397261142730713, "tax": 0.9365847110748291, "pay": 0.9268950819969177, "loan": 0.9073050618171692, "horizontal": 0.90482097864151}