{"smoke": 0.9946710467338562, "pollution": 0.9888261556625366, "no person": 0.9886234998703003, "condensation": 0.9863328337669373, "smog": 0.966525137424469, "air pollution": 0.9596918821334839, "industry": 0.9501946568489075, "calamity": 0.9208698868751526, "dirty": 0.9097891449928284, "smokestack": 0.9080865979194641, "fog": 0.8990344405174255, "steam": 0.8905937075614929, "grinder": 0.8854913711547852, "outdoors": 0.8731192946434021, "technology": 0.871690571308136, "waste": 0.8519570827484131, "monochrome": 0.8478519320487976, "mist": 0.8376901149749756, "dark": 0.8318098187446594, "spherical": 0.802233874797821}