{"agriculture": 0.9949328303337097, "soil": 0.9912113547325134, "growth": 0.9903178215026855, "leaf": 0.982081949710846, "farm": 0.9807748794555664, "nature": 0.9750645160675049, "no person": 0.9712121486663818, "flora": 0.9709165096282959, "ball-shaped": 0.9677455425262451, "food": 0.9615396857261658, "outdoors": 0.9612404704093933, "garden": 0.9444200396537781, "pasture": 0.9443172216415405, "summer": 0.9436929225921631, "ground": 0.9416012763977051, "maturation": 0.9299799799919128, "sprout": 0.9225324392318726, "grow": 0.9194512367248535, "vegetable": 0.9156739115715027, "crop": 0.9016710519790649}