{"business": 0.9743676781654358, "modern": 0.9546506404876709, "glass items": 0.9275277256965637, "technology": 0.8940508961677551, "designing": 0.8901757001876831, "architecture": 0.8802098631858826, "horizontal": 0.8778262138366699, "indoors": 0.8742408156394958, "airport": 0.8696005940437317, "text": 0.8641011714935303, "desktop": 0.8558384776115417, "reflection": 0.8486557006835938, "no person": 0.837726354598999, "transportation system": 0.8350159525871277, "illustration": 0.831670343875885, "design": 0.8296451568603516, "achievement": 0.8122428059577942, "shape": 0.8023081421852112, "industry": 0.8018600940704346, "expression": 0.7996196150779724}