{"health": 0.9931649565696716, "no person": 0.9737590551376343, "medicine": 0.9580013751983643, "food": 0.9486304521560669, "healthcare": 0.9456822276115417, "nutrition": 0.9349531531333923, "isolate": 0.9273449778556824, "isolated": 0.9251255393028259, "treatment": 0.880632758140564, "healthy": 0.8635077476501465, "cure": 0.83494633436203, "desktop": 0.8247738480567932, "freshness": 0.8189111351966858, "nature": 0.8105132579803467, "delicious": 0.8051342964172363, "leaf": 0.8032670021057129, "bright": 0.79447340965271, "vitamin": 0.7939228415489197, "syringe": 0.7877222895622253, "round out": 0.785998523235321}