{"currency": 0.9991394281387329, "wealth": 0.9990717172622681, "money": 0.998986542224884, "dollar": 0.9984803795814514, "business": 0.9976909160614014, "savings": 0.9972485899925232, "finance": 0.9972432851791382, "abundance": 0.9961632490158081, "cash": 0.9954429864883423, "achievement": 0.9950548410415649, "paper": 0.9949734210968018, "century": 0.9894269704818726, "bank": 0.9876595139503479, "investment": 0.9818803071975708, "financial": 0.9702792167663574, "pay": 0.9691680669784546, "banknote": 0.968370258808136, "greed": 0.9682459831237793, "batch": 0.9635623693466187, "desktop": 0.9549964070320129}