{"corn": 0.999396562576294, "hazelnut": 0.9943630695343018, "corncob": 0.9921197891235352, "pasture": 0.9917755126953125, "straw": 0.9855960607528687, "agriculture": 0.9734958410263062, "cereal": 0.9727200269699097, "nutrition": 0.9686200618743896, "desktop": 0.96544349193573, "no person": 0.9633424878120422, "gold": 0.957251787185669, "food": 0.9477560520172119, "vegetable": 0.9457998275756836, "health": 0.9417153000831604, "meat": 0.9302667379379272, "closeup": 0.9219278693199158, "crop": 0.9158433079719543, "ingredients": 0.9013637900352478, "healthy": 0.8992355465888977, "fall": 0.8970621228218079}