{"fun": 0.9834206700325012, "illustration": 0.9796313643455505, "child": 0.9755462408065796, "sketch": 0.9699010252952576, "no person": 0.9668015241622925, "cute": 0.9411821961402893, "vector": 0.9377697110176086, "movie": 0.929421603679657, "outdoors": 0.9196323752403259, "man": 0.9185346961021423, "Christmas": 0.89063560962677, "graphic": 0.889506995677948, "shopping": 0.8893264532089233, "entertainment": 0.8703291416168213, "winter": 0.8701281547546387, "gentleman": 0.86845463514328, "funny": 0.8675084710121155, "graphic design": 0.8626822829246521, "vacation": 0.8376431465148926, "woman": 0.83513343334198}