{"vicious": 0.9602150917053223, "Halloween": 0.9220575094223022, "danger": 0.9160606265068054, "bright": 0.9066044688224792, "bill": 0.8968808054924011, "flame": 0.8963963389396667, "no person": 0.8837050199508667, "retro": 0.8536827564239502, "art": 0.8263095021247864, "horror": 0.8234639167785645, "desktop": 0.8004845976829529, "music": 0.7928242683410645, "skittish": 0.7604114413261414, "moon": 0.7572758793830872, "Satan": 0.7567257881164551, "ghost": 0.7533832788467407, "decoration": 0.746048092842102, "monster": 0.7435845136642456, "design": 0.7380064725875854, "fright": 0.7292122840881348}