{"cereal": 0.9976463913917542, "wheat": 0.995721697807312, "rural": 0.9900029897689819, "pasture": 0.9881286025047302, "straw": 0.985592246055603, "field": 0.98347407579422, "rye": 0.9803302884101868, "crop": 0.9789901375770569, "bread": 0.9778854250907898, "corn": 0.9777995944023132, "summer": 0.9747225046157837, "farmland": 0.9709204435348511, "growth": 0.9667659401893616, "countryside": 0.9657025337219238, "agriculture": 0.9588101506233215, "sun": 0.9582809209823608, "grass": 0.9514550566673279, "barley": 0.947964608669281, "nature": 0.947888970375061, "farm": 0.9471340179443359}