{"apple": 0.999600350856781, "health": 0.9985910058021545, "fruit": 0.998187243938446, "nature": 0.99472975730896, "pasture": 0.9946632385253906, "juicy": 0.9942726492881775, "nutrition": 0.993759274482727, "no person": 0.993291974067688, "apple tree": 0.9928303360939026, "summer": 0.9915129542350769, "food": 0.9910318851470947, "freshness": 0.9880351424217224, "healthy": 0.9877853393554688, "delicious": 0.9872434735298157, "leaf": 0.9865938425064087, "woodlet": 0.9863429665565491, "garden": 0.983074963092804, "vitamin": 0.9794455170631409, "confection": 0.971444845199585, "juice": 0.9688003659248352}