{"weed": 0.9918246865272522, "fun": 0.9766777753829956, "child": 0.9750194549560547, "illustration": 0.956432044506073, "moon": 0.9496166706085205, "sketch": 0.9376435279846191, "movie": 0.9330312609672546, "fantasy": 0.9311323761940002, "graphic": 0.9276917576789856, "narrative": 0.9011395573616028, "vector": 0.900255024433136, "midnight": 0.8895552158355713, "art": 0.8889525532722473, "cute": 0.8845072388648987, "nature": 0.8703605532646179, "brownie": 0.8584190011024475, "sky": 0.8548410534858704, "woman": 0.8545926809310913, "hilltop": 0.8544634580612183, "funny": 0.8536720275878906}