{"agriculture": 0.9979244470596313, "leaf": 0.9941113591194153, "growth": 0.9938894510269165, "field": 0.9938058853149414, "farm": 0.9927513599395752, "flora": 0.9915280342102051, "soil": 0.989471971988678, "cereal": 0.9870157241821289, "corn": 0.9860565662384033, "nature": 0.9855265617370605, "rural": 0.984110951423645, "crop": 0.9797552824020386, "summer": 0.9665959477424622, "pasture": 0.9650104641914368, "food": 0.962552011013031, "farmland": 0.9571876525878906, "plantation": 0.9546360969543457, "landscape": 0.952280580997467, "environment": 0.9495661854743958, "cornfield": 0.9492073655128479}