{"no person": 0.9825305342674255, "snow": 0.9810799956321716, "mountain": 0.9802682399749756, "flame": 0.9762885570526123, "nature": 0.9672247767448425, "smoke": 0.957736074924469, "volcano": 0.9490092396736145, "landscape": 0.9368818998336792, "travel": 0.933212399482727, "sky": 0.9302567839622498, "outdoors": 0.9268110990524292, "bird": 0.9239793419837952, "wood": 0.9188644886016846, "tree": 0.8955134749412537, "winter": 0.8820390701293945, "rock": 0.8762154579162598, "water": 0.873756468296051, "one": 0.8479662537574768, "eruption": 0.8405770659446716, "daylight": 0.8342533111572266}