{"wheat": 0.997579038143158, "pasture": 0.9964154958724976, "barley": 0.9963138699531555, "no person": 0.9953874945640564, "straw": 0.9901519417762756, "cereal": 0.9897421598434448, "rye": 0.9879739284515381, "rural": 0.9869757294654846, "bread": 0.978150486946106, "corn": 0.9770907163619995, "flour": 0.9741283655166626, "growth": 0.9674068093299866, "ingredients": 0.9650061130523682, "nature": 0.9524665474891663, "abundance": 0.9498764872550964, "agriculture": 0.9496496915817261, "health": 0.9201068878173828, "baking": 0.907402515411377, "dry": 0.9070354700088501, "nutrition": 0.9056118130683899}