{"health": 0.994834303855896, "no person": 0.990199863910675, "nutrition": 0.9791531562805176, "juicy": 0.979152262210846, "isolated": 0.9772902727127075, "juice": 0.9657779335975647, "vitamin": 0.9458743929862976, "disjunct": 0.9341214895248413, "balanced diet": 0.9283402562141418, "delicious": 0.8971734046936035, "ingredients": 0.8834042549133301, "tropical": 0.8774467706680298, "farming": 0.8753340244293213, "summer": 0.8470386862754822, "achievement": 0.843045175075531, "game half": 0.8410701155662537, "nature": 0.8335802555084229, "food": 0.8325202465057373, "market": 0.8279383182525635, "bright": 0.8100224733352661}