{"nature": 0.9816077947616577, "summer": 0.9582785964012146, "outdoors": 0.955810010433197, "grass": 0.9537408947944641, "no person": 0.9425860047340393, "leaf": 0.9237460494041443, "sprinkler": 0.9183340668678284, "flora": 0.9171764850616455, "growth": 0.9134494066238403, "ecology": 0.912388026714325, "environment": 0.902692437171936, "H2O": 0.8657804131507874, "water": 0.8643308877944946, "irrigation": 0.8451664447784424, "wet": 0.8436841368675232, "spray": 0.8270921111106873, "vertical": 0.8264766931533813, "fair weather": 0.8205589056015015, "rain": 0.8178476095199585, "bright": 0.8170837163925171}