{"money": 0.9959501028060913, "business": 0.9957044720649719, "currency": 0.9940608143806458, "finance": 0.9880084991455078, "no person": 0.9809476137161255, "savings": 0.9786422252655029, "cash": 0.977073609828949, "paper": 0.9748926162719727, "wealth": 0.9671522974967957, "bank": 0.96645188331604, "euro": 0.9611010551452637, "commerce": 0.9502904415130615, "financial": 0.9436572194099426, "indoors": 0.9302383065223694, "stacks": 0.9161256551742554, "achievement": 0.9120522737503052, "note": 0.9036046862602234, "abundance": 0.9015723466873169, "change": 0.8869417309761047, "desktop": 0.88287353515625}