{"vehicle": 0.9954240918159485, "transportation system": 0.9950838685035706, "car": 0.9815324544906616, "road": 0.9789056777954102, "race": 0.9737739562988281, "competition": 0.9713910818099976, "action": 0.9650605320930481, "truck": 0.9434155821800232, "track": 0.9360500574111938, "drive": 0.9260045886039734, "fast": 0.91966313123703, "hurry": 0.915600061416626, "machine": 0.8945709466934204, "championship": 0.8923318982124329, "traffic": 0.8890087008476257, "street": 0.810391902923584, "outdoors": 0.7997550368309021, "no person": 0.7717825770378113, "engine": 0.7615119814872742, "travel": 0.7472155690193176}