{"outdoors": 0.9891816973686218, "nature": 0.9830288887023926, "horizontal": 0.9673576354980469, "soil": 0.964748740196228, "growth": 0.9221547245979309, "no person": 0.9198397994041443, "rock": 0.916019082069397, "flora": 0.9145761132240295, "horizontal plane": 0.9044876098632812, "vertical": 0.8815770745277405, "sand": 0.8733486533164978, "ball-shaped": 0.8708107471466064, "leaf": 0.8599289655685425, "agriculture": 0.8561055660247803, "environment": 0.848070502281189, "travel": 0.8479576706886292, "fragility": 0.8443674445152283, "survival": 0.8066095113754272, "water": 0.8050792217254639, "ground": 0.7984171509742737}