{"text": 0.9915758967399597, "cloud": 0.9652916193008423, "no person": 0.9376485347747803, "conceptual": 0.9045174717903137, "page": 0.8906221389770508, "facts": 0.8790630102157593, "education": 0.8762608170509338, "definition": 0.8519333600997925, "language": 0.8513200283050537, "book": 0.8123909831047058, "abstract": 0.8085528612136841, "business": 0.8061305284500122, "data": 0.7756071090698242, "sign": 0.7626527547836304, "disease": 0.7552828192710876, "research": 0.7552198767662048, "desktop": 0.7469874620437622, "communication": 0.7469556927680969, "promotion": 0.7468316555023193, "administration": 0.732090175151825}