{"soil": 0.9987963438034058, "ball-shaped": 0.9971746206283569, "spade": 0.9898177981376648, "no person": 0.9895297884941101, "ground": 0.9876751899719238, "growth": 0.9826681017875671, "compost": 0.9788004755973816, "mud": 0.9772904515266418, "leaf": 0.9695451259613037, "nature": 0.9522647857666016, "outdoors": 0.952034056186676, "shovelful": 0.9434622526168823, "summer": 0.92886883020401, "shovel": 0.9286674857139587, "garden": 0.9028175473213196, "trowel": 0.9023304581642151, "rake": 0.8874337077140808, "agriculture": 0.8828884363174438, "farmland": 0.8497925400733948, "stacks": 0.8467702269554138}