{"field": 0.9979179501533508, "cereal": 0.9898035526275635, "sun": 0.9859762191772461, "farm": 0.9841493964195251, "grass": 0.9840478301048279, "wheat": 0.9836516976356506, "sunset": 0.982832133769989, "rural": 0.9753227829933167, "hayfield": 0.9738267660140991, "dawn": 0.9691837430000305, "summer": 0.9678597450256348, "landscape": 0.9612571001052856, "girl": 0.9607608914375305, "country": 0.9566441774368286, "sky": 0.9528962969779968, "crop": 0.9465340375900269, "pasture": 0.9407089352607727, "countryside": 0.9403353929519653, "grassland": 0.936021089553833, "nature": 0.9355846047401428}