{"vegetable": 0.9962179064750671, "food": 0.99443119764328, "market": 0.992429792881012, "healthy": 0.990199863910675, "pasture": 0.9888428449630737, "no person": 0.9842079281806946, "health": 0.9833031296730042, "farming": 0.9812656044960022, "root": 0.9793815612792969, "agriculture": 0.9769332408905029, "grow": 0.976367175579071, "desktop": 0.9723209738731384, "fall": 0.9717644453048706, "nature": 0.9673082232475281, "farm": 0.9668253660202026, "leaf": 0.960495114326477, "cooking": 0.9576581120491028, "flora": 0.9562341570854187, "bio": 0.9517951011657715, "nutrition": 0.9492917060852051}