{"cropland": 0.9974172115325928, "no person": 0.9963183403015137, "landscape": 0.9954989552497864, "agriculture": 0.994138240814209, "grass": 0.9885815978050232, "field": 0.9847127199172974, "road": 0.982817530632019, "water": 0.9814902544021606, "outdoors": 0.979526698589325, "farm": 0.9766969680786133, "nature": 0.9714354276657104, "curve": 0.9634471535682678, "hayfield": 0.961559534072876, "grassland": 0.9607341289520264, "scenic": 0.9593032598495483, "travel": 0.9573844075202942, "countryside": 0.9521082639694214, "tree": 0.9446406364440918, "farmland": 0.9374436736106873, "river": 0.9335193634033203}