{"illustration": 0.9780271053314209, "business": 0.9614681005477905, "vector": 0.9443071484565735, "design": 0.9370014071464539, "office": 0.9280297756195068, "stripe": 0.9110031127929688, "set": 0.9106947779655457, "graphic design": 0.9045233130455017, "collection": 0.8855714201927185, "desktop": 0.8733550310134888, "no person": 0.8679688572883606, "graphic": 0.855150580406189, "picture frame": 0.8539763689041138, "downtown": 0.8538156151771545, "blank": 0.844709575176239, "paper": 0.8441508412361145, "disjunct": 0.8418849110603333, "horizontal": 0.8343173861503601, "architecture": 0.8272472620010376, "decoration": 0.8149340152740479}