{"flora": 0.9899497032165527, "field": 0.9874318838119507, "agriculture": 0.9860302805900574, "leaf": 0.9851332902908325, "frost": 0.984904944896698, "season": 0.977668285369873, "growth": 0.9730186462402344, "nature": 0.9706219434738159, "desktop": 0.9666528105735779, "farm": 0.9659610986709595, "maturation": 0.9634662866592407, "no person": 0.9553870558738708, "winter": 0.9517602324485779, "garden": 0.9432588815689087, "frozen": 0.9402524828910828, "rural": 0.9388390779495239, "snow": 0.9358083009719849, "husk": 0.9356789588928223, "outdoors": 0.931653618812561, "pasture": 0.9293065071105957}