{"outdoors": 0.9882962107658386, "sky": 0.977249264717102, "nature": 0.9747747182846069, "silhouette": 0.9709229469299316, "vertical": 0.965637743473053, "no person": 0.9578965902328491, "horizontal plane": 0.95576411485672, "dusk": 0.9393670558929443, "sunset": 0.9388593435287476, "shadow": 0.9363685846328735, "horizontal": 0.9347701668739319, "dawn": 0.925014317035675, "sun": 0.9195242524147034, "landscape": 0.9133910536766052, "tree": 0.9133290648460388, "mountain": 0.9044788479804993, "electricity": 0.8934916257858276, "dark": 0.8898628354072571, "quiet": 0.8645387291908264, "cloud": 0.8630417585372925}