{"road": 0.9818838834762573, "agriculture": 0.9793023467063904, "no person": 0.9725943803787231, "landscape": 0.9724418520927429, "soil": 0.970669150352478, "aerial": 0.9702877402305603, "farm": 0.9701333045959473, "cropland": 0.9687542915344238, "travel": 0.9682162404060364, "environment": 0.9551607966423035, "outdoors": 0.9446574449539185, "sight": 0.9330090880393982, "daylight": 0.9328378438949585, "industry": 0.9313360452651978, "field": 0.93022221326828, "water": 0.8922374844551086, "nature": 0.8872992396354675, "house": 0.8851979970932007, "production": 0.8705732822418213, "summer": 0.8672268986701965}