{"cropland": 0.9962085485458374, "agriculture": 0.9948397278785706, "no person": 0.9931734204292297, "field": 0.9827361106872559, "landscape": 0.9802172183990479, "nature": 0.9745237827301025, "grass": 0.9735738039016724, "growth": 0.9685115814208984, "farm": 0.9682093262672424, "plantation": 0.9637356996536255, "crop": 0.9630155563354492, "outdoors": 0.9547483325004578, "environment": 0.9404389262199402, "countryside": 0.9387471675872803, "summer": 0.9366365671157837, "flora": 0.9290803670883179, "garden": 0.9268203377723694, "hill": 0.926194429397583, "rural": 0.9196133613586426, "scenic": 0.9171388745307922}