{"no person": 0.9991918206214905, "kind": 0.9862485527992249, "health": 0.9808179140090942, "nutrition": 0.9627834558486938, "food": 0.9624745845794678, "ingredients": 0.9611040949821472, "many": 0.9592400789260864, "market": 0.9524704217910767, "wood": 0.9450463056564331, "delicious": 0.9414247870445251, "vitamin": 0.9399603009223938, "basket": 0.938886821269989, "abundance": 0.9372650980949402, "pasture": 0.9351944327354431, "fruit": 0.9317706227302551, "grow": 0.9315435290336609, "merchandise": 0.9259625673294067, "group": 0.9210254549980164, "rustic": 0.9129459857940674, "balanced diet": 0.9121069312095642}