{"apple": 0.9855952262878418, "health": 0.9807646870613098, "text": 0.9681817889213562, "nutrition": 0.9599332213401794, "isolated": 0.9475282430648804, "fruit": 0.9472529888153076, "weight": 0.9394806623458862, "merchandise": 0.9366194009780884, "no person": 0.9340011477470398, "creativity": 0.9273729920387268, "market": 0.9235251545906067, "juice": 0.9190683364868164, "achievement": 0.9135976433753967, "food": 0.911574125289917, "option": 0.9075967073440552, "disjunct": 0.9017170667648315, "business": 0.8900220990180969, "delicious": 0.8590827584266663, "vitamin": 0.8502233624458313, "round out": 0.8457313776016235}