{"telephone": 0.9846979975700378, "business": 0.9809339642524719, "electronics": 0.9799923300743103, "technology": 0.9749964475631714, "no person": 0.9739776849746704, "touch": 0.967898428440094, "machinery": 0.9471209645271301, "connection": 0.9432105422019958, "one": 0.9431483745574951, "indoors": 0.9336426258087158, "blur": 0.9158967733383179, "screen": 0.907249927520752, "woman": 0.8938724994659424, "family": 0.887225329875946, "hand": 0.8740889430046082, "contemporary": 0.8630847334861755, "plastic": 0.8416571021080017, "adult": 0.8413287401199341, "portable": 0.8352925777435303, "display": 0.8305249810218811}