{"grow": 0.989044189453125, "many": 0.9854466915130615, "nutrition": 0.9782509803771973, "food": 0.9770073890686035, "no person": 0.9767533540725708, "health": 0.9767149090766907, "ingredients": 0.976691722869873, "pile": 0.9518370032310486, "healthy": 0.9473426342010498, "batch": 0.9295799732208252, "dry": 0.9194180965423584, "closeup": 0.9145770072937012, "desktop": 0.9141971468925476, "abundance": 0.9124222993850708, "color": 0.9083596467971802, "market": 0.9048087000846863, "vegetable": 0.9046446681022644, "farming": 0.898593544960022, "bean": 0.8949295878410339, "still life": 0.8870604038238525}