{"currency": 0.9994226694107056, "wealth": 0.9981402158737183, "finance": 0.9972781538963318, "savings": 0.9936134219169617, "money": 0.9922387003898621, "cash": 0.9917051792144775, "investment": 0.989935576915741, "bank": 0.9893634915351868, "business": 0.9883478283882141, "horizontal": 0.9868364334106445, "debt": 0.9854501485824585, "economy": 0.9843575954437256, "abundance": 0.9815657138824463, "pay": 0.9809624552726746, "paper": 0.9798688292503357, "financial": 0.9741563200950623, "vertical": 0.972577691078186, "still life": 0.9715641140937805, "dollar": 0.9584461450576782, "number": 0.9536908864974976}