{"museum": 0.999859094619751, "exhibition": 0.9996337890625, "painting": 0.9968762397766113, "furniture": 0.996841549873352, "room": 0.9950272440910339, "mirror": 0.9841710925102234, "window": 0.9723368883132935, "interior design": 0.9658397436141968, "house": 0.9629814028739929, "indoors": 0.961510419845581, "picture frame": 0.9609426259994507, "wall": 0.9577573537826538, "inside": 0.9502455592155457, "luxury": 0.9478298425674438, "hotel": 0.9432595372200012, "sculpture": 0.9425652027130127, "landscape": 0.9310697317123413, "architecture": 0.9216055870056152, "home": 0.9215641617774963, "art": 0.9143313765525818}