{"World Wide Web": 0.9902433753013611, "stripe": 0.9886075854301453, "site": 0.9852350950241089, "label": 0.9848862290382385, "navigation": 0.9836784601211548, "menu (food)": 0.9826463460922241, "template": 0.9734097719192505, "form": 0.9702352285385132, "banner": 0.9691389799118042, "tag": 0.966965913772583, "number": 0.9659700989723206, "illustration": 0.9640325307846069, "vector": 0.9608632326126099, "set": 0.9590199589729309, "page": 0.9536561965942383, "interface": 0.9475588798522949, "login": 0.936111330986023, "design": 0.935160756111145, "user": 0.9348859190940857, "graphic": 0.9336131811141968}