{"illustration": 0.9811965227127075, "nature": 0.9470892548561096, "no person": 0.9437910914421082, "tree": 0.9215641021728516, "sketch": 0.9150132536888123, "outdoors": 0.9145728945732117, "desktop": 0.9119146466255188, "travel": 0.8961143493652344, "growth": 0.8895772695541382, "sky": 0.8800303936004639, "graphic": 0.8710499405860901, "vector": 0.8590484261512756, "summer": 0.8576145768165588, "art": 0.8557305932044983, "business": 0.8541880249977112, "leaf": 0.8497947454452515, "design": 0.8417565822601318, "landscape": 0.8250859975814819, "man": 0.8215005993843079, "paper": 0.8208028078079224}