{"outdoors": 0.9941129088401794, "agriculture": 0.9764732122421265, "soil": 0.9740579128265381, "sky": 0.9668534398078918, "horizontal plane": 0.9599751234054565, "field": 0.957740068435669, "nature": 0.9435423016548157, "vertical": 0.9381456971168518, "growth": 0.9257684946060181, "industry": 0.9207239151000977, "farm": 0.9104674458503723, "horizontal": 0.895577073097229, "road": 0.8803012371063232, "transportation system": 0.8663536906242371, "fair weather": 0.8631651997566223, "crop": 0.855054497718811, "flora": 0.8519620299339294, "quiet": 0.8377031087875366, "cloud": 0.8368299603462219, "weather": 0.8357146978378296}