{"agriculture": 0.9939855933189392, "nature": 0.977667510509491, "outdoors": 0.9708501100540161, "growth": 0.9623252153396606, "rural": 0.9598414301872253, "pasture": 0.95615154504776, "grow": 0.9499360918998718, "flora": 0.9487334489822388, "countryside": 0.9483733773231506, "leaf": 0.9443812370300293, "farm": 0.9433813095092773, "soil": 0.9429436922073364, "summer": 0.9392367601394653, "food": 0.9373576045036316, "field": 0.9316341280937195, "no person": 0.9312151670455933, "crop": 0.9151246547698975, "landscape": 0.9113414287567139, "cultivation": 0.9098390936851501, "farmland": 0.8799481987953186}