{"house": 0.9878482818603516, "barn": 0.9799913167953491, "architecture": 0.9734811782836914, "no person": 0.9721884727478027, "tree": 0.9619954228401184, "rural": 0.9582997560501099, "winter": 0.9559929966926575, "summer": 0.9524668455123901, "building": 0.9515398740768433, "countryside": 0.9461851716041565, "nature": 0.9421764612197876, "landscape": 0.9364300966262817, "family": 0.9346247911453247, "farm": 0.9333137273788452, "sky": 0.926618754863739, "agriculture": 0.9239584803581238, "Christmas": 0.9184126257896423, "traditional": 0.9176247715950012, "travel": 0.9157634973526001, "season": 0.9148058891296387}