{"presentation": 0.9679484367370605, "facts": 0.9466339349746704, "business": 0.9402374029159546, "illustration": 0.9375371336936951, "education": 0.9365059733390808, "vectors": 0.9211205244064331, "World Wide Web": 0.9144130945205688, "diagram": 0.9110522866249084, "banner": 0.9073754549026489, "layout": 0.9035532474517822, "booklet": 0.89122074842453, "page": 0.8573479652404785, "internet": 0.8565189838409424, "progress": 0.855639636516571, "vector": 0.8421676754951477, "horizontal": 0.8331493139266968, "text": 0.8192342519760132, "science": 0.8119263052940369, "template": 0.8025714159011841, "data": 0.7977389693260193}