{"business": 0.9957167506217957, "money": 0.9907928109169006, "currency": 0.9887869954109192, "wealth": 0.9866471290588379, "no person": 0.9772891402244568, "finance": 0.9764610528945923, "paper": 0.9757668375968933, "savings": 0.9740642309188843, "pay": 0.9593133330345154, "cash": 0.956406831741333, "achievement": 0.940840482711792, "shopping": 0.9367368817329407, "dollar": 0.9362468719482422, "hand": 0.9343726634979248, "stacks": 0.9316257834434509, "bank": 0.9165687561035156, "banking": 0.8961443305015564, "one": 0.8898622989654541, "commerce": 0.8812432885169983, "financial": 0.8634964227676392}