{"agriculture": 0.991156816482544, "farm": 0.9831352233886719, "tractor": 0.9816858768463135, "rural": 0.980552613735199, "machinery": 0.9804480671882629, "no person": 0.9800183176994324, "crop": 0.9731614589691162, "wheat": 0.973005473613739, "countryside": 0.9727045297622681, "field": 0.9669984579086304, "machine": 0.9669175148010254, "outdoors": 0.9666247367858887, "cereal": 0.9664452075958252, "pasture": 0.9655309319496155, "straw": 0.9561302661895752, "cropland": 0.9558604955673218, "sunset": 0.9534392356872559, "industry": 0.9524311423301697, "sky": 0.9484438896179199, "soil": 0.9443774223327637}