{"no person": 0.9979374408721924, "health": 0.9904387593269348, "delicious": 0.9768608808517456, "nutrition": 0.9612818956375122, "apple": 0.9580478072166443, "breakfast": 0.9516096115112305, "rustic": 0.9395426511764526, "wood": 0.9388518929481506, "food": 0.9360817074775696, "juicy": 0.9165563583374023, "ingredients": 0.9138889908790588, "dawn": 0.8870804309844971, "vitamin": 0.8856379985809326, "balanced diet": 0.8699405789375305, "bowl": 0.8591836094856262, "taste": 0.8526754975318909, "bright": 0.8511878848075867, "cooking": 0.8453437685966492, "fruit": 0.8425430655479431, "indoors": 0.8226678371429443}