{"bridge": 0.9956774115562439, "no person": 0.9718905687332153, "architecture": 0.9698840975761414, "suspension": 0.9680511951446533, "travel": 0.9510316848754883, "construction": 0.9444864988327026, "suspension bridge": 0.9424628019332886, "sky": 0.9352574944496155, "transportation system": 0.9199671149253845, "city": 0.918504536151886, "building": 0.9063215851783752, "gate": 0.8960266709327698, "water": 0.8942158818244934, "expression": 0.8926530480384827, "outdoors": 0.8906844854354858, "sea": 0.8722485303878784, "tower": 0.8336702585220337, "steel": 0.8285683989524841, "urban": 0.8284125328063965, "ocean": 0.8231316804885864}