{"food": 0.9938560128211975, "fruit": 0.9906870722770691, "crop": 0.9835820198059082, "closeup": 0.9796655774116516, "healthy": 0.9785994291305542, "cranberry": 0.9776161313056946, "berry": 0.977356493473053, "pasture": 0.9739019274711609, "freshness": 0.9634930491447449, "burnt umber": 0.9537092447280884, "nutrition": 0.9530244469642639, "nature": 0.951901376247406, "batch": 0.9517118334770203, "bean": 0.9499382972717285, "seed": 0.9485158920288086, "grow": 0.9464311003684998, "diet": 0.9463887214660645, "farming": 0.943918764591217, "agriculture": 0.939923882484436, "tasty": 0.9363320469856262}