{"tractor": 0.9909029603004456, "vehicle": 0.986512303352356, "machine": 0.9769182205200195, "wheel": 0.9732495546340942, "soil": 0.9673128724098206, "machinery": 0.9634379744529724, "outdoors": 0.9601224660873413, "agriculture": 0.9526178240776062, "transportation system": 0.9321021437644958, "no person": 0.9250901937484741, "equipment": 0.9234323501586914, "farm": 0.9188700318336487, "rural": 0.9100077748298645, "summer": 0.9021609425544739, "countryside": 0.8954042196273804, "pasture": 0.8929129242897034, "nature": 0.8924692869186401, "cropland": 0.879244327545166, "plow": 0.8707950115203857, "farming": 0.8552128076553345}