{"no person": 0.993729829788208, "wood": 0.9922752976417542, "delicious": 0.9665796160697937, "rustic": 0.9659994840621948, "food": 0.9641692638397217, "health": 0.9628099799156189, "fruit": 0.9589260220527649, "nutrition": 0.9528796076774597, "ingredients": 0.9524824023246765, "grow": 0.9346038699150085, "juicy": 0.9288873672485352, "pasture": 0.8944950103759766, "leaf": 0.8891655206680298, "still life": 0.8795507550239563, "round out": 0.8778831362724304, "fall": 0.8665931820869446, "traditional": 0.8591358661651611, "exotic": 0.8528670072555542, "whole": 0.8411179184913635, "table": 0.8399741649627686}