{"health": 0.9972435235977173, "nutrition": 0.9893864393234253, "ingredients": 0.9866560697555542, "juicy": 0.9861198663711548, "no person": 0.9825360774993896, "vitamin": 0.9741479158401489, "food": 0.966950535774231, "delicious": 0.9654858112335205, "isolated": 0.9596366286277771, "nature": 0.9588765501976013, "isolate": 0.9580858945846558, "disjunct": 0.9576901197433472, "cooking": 0.9470122456550598, "tomato": 0.9462224245071411, "farming": 0.9439341425895691, "leaf": 0.9426515698432922, "taste": 0.8983408212661743, "balanced diet": 0.8677330613136292, "shining": 0.8591378331184387, "pasture": 0.8555350303649902}