{"health": 0.9873266816139221, "food": 0.979172945022583, "lettuce": 0.9723235964775085, "nutrition": 0.9660212993621826, "cabbage": 0.96512770652771, "ingredients": 0.9619718194007874, "no person": 0.9582499265670776, "tomato": 0.9476057887077332, "broccoli": 0.945737898349762, "leaf": 0.9454752206802368, "kind": 0.9405380487442017, "apple": 0.9340040683746338, "cauliflower": 0.9260647892951965, "cucumber": 0.9260234236717224, "carrot": 0.9234883785247803, "grow": 0.9166146516799927, "vegetable": 0.8978127837181091, "nature": 0.8962056040763855, "lemon": 0.8941898941993713, "pepper": 0.8876504302024841}