{"no person": 0.9666778445243835, "woman": 0.9537423849105835, "illustration": 0.9512277245521545, "graphic design": 0.9469684362411499, "isolated": 0.9410685896873474, "man": 0.9364848732948303, "business": 0.9251929521560669, "fun": 0.9225783348083496, "shopping": 0.9104960560798645, "paper": 0.9018376469612122, "cute": 0.9009173512458801, "figure": 0.8896249532699585, "pretty": 0.8890990018844604, "disjunct": 0.8805139660835266, "elegant": 0.8770802021026611, "contemporary": 0.8751793503761292, "vector": 0.8679224848747253, "funny": 0.8637865781784058, "fashion": 0.8607333302497864, "love": 0.8463340997695923}