{"nature": 0.9897820949554443, "leaf": 0.9863288998603821, "lens": 0.9692999720573425, "surveillance": 0.9663771390914917, "outdoors": 0.9647557139396667, "sky": 0.9634275436401367, "summer": 0.9629178643226624, "no person": 0.9567669034004211, "equipment": 0.9330316781997681, "street": 0.9265909790992737, "flora": 0.9201673269271851, "wood": 0.9149425625801086, "technology": 0.9013888835906982, "family": 0.8967523574829102, "safety": 0.892898678779602, "grass": 0.8920202255249023, "travel": 0.88407963514328, "architecture": 0.8658472895622253, "fair weather": 0.8591263890266418, "power": 0.8589692711830139}