{"no person": 0.9881501197814941, "nature": 0.9826712012290955, "summer": 0.9814541935920715, "rural": 0.9688940048217773, "family": 0.9675042033195496, "grass": 0.957195520401001, "barn": 0.9560658931732178, "farm": 0.9398408532142639, "agriculture": 0.9384315609931946, "fence": 0.9335874319076538, "leaf": 0.9328955411911011, "house": 0.9326376914978027, "sky": 0.9311016798019409, "outdoors": 0.9262065291404724, "pasture": 0.9243015646934509, "architecture": 0.9054827094078064, "countryside": 0.9006514549255371, "farmland": 0.8895573616027832, "wood": 0.8844326734542847, "little": 0.8819567561149597}