{"speed": 0.9967092275619507, "transportation system": 0.9958367347717285, "car": 0.9934844374656677, "traffic": 0.9908552169799805, "motion": 0.9906845092773438, "illuminated": 0.9727800488471985, "hurry": 0.9711776375770569, "fast": 0.9701061844825745, "headlight": 0.9608199596405029, "road": 0.949309766292572, "horizontal plane": 0.9488800168037415, "taillight": 0.9444746971130371, "city": 0.9238068461418152, "street": 0.9101564288139343, "highway": 0.9073907732963562, "light": 0.9065927863121033, "zoom": 0.9034319519996643, "blur": 0.9031192660331726, "technology": 0.8696743249893188, "abstraction": 0.863402783870697}