{"agriculture": 0.9996275901794434, "farm": 0.9984849095344543, "field": 0.995257556438446, "flora": 0.9947827458381653, "crop": 0.9945566654205322, "growth": 0.9940714240074158, "outdoors": 0.9933481812477112, "corncob": 0.9932195544242859, "cornfield": 0.9923282265663147, "corn": 0.990160346031189, "soil": 0.986670196056366, "horizontal": 0.9861670136451721, "landscape": 0.9753002524375916, "food": 0.9693664312362671, "vegetable": 0.9662498235702515, "environment": 0.9615291357040405, "husk": 0.9613839983940125, "horizontal plane": 0.9507790803909302, "nature": 0.9443845152854919, "plantation": 0.942764163017273}