{"dollar": 0.9993042945861816, "currency": 0.9987478256225586, "wealth": 0.9982113838195801, "finance": 0.9976932406425476, "money": 0.9974961876869202, "business": 0.9959631562232971, "savings": 0.9957085847854614, "cash": 0.9951629638671875, "century": 0.9951039552688599, "bank": 0.989531397819519, "achievement": 0.9876197576522827, "investment": 0.9794191122055054, "financial": 0.9790803790092468, "abundance": 0.9755331873893738, "pay": 0.9749505519866943, "paper": 0.966171145439148, "loan": 0.9538072347640991, "isolate": 0.9513766765594482, "batch": 0.9417398571968079, "luck": 0.9411426782608032}