{"treatment": 0.959763765335083, "woman": 0.9538299441337585, "health": 0.9529731273651123, "hand": 0.949367105960846, "medicine": 0.9268404841423035, "indoors": 0.9212902784347534, "healthcare": 0.9187588095664978, "man": 0.9159308075904846, "one": 0.9089632034301758, "no person": 0.9074856042861938, "arts and crafts": 0.902155876159668, "sterile": 0.8905510306358337, "pressure": 0.8855506777763367, "family": 0.8845648765563965, "touch": 0.8822229504585266, "skin": 0.8796922564506531, "elderly": 0.873551607131958, "down to a science": 0.8675458431243896, "handmade": 0.8619316220283508, "skill": 0.8578187823295593}