{"no person": 0.9981964230537415, "nature": 0.9886779189109802, "health": 0.9785254597663879, "leaf": 0.9433343410491943, "ingredients": 0.9328505396842957, "food": 0.9225646257400513, "nutrition": 0.9207683801651001, "garden": 0.9138666987419128, "still life": 0.899926483631134, "bright": 0.8960590958595276, "delicious": 0.8769097328186035, "shining": 0.8756170272827148, "three": 0.8696262836456299, "round out": 0.8636470437049866, "wet": 0.8342787623405457, "juicy": 0.8231417536735535, "outdoors": 0.8215957283973694, "grow": 0.8100619912147522, "summer": 0.8075270056724548, "pasture": 0.7956017851829529}