{"tractor": 0.9992793202400208, "vehicle": 0.9986850619316101, "machine": 0.9974440336227417, "machinery": 0.992393970489502, "transportation system": 0.9846667051315308, "wheel": 0.9844831824302673, "soil": 0.9840158224105835, "car": 0.9729500412940979, "engine": 0.9619677662849426, "truck": 0.9583127498626709, "diesel": 0.9486184120178223, "drive": 0.9470942616462708, "driver": 0.9287339448928833, "plow": 0.9282534718513489, "equipment": 0.9188740849494934, "heavy": 0.9006631374359131, "industry": 0.8884606957435608, "power": 0.8809830546379089, "farm": 0.8678187131881714, "agriculture": 0.8666110634803772}