{"collage": 0.9779347777366638, "illustration": 0.977792501449585, "vector": 0.9737576842308044, "graphic": 0.9419944882392883, "desktop": 0.9352232217788696, "sketch": 0.9260656237602234, "isolated": 0.9193531274795532, "art": 0.9180397987365723, "man": 0.902991533279419, "set": 0.8930143713951111, "city": 0.8899176120758057, "girl": 0.8888517022132874, "no person": 0.882490336894989, "color": 0.8704183101654053, "old": 0.8698933124542236, "woman": 0.8662246465682983, "conceptual": 0.866052508354187, "design": 0.8644128441810608, "squad": 0.8509040474891663, "teamwork": 0.8485587239265442}