{"wood": 0.9585340619087219, "nature": 0.952498733997345, "desktop": 0.9293349981307983, "tree": 0.9237227439880371, "signal": 0.9168896675109863, "illustration": 0.9103612899780273, "summer": 0.909339427947998, "no person": 0.9082921743392944, "leaf": 0.8966851830482483, "outdoors": 0.8883713483810425, "art": 0.8875130414962769, "vintage": 0.8838088512420654, "garden": 0.8746212720870972, "park": 0.8743768334388733, "grass": 0.8723791837692261, "season": 0.8720405697822571, "travel": 0.8685579299926758, "color": 0.8682860732078552, "old": 0.8608094453811646, "flora": 0.8594910502433777}