{"vector": 0.9794631004333496, "fun": 0.9498485326766968, "desktop": 0.9346867799758911, "illustration": 0.9327901601791382, "retro": 0.9180699586868286, "fashion": 0.9087396860122681, "design": 0.9012506008148193, "graphic": 0.8993240594863892, "art": 0.8900613188743591, "woman": 0.8771946430206299, "girl": 0.8712934851646423, "stripe": 0.8593693971633911, "cute": 0.8587339520454407, "party": 0.8585208654403687, "man": 0.8579528331756592, "child": 0.8510443568229675, "entertainment": 0.8510181307792664, "color": 0.842194139957428, "abstract": 0.8302380442619324, "wallpaper": 0.8227376341819763}