{"text": 0.9892821311950684, "business": 0.9734711050987244, "dictionary": 0.9396954774856567, "paper": 0.9332951307296753, "definition": 0.9325231313705444, "page": 0.9213723540306091, "internet": 0.9141401648521423, "education": 0.912617564201355, "focus": 0.9121538400650024, "no person": 0.9117268323898315, "horizontal": 0.9073469638824463, "facts": 0.9031503796577454, "book": 0.8730154633522034, "communication": 0.8724287152290344, "cloud": 0.8627324104309082, "typescript": 0.853882908821106, "alphabet": 0.8487029671669006, "achievement": 0.8434820771217346, "printout": 0.8420692682266235, "language": 0.8412007689476013}