{"rice": 0.9964255690574646, "field": 0.9876261353492737, "agriculture": 0.9853476285934448, "paddy": 0.9852077960968018, "flora": 0.9827792048454285, "nature": 0.9822646379470825, "food": 0.9810903668403625, "farm": 0.9800745248794556, "crop": 0.9781017899513245, "growth": 0.9766244292259216, "rural": 0.9683927297592163, "desktop": 0.9679163694381714, "pasture": 0.9600608944892883, "cereal": 0.958143413066864, "grass": 0.9564884305000305, "plantation": 0.9560997486114502, "cultivation": 0.952254593372345, "garden": 0.9469720721244812, "leaf": 0.9287782311439514, "summer": 0.923484206199646}