{"leaf": 0.9977864027023315, "no person": 0.9966288208961487, "growth": 0.9952207207679749, "nature": 0.9921393990516663, "outdoors": 0.985101580619812, "agriculture": 0.9846983551979065, "flora": 0.9770305156707764, "blur": 0.9761850237846375, "soil": 0.9752823114395142, "little": 0.9440511465072632, "fair weather": 0.942963719367981, "summer": 0.9323115944862366, "sprout": 0.9320186972618103, "garden": 0.9168318510055542, "ground": 0.9131259918212891, "ball-shaped": 0.900538980960846, "lush": 0.8951072096824646, "grow": 0.8882330656051636, "pasture": 0.8838593363761902, "food": 0.8721050024032593}