{"health": 0.9874109625816345, "no person": 0.9873817563056946, "food": 0.9742476940155029, "ingredients": 0.964966356754303, "nutrition": 0.9624509811401367, "leaf": 0.9593673944473267, "isolate": 0.955846905708313, "lettuce": 0.9393661022186279, "nature": 0.9246610403060913, "cooking": 0.9207291603088379, "vegetable": 0.9171671271324158, "cabbage": 0.916307270526886, "tomato": 0.912449300289154, "disjunct": 0.9113532900810242, "juicy": 0.8898946642875671, "courgette": 0.8855483531951904, "freshness": 0.8792492747306824, "farming": 0.8789508938789368, "kind": 0.8702842593193054, "pimento": 0.8693345189094543}