{"horizontal": 0.9472708106040955, "World Wide Web": 0.9416354894638062, "text": 0.9319016933441162, "number": 0.9136105179786682, "abstract": 0.8938918113708496, "form": 0.872245192527771, "illustration": 0.8703997135162354, "facts": 0.8607192635536194, "presentation": 0.8407076597213745, "template": 0.8370365500450134, "cloud": 0.8360319137573242, "tag": 0.8134077787399292, "outdoors": 0.8115752935409546, "vector": 0.7987516522407532, "navigation": 0.7858948707580566, "layout": 0.7811979055404663, "research": 0.7782406210899353, "nature": 0.771170973777771, "business": 0.7674771547317505, "order": 0.7591615915298462}