{"woman": 0.9899709820747375, "indoors": 0.980185866355896, "cooperation": 0.9281271696090698, "teamwork": 0.9244142174720764, "sitting": 0.9137224555015564, "education": 0.9132372140884399, "togetherness": 0.9113937020301819, "coffee": 0.8935754299163818, "adult": 0.8820837140083313, "writing": 0.873216450214386, "adolescent": 0.8688541650772095, "man": 0.8660176396369934, "looking": 0.8639829158782959, "internet": 0.8625519871711731, "technology": 0.8612130880355835, "connection": 0.8576227426528931, "furniture": 0.8551410436630249, "computer": 0.8505457639694214, "student": 0.8250253796577454, "sit": 0.8220983743667603}