{"flame": 0.9974111914634705, "smoke": 0.9729184508323669, "art": 0.9704436659812927, "design": 0.9567685723304749, "fantasy": 0.952100932598114, "festival": 0.9507216811180115, "hot": 0.9264716506004333, "abstract": 0.9253535866737366, "party": 0.9219955801963806, "energy": 0.9125195741653442, "heat": 0.9084093570709229, "color": 0.9067685008049011, "music": 0.9055505394935608, "danger": 0.9018721580505371, "bright": 0.9008883237838745, "visuals": 0.8991568088531494, "surreal": 0.8892663717269897, "graphic": 0.8879241347312927, "artistic": 0.8847959637641907, "flash": 0.8625970482826233}