{"no person": 0.9932559728622437, "dark": 0.9830819964408875, "bright": 0.9641663432121277, "moon": 0.950370192527771, "desktop": 0.9436501264572144, "nature": 0.9314888715744019, "graphic design": 0.9250359535217285, "design": 0.9116803407669067, "space": 0.9035730957984924, "contemporary": 0.8862232565879822, "insubstantial": 0.8824068903923035, "horizontal": 0.8790580034255981, "illuminated": 0.8772124648094177, "wallpaper": 0.8677778244018555, "abstract": 0.8661788702011108, "shining": 0.8553312420845032, "vector": 0.8539665341377258, "full moon": 0.8496012091636658, "astronomy": 0.8253549933433533, "art": 0.8035784959793091}