{"currency": 0.9991045594215393, "wealth": 0.9980579018592834, "money": 0.9980424642562866, "dollar": 0.9979103207588196, "finance": 0.9974440336227417, "savings": 0.9973540306091309, "cash": 0.9970077872276306, "business": 0.9945448637008667, "bank": 0.9935544729232788, "century": 0.9920498728752136, "investment": 0.9871487021446228, "abundance": 0.9871262907981873, "achievement": 0.9866609573364258, "financial": 0.9850264191627502, "isolate": 0.9776949286460876, "tax": 0.9722697138786316, "pay": 0.9697450399398804, "income": 0.9658380746841431, "economy": 0.9564406275749207, "prosperity": 0.9563754200935364}