{"sketch": 0.9919265508651733, "illustration": 0.9872257113456726, "cute": 0.9731146097183228, "character": 0.9641947150230408, "cheerful": 0.9601666331291199, "woman": 0.9567623138427734, "girl": 0.9558854699134827, "funny": 0.9371371269226074, "art": 0.9340632557868958, "scribble": 0.915703535079956, "hand": 0.8954284191131592, "clip": 0.8883666396141052, "young": 0.8855946660041809, "beautiful": 0.8723430633544922, "skirt": 0.871731162071228, "Christmas": 0.8704590797424316, "fun": 0.8536718487739563, "joy": 0.8516777157783508, "retro": 0.8453662991523743, "fashion": 0.839008629322052}