{"agriculture": 0.9887822270393372, "leaf": 0.9754080772399902, "nature": 0.9744701981544495, "growth": 0.9742504358291626, "outdoors": 0.9676787853240967, "flora": 0.962681770324707, "farm": 0.9482570290565491, "no person": 0.9328652620315552, "field": 0.9262939691543579, "summer": 0.9136831164360046, "crop": 0.9113917350769043, "season": 0.9000347256660461, "landscape": 0.8970813155174255, "rural": 0.8932685256004333, "vine": 0.8904275298118591, "plantation": 0.8880602121353149, "pasture": 0.8815181851387024, "countryside": 0.8642043471336365, "food": 0.8603939414024353, "tree": 0.8492642641067505}