{"agriculture": 0.999285876750946, "farm": 0.9956448078155518, "soil": 0.9930896162986755, "flora": 0.9910179376602173, "crop": 0.9879274964332581, "growth": 0.9874466061592102, "field": 0.987027645111084, "outdoors": 0.9859665036201477, "cloud": 0.9664887189865112, "grow": 0.9614555239677429, "nature": 0.954276978969574, "landscape": 0.9534243941307068, "no person": 0.9515528082847595, "cropland": 0.9501514434814453, "farmland": 0.9477409720420837, "food": 0.9459265470504761, "vegetable": 0.9456082582473755, "pasture": 0.9421747922897339, "sky": 0.9244158864021301, "plantation": 0.9199932813644409}