{"no person": 0.9834007620811462, "winter": 0.9783911108970642, "snow": 0.9633241295814514, "nature": 0.9469150900840759, "cold": 0.9284461736679077, "wood": 0.8983671069145203, "fantasy": 0.882538914680481, "dark": 0.8807018995285034, "outdoors": 0.8773016929626465, "bird": 0.8764582276344299, "moon": 0.8751282095909119, "water": 0.8555909991264343, "landscape": 0.8502956628799438, "travel": 0.8430433869361877, "sky": 0.8315950036048889, "one": 0.8229255080223083, "wildlife": 0.801443338394165, "ice": 0.8002719879150391, "action": 0.7914470434188843, "art": 0.7809522747993469}