{"sketch": 0.9966793060302734, "illustration": 0.9961424469947815, "humor": 0.983954906463623, "vector": 0.9784654974937439, "funny": 0.9751079678535461, "fun": 0.9652669429779053, "cute": 0.965110719203949, "child": 0.9508406519889832, "cheerful": 0.9436265826225281, "vectors": 0.9402827024459839, "character": 0.9118223786354065, "animal": 0.9082773327827454, "graphic": 0.9009536504745483, "amusing": 0.8963707089424133, "viral vector": 0.8795086145401001, "dog": 0.8597527742385864, "smile": 0.8439466953277588, "toy": 0.8363877534866333, "man": 0.8208689093589783, "anthropomorphic": 0.8076859712600708}