{"chalk": 0.9988118410110474, "chalkboard": 0.9984447360038757, "display": 0.9875323176383972, "text": 0.9851859211921692, "handwriting": 0.9844793677330017, "education": 0.983214259147644, "writing": 0.9720109701156616, "school": 0.9632622599601746, "business": 0.9540848731994629, "classroom": 0.9382228255271912, "sign": 0.9311324954032898, "handwritten": 0.9258697628974915, "no person": 0.9154326319694519, "alphabet": 0.910625159740448, "texture": 0.9073888063430786, "letter": 0.8977761268615723, "signalise": 0.8950968980789185, "baptismal font": 0.8925978541374207, "send message": 0.8742854595184326, "lesson": 0.8673576712608337}