{"no person": 0.9970334768295288, "container": 0.9920340180397034, "still life": 0.9543163776397705, "recycling": 0.9410456418991089, "drink": 0.9328908920288086, "business": 0.9328398704528809, "indoors": 0.9106543064117432, "creativity": 0.9080087542533875, "beer": 0.9079484343528748, "cup": 0.9065139293670654, "stacks": 0.9037282466888428, "industry": 0.9024209380149841, "can": 0.8842166662216187, "coffee": 0.8778176307678223, "empty": 0.8736618757247925, "medicine": 0.8716040253639221, "chemistry": 0.8704186081886292, "stock": 0.8656930327415466, "pollution": 0.8627907037734985, "technology": 0.8407595753669739}