{"corncob": 0.9968728423118591, "corn": 0.9909682869911194, "flora": 0.9862678050994873, "leaf": 0.9803444147109985, "vector": 0.9752801656723022, "nature": 0.975095808506012, "illustration": 0.9716576337814331, "growth": 0.9677670001983643, "food": 0.9658419489860535, "agriculture": 0.9634844064712524, "no person": 0.9631178379058838, "horizontal": 0.9542169570922852, "outdoors": 0.9498118162155151, "crop": 0.9421697854995728, "popcorn": 0.9330803751945496, "desktop": 0.9316613674163818, "vegetable": 0.9203733801841736, "summer": 0.9095920324325562, "vertical": 0.9088456630706787, "pattern": 0.904298722743988}