{"no person": 0.9927008152008057, "nature": 0.9810787439346313, "flower": 0.9774073958396912, "outdoors": 0.9735230803489685, "group": 0.9685544967651367, "bird": 0.9683124423027039, "food": 0.9658212065696716, "agriculture": 0.96123206615448, "tree": 0.959184467792511, "flora": 0.9582906365394592, "downy": 0.953736424446106, "farm": 0.9519098997116089, "winter": 0.9432772397994995, "season": 0.943215548992157, "daylight": 0.9428744912147522, "leaf": 0.9324427843093872, "color": 0.9262832999229431, "medicine": 0.9245346784591675, "closeup": 0.9114502668380737, "cotton": 0.9037376046180725}