{"text": 0.9831331372261047, "abstract": 0.9553167819976807, "business": 0.9427608847618103, "horizontal": 0.9306238293647766, "illustration": 0.9268555641174316, "bill": 0.9239696860313416, "desktop": 0.9011663794517517, "card": 0.8991480469703674, "banner": 0.8959171175956726, "vector": 0.8837606906890869, "internet": 0.8813425898551941, "design": 0.8806279897689819, "pattern": 0.8734773993492126, "communication": 0.8656517863273621, "template": 0.8638793230056763, "picture frame": 0.8476583957672119, "paper": 0.8444530963897705, "technology": 0.8371366262435913, "graphic": 0.8239923715591431, "element": 0.822799563407898}