{"light": 0.9667174220085144, "no person": 0.965042769908905, "technology": 0.9171328544616699, "bright": 0.904942512512207, "shining": 0.8852049708366394, "music": 0.877670407295227, "business": 0.874059796333313, "illuminated": 0.8727102875709534, "indoors": 0.8507749438285828, "abstract": 0.8380533456802368, "performance": 0.8367350101470947, "competition": 0.8341895341873169, "science": 0.8325026631355286, "H2O": 0.8323464393615723, "dark": 0.8321413397789001, "festival": 0.8289518356323242, "blur": 0.822314977645874, "water": 0.8198674321174622, "soccer": 0.8145377039909363, "travel": 0.8085141181945801}