{"nature": 0.9895514845848083, "agriculture": 0.9837580323219299, "outdoors": 0.9806519746780396, "growth": 0.9783291816711426, "pruning": 0.9709597826004028, "soil": 0.9628998041152954, "farm": 0.9613389372825623, "leaf": 0.9556434750556946, "vineyard": 0.954864501953125, "summer": 0.953185498714447, "pasture": 0.9501463174819946, "vine": 0.9450293779373169, "man": 0.9365665912628174, "grow": 0.9260101318359375, "lifestyle": 0.921522855758667, "leisure": 0.9180796146392822, "garden": 0.9126620292663574, "flora": 0.9110080599784851, "adult": 0.9067660570144653, "crop": 0.9055377840995789}