{"agriculture": 0.9994311928749084, "cropland": 0.9976485371589661, "farm": 0.9965212345123291, "crop": 0.991841197013855, "growth": 0.9901504516601562, "row": 0.9862257242202759, "field": 0.9797872304916382, "plantation": 0.9778443574905396, "vineyard": 0.9771398901939392, "no person": 0.9752702116966248, "soil": 0.9731869697570801, "desktop": 0.969848096370697, "grow": 0.9658609628677368, "farmland": 0.9634019732475281, "nature": 0.962108850479126, "pasture": 0.9616771936416626, "flora": 0.9607178568840027, "cultivation": 0.9595222473144531, "line": 0.9525214433670044, "maturation": 0.9513794183731079}