{"woman": 0.9951403141021729, "indoors": 0.9899807572364807, "relaxation": 0.9855533242225647, "family": 0.9825952053070068, "leisure": 0.9628092050552368, "dawn": 0.953203022480011, "contemporary": 0.9518083930015564, "touch": 0.9491426348686218, "comfort": 0.9451324343681335, "love": 0.9404113292694092, "enjoyment": 0.938630223274231, "reclining": 0.9326361417770386, "pretty": 0.9294058680534363, "bed": 0.9207925796508789, "wireless": 0.9014058113098145, "affection": 0.88878333568573, "romance": 0.8879370093345642, "elegant": 0.8878016471862793, "bedroom": 0.8800243139266968, "sit": 0.8791899681091309}