{"illustration": 0.9966892600059509, "sketch": 0.9955623149871826, "cute": 0.992667019367218, "vector": 0.9895467162132263, "funny": 0.9834274649620056, "animal": 0.9686394929885864, "fun": 0.9676021933555603, "isolated": 0.9640603065490723, "child": 0.9603796601295471, "character": 0.9578692317008972, "no person": 0.9533511996269226, "graphic": 0.947414755821228, "little": 0.9305135011672974, "mascot": 0.9108936190605164, "smile": 0.908344030380249, "art": 0.900785505771637, "amusing": 0.8818022608757019, "graphic design": 0.8770840167999268, "man": 0.8748379945755005, "wildlife": 0.8748185634613037}