{"clothespin": 0.999487042427063, "laundry": 0.9978871941566467, "clothesline": 0.9928951859474182, "no person": 0.9917622804641724, "currency": 0.9912350177764893, "hanging": 0.9850060343742371, "paper": 0.981421172618866, "business": 0.9800758957862854, "money": 0.9777632355690002, "wealth": 0.9654238224029541, "savings": 0.9653578400611877, "wooden peg": 0.9571664929389954, "outdoors": 0.953594982624054, "retro": 0.9534432291984558, "achievement": 0.9508318901062012, "one": 0.9485893249511719, "finance": 0.942598283290863, "rope": 0.9421109557151794, "wood": 0.9323030114173889, "isolated": 0.9117848873138428}