{"flame": 0.9908046722412109, "art": 0.980231761932373, "fantasy": 0.9640700817108154, "smoke": 0.9168371558189392, "no person": 0.9109189510345459, "dark": 0.9089581966400146, "monster": 0.9051797986030579, "abstract": 0.9045993089675903, "danger": 0.9012742042541504, "iron": 0.8999882936477661, "desktop": 0.8970034122467041, "artistic": 0.8919215798377991, "painting": 0.890600323677063, "Satan": 0.8897538185119629, "dragon": 0.8863443732261658, "mask": 0.8784382939338684, "myth": 0.8752679228782654, "texture": 0.8589311838150024, "scary": 0.8455150127410889, "color": 0.8347018957138062}