{"no person": 0.9806818962097168, "sky": 0.9531949162483215, "transportation system": 0.9359011054039001, "power": 0.9174889326095581, "vehicle": 0.9023091197013855, "steel": 0.9003478288650513, "technology": 0.8963398337364197, "travel": 0.8720502257347107, "outdoors": 0.8684370517730713, "chrome": 0.830931544303894, "illustration": 0.8174744248390198, "desktop": 0.8125926852226257, "glazed": 0.7968418002128601, "fast": 0.7901822328567505, "modern": 0.7688536047935486, "industry": 0.7589722871780396, "isolated": 0.7515298128128052, "exploration": 0.7434797286987305, "science": 0.7290970683097839, "freedom": 0.722611665725708}