{"market": 0.9965020418167114, "cabbage": 0.9951645135879517, "kind": 0.9926310777664185, "broccoli": 0.9915940761566162, "cauliflower": 0.988000214099884, "fruit": 0.9874480366706848, "no person": 0.9859790205955505, "grape": 0.9854074120521545, "melon": 0.9854023456573486, "grow": 0.9831189513206482, "abundance": 0.9830062985420227, "eggplant": 0.9819289445877075, "pasture": 0.9812614917755127, "fall": 0.9785768389701843, "stall": 0.9776679277420044, "vegetable": 0.975059449672699, "pineapple": 0.9700920581817627, "peach": 0.9687644839286804, "pear": 0.9646821618080139, "health": 0.9639241695404053}