{"currency": 0.998379111289978, "business": 0.9970447421073914, "savings": 0.9969574213027954, "money": 0.9965897798538208, "wealth": 0.996195912361145, "finance": 0.9921621680259705, "paper": 0.9911288022994995, "pay": 0.9860026836395264, "achievement": 0.9811930656433105, "act of giving": 0.9789832830429077, "hand": 0.9606744050979614, "shopping": 0.9594534635543823, "dollar": 0.959241509437561, "bank": 0.9568542242050171, "cash": 0.9529225826263428, "generosity": 0.9507400989532471, "charity": 0.9242277145385742, "greed": 0.9219797849655151, "financial": 0.9170971512794495, "inflation": 0.9083608388900757}