{"no person": 0.998323380947113, "barn": 0.9962056875228882, "rural": 0.9945031404495239, "wood": 0.9944860339164734, "rustic": 0.9861985445022583, "outdoors": 0.9765570163726807, "summer": 0.9715474843978882, "countryside": 0.9669519662857056, "architecture": 0.9654756784439087, "family": 0.9564535021781921, "farm": 0.9528049230575562, "old": 0.9511804580688477, "house": 0.9494863152503967, "shed": 0.9473294615745544, "traditional": 0.937666654586792, "nature": 0.9322835206985474, "grass": 0.9291545748710632, "wooden": 0.9001308083534241, "barnyard": 0.8829728960990906, "agriculture": 0.8751819133758545}