{"cereal": 0.9969204664230347, "wheat": 0.9951974749565125, "crop": 0.9893665909767151, "pasture": 0.9867807030677795, "bread": 0.9814772009849548, "straw": 0.9790887236595154, "rural": 0.9789907932281494, "corn": 0.9738330841064453, "rye": 0.9681984782218933, "field": 0.9652581810951233, "barley": 0.9634668231010437, "farm": 0.9624190330505371, "agriculture": 0.9551991820335388, "seed": 0.953234851360321, "bumpkin": 0.9503963589668274, "growth": 0.9446150064468384, "flour": 0.9369044899940491, "countryside": 0.9282401204109192, "outdoors": 0.9063863158226013, "food": 0.8894700407981873}