{"knowledge": 0.9997842907905579, "education": 0.9995470643043518, "college": 0.9994499087333679, "school": 0.9992176294326782, "chalk": 0.9991256594657898, "chalkboard": 0.9984336495399475, "study": 0.997844934463501, "book": 0.9960219264030457, "classroom": 0.9956666231155396, "wisdom": 0.9927589893341064, "writing": 0.9918434023857117, "textbook": 0.9913128018379211, "university": 0.9905677437782288, "literature": 0.9875379800796509, "research": 0.9868588447570801, "no person": 0.9865198135375977, "mathematics": 0.9752748608589172, "class": 0.9728830456733704, "lesson": 0.9706559777259827, "elementary school": 0.9662359356880188}