{"cereal": 0.9938502311706543, "field": 0.9908033609390259, "growth": 0.9895806908607483, "agriculture": 0.9880977272987366, "farm": 0.9871636629104614, "pasture": 0.9862756729125977, "crop": 0.9859384894371033, "corn": 0.9858182072639465, "no person": 0.981492817401886, "rural": 0.9805265665054321, "wheat": 0.9757113456726074, "farmland": 0.968690037727356, "outdoors": 0.9608047008514404, "countryside": 0.9598776698112488, "summer": 0.9565680027008057, "nature": 0.9522517919540405, "sun": 0.9496694803237915, "grass": 0.9346709251403809, "straw": 0.9336695075035095, "soil": 0.9237666130065918}