{"business": 0.990786612033844, "technology": 0.9747637510299683, "internet": 0.9727067947387695, "computer": 0.9582077860832214, "screen": 0.9473749399185181, "telephone": 0.933707058429718, "connection": 0.9125438928604126, "data": 0.910546064376831, "laptop": 0.9030027985572815, "wireless": 0.898321807384491, "smart": 0.8769654631614685, "designing": 0.8664042949676514, "family": 0.8474737405776978, "touch": 0.8370485305786133, "office": 0.8258968591690063, "pill": 0.822633683681488, "World Wide Web": 0.8097243309020996, "electronics": 0.8070670366287231, "equipment": 0.8005695343017578, "display": 0.7920196652412415}