{"illustration": 0.9747216105461121, "fantasy": 0.9675803184509277, "dancing": 0.9415801167488098, "art": 0.9276320338249207, "moon": 0.9231111407279968, "fun": 0.904402494430542, "woman": 0.8539765477180481, "Halloween": 0.8341606259346008, "magic": 0.8329588770866394, "ancient": 0.8304751515388489, "bright": 0.8295727372169495, "fairy": 0.821790337562561, "monster": 0.7996548414230347, "design": 0.7952954769134521, "narrative": 0.7807430624961853, "vicious": 0.7748267650604248, "extraterrestrial being": 0.7719454169273376, "bill": 0.7667621374130249, "vector": 0.7648195624351501, "sketch": 0.7623221278190613}