{"paper": 0.9910141825675964, "business": 0.9899181723594666, "currency": 0.9875653386116028, "wealth": 0.9857510328292847, "savings": 0.979588508605957, "isolated": 0.9784886837005615, "money": 0.9677846431732178, "no person": 0.9555484652519226, "stacks": 0.9505481123924255, "finance": 0.94733065366745, "achievement": 0.9448636174201965, "greed": 0.9431641697883606, "hand": 0.9221045970916748, "pay": 0.9155827760696411, "shopping": 0.9074767231941223, "act of giving": 0.8973327279090881, "dollar": 0.8854740858078003, "one": 0.847027599811554, "abundance": 0.8306257128715515, "cash": 0.8273587822914124}