{"internet": 0.9947921633720398, "computer": 0.993601381778717, "technology": 0.9908795356750488, "business": 0.9869685769081116, "screen": 0.9781414866447449, "touch": 0.9654963612556458, "telephone": 0.9631055593490601, "electronics": 0.9630007147789001, "data": 0.9608951807022095, "display": 0.9505490660667419, "connection": 0.9489793181419373, "communication": 0.9487037062644958, "World Wide Web": 0.9471121430397034, "equipment": 0.9438785314559937, "network": 0.9376158714294434, "facts": 0.9127212166786194, "laptop": 0.9102738499641418, "modern": 0.9076382517814636, "wireless": 0.8986752033233643, "commerce": 0.8819628357887268}