{"health": 0.9847999811172485, "no person": 0.9781140089035034, "isolated": 0.9347046613693237, "research": 0.9273079633712769, "healthcare": 0.9243896007537842, "syringe": 0.9236757755279541, "food": 0.9199635982513428, "science": 0.9148110747337341, "medicine": 0.8888715505599976, "healthy": 0.8873860836029053, "equipment": 0.8854894042015076, "nutrition": 0.8553920388221741, "bright": 0.8475625514984131, "injection": 0.8441877365112305, "isolate": 0.8401430249214172, "desktop": 0.8322783708572388, "stranded": 0.7949061989784241, "plastic": 0.7902242541313171, "vitamin": 0.7817529439926147, "cure": 0.7521098852157593}