{"agriculture": 0.9944494962692261, "tractor": 0.9941034913063049, "vehicle": 0.9812793731689453, "cropland": 0.9810569882392883, "no person": 0.9788863658905029, "crop": 0.9640836119651794, "wood": 0.9619081020355225, "machine": 0.9593061208724976, "farm": 0.9556244611740112, "soil": 0.9541738629341125, "track": 0.9536680579185486, "car": 0.9502489566802979, "pasture": 0.9401389360427856, "grass": 0.9257281422615051, "country": 0.9239116907119751, "field": 0.923012375831604, "one": 0.9170097708702087, "summer": 0.8988955020904541, "transportation system": 0.8901534080505371, "race": 0.881843090057373}