{"market": 0.9976485371589661, "garlic": 0.9960107803344727, "food": 0.9823511838912964, "vegetable": 0.98148512840271, "no person": 0.9813541173934937, "kind": 0.9782269597053528, "clove": 0.9764310717582703, "cooking": 0.9737787246704102, "sale": 0.9731470346450806, "ingredients": 0.9668803811073303, "stall": 0.9602622389793396, "bazaar": 0.9575924873352051, "nutrition": 0.9567831754684448, "desktop": 0.9513185620307922, "health": 0.9492796659469604, "various": 0.9479066729545593, "pasture": 0.9459079504013062, "marketplace": 0.941506564617157, "shell": 0.9346162676811218, "pungent": 0.9326870441436768}