{"insect": 0.9996830224990845, "beetle": 0.9990317821502686, "nature": 0.9951587319374084, "no person": 0.99504554271698, "wildlife": 0.9932029247283936, "leaf": 0.9907900094985962, "biology": 0.9873605370521545, "outdoors": 0.9828329682350159, "ladybug": 0.9817455410957336, "zoology": 0.9772777557373047, "little": 0.9617200493812561, "entomology": 0.9544823169708252, "invertebrate": 0.9513002038002014, "tiny": 0.9510936737060547, "animal": 0.944157063961029, "flora": 0.9428250789642334, "summer": 0.9309381246566772, "antenna": 0.8912625908851624, "grass": 0.8837419748306274, "pest": 0.8475538492202759}