{"illuminated": 0.9531177878379822, "business": 0.9264898896217346, "horizontal": 0.9241103529930115, "illustration": 0.9219927191734314, "creativity": 0.9015147089958191, "technology": 0.896983802318573, "outdoors": 0.885940670967102, "vertical": 0.8813064694404602, "light": 0.8745152354240417, "communication": 0.8742267489433289, "flame": 0.8589745759963989, "text": 0.8585639595985413, "celebration": 0.8491687774658203, "desktop": 0.8405136466026306, "city": 0.8400334715843201, "dark": 0.8345441818237305, "travel": 0.8215358257293701, "danger": 0.8195849657058716, "discovery": 0.8178145289421082, "horizontal plane": 0.7815234065055847}