{"graphic design": 0.9951267242431641, "no person": 0.9878749251365662, "bright": 0.9720205068588257, "motley": 0.9568096995353699, "fun": 0.9520625472068787, "contemporary": 0.943051278591156, "design": 0.941369354724884, "shining": 0.9380288124084473, "creativity": 0.9258744716644287, "wallpaper": 0.9252690672874451, "illustration": 0.9250233173370361, "abstract": 0.9029801487922668, "love": 0.9028745889663696, "business": 0.8998725414276123, "romance": 0.8951935172080994, "retro": 0.8890169262886047, "Christmas": 0.8889612555503845, "funky": 0.8869942426681519, "round out": 0.8627995848655701, "art": 0.8578254580497742}