{"agriculture": 0.9968855977058411, "farm": 0.9932218790054321, "crop": 0.9867439270019531, "field": 0.9840046167373657, "nature": 0.9817683696746826, "growth": 0.9786686301231384, "pasture": 0.9777660369873047, "rural": 0.9768199324607849, "landscape": 0.9720640182495117, "vineyard": 0.9659551978111267, "vine": 0.962471067905426, "flora": 0.9606291055679321, "soil": 0.9585672616958618, "agronomy": 0.9547938704490662, "food": 0.9512999653816223, "outdoors": 0.9480134844779968, "maturation": 0.9425148367881775, "summer": 0.9412391781806946, "tractor": 0.9403615593910217, "grape": 0.9371164441108704}