{"education": 0.9956690073013306, "classroom": 0.9941527247428894, "sitting": 0.9922077059745789, "teamwork": 0.9859369397163391, "indoors": 0.9828795790672302, "meeting": 0.9793409109115601, "group": 0.9789668321609497, "teacher": 0.9782484769821167, "adult": 0.9775068759918213, "seminar": 0.9746004343032837, "woman": 0.966910719871521, "cooperation": 0.9666416645050049, "office": 0.9665044546127319, "school": 0.9590210318565369, "lecture": 0.9512882232666016, "desk": 0.944246768951416, "explain": 0.9437572360038757, "room": 0.9377235770225525, "league": 0.936809778213501, "brainstorming": 0.9337924718856812}