{"no person": 0.987551748752594, "food": 0.9727336764335632, "seed": 0.9710922837257385, "nutrition": 0.9629908204078674, "sack": 0.9528611302375793, "burlap": 0.9509153366088867, "ingredients": 0.9482230544090271, "pasture": 0.9477636814117432, "abundance": 0.940744161605835, "cereal": 0.9394546151161194, "health": 0.9390384554862976, "farming": 0.9369657039642334, "bag": 0.9309198260307312, "bean": 0.9101712703704834, "dry": 0.8934680223464966, "wood": 0.8869222402572632, "whole": 0.8776194453239441, "taste": 0.8720858693122864, "crop": 0.8644133806228638, "basket": 0.860651433467865}