{"cabbage": 0.9978089928627014, "leaf": 0.9977601766586304, "flora": 0.9965845346450806, "food": 0.995328426361084, "vegetable": 0.9947724938392639, "nature": 0.9918747544288635, "no person": 0.987442672252655, "freshness": 0.9869278073310852, "garden": 0.9847700595855713, "growth": 0.9820481538772583, "grow": 0.971532940864563, "leafy": 0.9714715480804443, "agriculture": 0.9547373652458191, "closeup": 0.9485107064247131, "health": 0.9221693873405457, "outdoors": 0.9194205403327942, "farm": 0.9012283086776733, "maturation": 0.9003911018371582, "pasture": 0.8998108506202698, "summer": 0.8833622932434082}