{"machinery": 0.9980740547180176, "tractor": 0.9945969581604004, "machine": 0.9799625873565674, "no person": 0.9773662090301514, "growth": 0.9648988842964172, "industry": 0.9626052379608154, "ball-shaped": 0.9463897943496704, "agriculture": 0.9331362843513489, "business": 0.9326242208480835, "heavy": 0.9300411939620972, "power": 0.9285734295845032, "outdoors": 0.9241976141929626, "soil": 0.9201399683952332, "rural": 0.919917106628418, "technology": 0.9198263883590698, "equipment": 0.8962730765342712, "work": 0.8664822578430176, "nature": 0.8365787863731384, "diesel": 0.8121731281280518, "pasture": 0.8100891709327698}