{"cute": 0.9985833168029785, "pet": 0.9955688118934631, "animal": 0.9937037825584412, "little": 0.9910351634025574, "mammal": 0.9906865954399109, "domestic": 0.990263819694519, "downy": 0.9864645004272461, "fur": 0.9819604158401489, "funny": 0.9816436171531677, "mouse": 0.9704471230506897, "rat": 0.9482775330543518, "hair": 0.9471206665039062, "mice": 0.9461926221847534, "young": 0.9421510696411133, "albino": 0.9317423701286316, "rodent": 0.926080048084259, "looking": 0.9170772433280945, "baby": 0.9094963073730469, "whisker": 0.9090228080749512, "paw": 0.9043150544166565}