{"leaf": 0.9989150762557983, "no person": 0.9936932325363159, "lettuce": 0.9928300976753235, "nature": 0.9901419281959534, "growth": 0.9900847673416138, "soil": 0.979516863822937, "flora": 0.977060079574585, "agriculture": 0.9721267223358154, "greenhouse": 0.9628450274467468, "ingredients": 0.9603288769721985, "farm": 0.9468521475791931, "vegetable": 0.9443715810775757, "pasture": 0.9442680478096008, "health": 0.9427362084388733, "garden": 0.9410256743431091, "basil": 0.9400469064712524, "summer": 0.9266662001609802, "food": 0.9004915952682495, "outdoors": 0.900184154510498, "ball-shaped": 0.8815240263938904}