{"diagram": 0.9950437545776367, "graph": 0.9931597709655762, "illustration": 0.9883633255958557, "business": 0.985315203666687, "progress": 0.9824864864349365, "graphic": 0.9696875810623169, "presentation": 0.9683637619018555, "vector": 0.9597496390342712, "written report": 0.9508926868438721, "increase": 0.9505851864814758, "vectors": 0.9498149752616882, "company": 0.9449394941329956, "finance": 0.9331572651863098, "growth": 0.9281851649284363, "data": 0.9236465692520142, "arrow": 0.9199499487876892, "desktop": 0.9186855554580688, "template": 0.9183416962623596, "statistics": 0.913704514503479, "box": 0.9122813940048218}