{"machine": 0.9920526742935181, "no person": 0.9914855360984802, "machinery": 0.9902204275131226, "tractor": 0.988013505935669, "vehicle": 0.9858384728431702, "industry": 0.9838557839393616, "agriculture": 0.9762118458747864, "equipment": 0.959465742111206, "outdoors": 0.9585303664207458, "transportation system": 0.9530516266822815, "cropland": 0.9441301822662354, "farm": 0.9354720711708069, "rural": 0.9207256436347961, "trailer": 0.9182188510894775, "pasture": 0.9109953045845032, "heavy": 0.9002941846847534, "truck": 0.8940607309341431, "farming": 0.8928562998771667, "cereal": 0.8836131691932678, "crop": 0.8465773463249207}