{"business": 0.9990770816802979, "paper": 0.997753918170929, "stacks": 0.9971940517425537, "abundance": 0.9970201849937439, "wealth": 0.9947473406791687, "money": 0.9944688081741333, "finance": 0.9941904544830322, "no person": 0.9933028221130371, "currency": 0.9923571348190308, "savings": 0.9811348915100098, "achievement": 0.9694036841392517, "pile": 0.9681756496429443, "batch": 0.959201991558075, "prosperity": 0.9228248596191406, "many": 0.9200428128242493, "shopping": 0.907965898513794, "dollar": 0.8767568469047546, "commerce": 0.8764974474906921, "pay": 0.8758155107498169, "market": 0.8682360649108887}