{"money": 0.9992250204086304, "currency": 0.9983978867530823, "wealth": 0.9965170621871948, "cash": 0.9963022470474243, "paper": 0.9955990314483643, "finance": 0.9946298599243164, "business": 0.9936888217926025, "savings": 0.9934247732162476, "bank": 0.9926018118858337, "note": 0.9913855791091919, "euro": 0.986275315284729, "financial": 0.9800859093666077, "achievement": 0.9761219024658203, "value": 0.9727397561073303, "investment": 0.9678717255592346, "banknote": 0.9625911116600037, "five": 0.9593543410301208, "passport": 0.9531350135803223, "dollar": 0.94498211145401, "economy": 0.938008189201355}