{"illustration": 0.9953233599662781, "neon": 0.9935654997825623, "abstract": 0.9912518858909607, "bright": 0.9882674813270569, "illuminated": 0.9881540536880493, "design": 0.9850825071334839, "insubstantial": 0.983301043510437, "shining": 0.9788286089897156, "desktop": 0.968582034111023, "vector": 0.9641422033309937, "dark": 0.9613760709762573, "wallpaper": 0.9562424421310425, "lightning": 0.955435574054718, "futuristic": 0.9497310519218445, "pattern": 0.944738507270813, "graphic": 0.9388482570648193, "business": 0.9303821325302124, "banner": 0.9255540370941162, "space": 0.9255276918411255, "art": 0.9252623319625854}