{"chemistry": 0.9944286346435547, "medicine": 0.9921265840530396, "research": 0.9918002486228943, "laboratory": 0.9903973340988159, "biology": 0.9879316687583923, "equipment": 0.9868958592414856, "bottle": 0.9760028719902039, "science": 0.9741709232330322, "chemical": 0.9738996624946594, "tube": 0.9732662439346313, "medical": 0.9732042551040649, "glass": 0.9709343910217285, "flask": 0.9696772694587708, "science laboratory": 0.9646258354187012, "test": 0.9579395055770874, "gloves": 0.9520008563995361, "healthcare": 0.9483287334442139, "scientist": 0.9480020999908447, "analysis": 0.9457678198814392, "sample": 0.9443106651306152}