{"no person": 0.982451856136322, "health": 0.9674763083457947, "ingredients": 0.9590080976486206, "nature": 0.9584091305732727, "leaf": 0.9519508481025696, "business": 0.9251217246055603, "parsley": 0.8816221952438354, "growth": 0.8814593553543091, "lettuce": 0.8781521320343018, "bio": 0.8772319555282593, "food": 0.8511454463005066, "flora": 0.8374149799346924, "vegetable": 0.8247513771057129, "summer": 0.8067470192909241, "cabbage": 0.7803547978401184, "vitamin": 0.7791190147399902, "freshness": 0.7734113335609436, "outdoors": 0.7664373517036438, "paper": 0.7638404965400696, "conceptual": 0.7504862546920776}