{"tractor": 0.9950336217880249, "machinery": 0.9890762567520142, "machine": 0.9843811988830566, "no person": 0.973419725894928, "soil": 0.9733471274375916, "agriculture": 0.9707961678504944, "rural": 0.967766284942627, "pasture": 0.9613257050514221, "countryside": 0.9321662783622742, "summer": 0.9320681691169739, "farm": 0.928973376750946, "outdoors": 0.9179819226264954, "ball-shaped": 0.9171545505523682, "vehicle": 0.913345992565155, "ground": 0.901645839214325, "farming": 0.8968185186386108, "nature": 0.8826493620872498, "field": 0.8730519413948059, "straw": 0.8708315491676331, "farmland": 0.8686835765838623}