{"form": 0.9959526062011719, "template": 0.9958284497261047, "page": 0.9904486536979675, "label": 0.9901612997055054, "stripe": 0.989736795425415, "banner": 0.9770107865333557, "donation": 0.971808671951294, "presentation": 0.9694594144821167, "World Wide Web": 0.9661774635314941, "menu (food)": 0.9600651860237122, "number": 0.958445131778717, "site": 0.9482021927833557, "set": 0.9459877610206604, "layout": 0.9449214339256287, "navigation": 0.941646933555603, "tag": 0.9396145343780518, "facts": 0.9358112215995789, "restaurant check": 0.9357438683509827, "heading": 0.9334972500801086, "steps": 0.931721031665802}