{"food": 0.9905799031257629, "corn": 0.9831638932228088, "no person": 0.9786686301231384, "hazelnut": 0.9747075438499451, "corncob": 0.9696876406669617, "vegetable": 0.9695672988891602, "agriculture": 0.9636436104774475, "health": 0.9634853005409241, "leaf": 0.9624317288398743, "nutrition": 0.9547938704490662, "straw": 0.9447422027587891, "closeup": 0.9445479512214661, "healthy": 0.9441882967948914, "flora": 0.9435722231864929, "nature": 0.943553626537323, "meat": 0.9370241761207581, "grow": 0.9319947361946106, "desktop": 0.9234400391578674, "summer": 0.9045602083206177, "pasture": 0.8875817656517029}