{"corn": 0.9997522234916687, "hazelnut": 0.9941933751106262, "corncob": 0.9877557754516602, "vegetable": 0.9875476360321045, "pasture": 0.9849866032600403, "food": 0.983803391456604, "cereal": 0.9836666584014893, "agriculture": 0.9811705350875854, "healthy": 0.970869779586792, "meat": 0.9663330912590027, "desktop": 0.9656043648719788, "crop": 0.9625940918922424, "grow": 0.9614047408103943, "farm": 0.9593385457992554, "health": 0.9561325907707214, "nutrition": 0.9514918327331543, "straw": 0.9497967958450317, "no person": 0.9492953419685364, "closeup": 0.9466453790664673, "wooden": 0.9379170536994934}