{"research": 0.9964943528175354, "biology": 0.993527352809906, "biochemistry": 0.9902054667472839, "chemistry": 0.9884021878242493, "test": 0.9777054190635681, "microbiology": 0.9719869494438171, "science": 0.9675381779670715, "nature": 0.9635469317436218, "laboratory": 0.9628553986549377, "science laboratory": 0.954287052154541, "scientist": 0.9536771178245544, "tube": 0.9467304348945618, "medicine": 0.945376455783844, "pharmacology": 0.9436925053596497, "glass": 0.9417432546615601, "growth": 0.9362233281135559, "leaf": 0.9353469014167786, "weed": 0.9216048717498779, "technology": 0.9194717407226562, "hand": 0.9137177467346191}