{"template": 0.9974377155303955, "layout": 0.9969795942306519, "World Wide Web": 0.996778666973114, "page": 0.9966325163841248, "presentation": 0.9955295920372009, "form": 0.9926367998123169, "booklet": 0.9879163503646851, "tag": 0.9876312613487244, "option (finance)": 0.9868019223213196, "information": 0.9828413724899292, "company": 0.9826307892799377, "text": 0.9802383184432983, "steps": 0.9780450463294983, "facts": 0.9771097302436829, "procedure": 0.9740013480186462, "stepping": 0.97379070520401, "comparability": 0.9733354449272156, "graphic": 0.9646815061569214, "sequence": 0.9555189609527588, "gradation": 0.9543770551681519}