{"no person": 0.9972986578941345, "administration": 0.9814704060554504, "outdoors": 0.9809709191322327, "architecture": 0.9796820878982544, "business": 0.9761742353439331, "contemporary": 0.9594936370849609, "soccer": 0.9415602684020996, "university": 0.9318755865097046, "building": 0.9036166667938232, "flag": 0.8913734555244446, "travel": 0.8880751729011536, "government": 0.869146466255188, "sky": 0.8560836911201477, "education": 0.8551998138427734, "patriotism": 0.8531708717346191, "museum": 0.848496675491333, "office": 0.8420956134796143, "legislature": 0.830115020275116, "modern": 0.8221775889396667, "home": 0.8084316849708557}