{"typography": 0.9639934301376343, "illustration": 0.9603424072265625, "business": 0.9558585286140442, "vectors": 0.940363883972168, "vector": 0.9343090653419495, "danger": 0.9273351430892944, "graphic design": 0.9237611889839172, "motivation": 0.9156383872032166, "achievement": 0.9105421304702759, "no person": 0.8913446664810181, "inspiration": 0.8828024864196777, "text": 0.8752890825271606, "conceptual": 0.8549667596817017, "sign": 0.841990053653717, "designing": 0.8373391032218933, "bill": 0.8111112117767334, "retro": 0.8077796697616577, "flat": 0.8076356053352356, "facts": 0.8012540936470032, "creativity": 0.7947418689727783}