{"graffiti": 0.9961109757423401, "no person": 0.988667905330658, "graphic design": 0.9835541248321533, "retro": 0.9801204800605774, "illustration": 0.9639946222305298, "vector": 0.9619821906089783, "art": 0.9465314745903015, "man": 0.9437119960784912, "design": 0.9263693690299988, "woodcut": 0.9228565096855164, "funky": 0.9190835356712341, "graphic": 0.9170101284980774, "vandalism": 0.9033122062683105, "fun": 0.8889437913894653, "artistic": 0.8726757764816284, "sketch": 0.8684064149856567, "visuals": 0.856563925743103, "creativity": 0.8476111888885498, "scribble": 0.8400287628173828, "funny": 0.8096331357955933}