{"leaf": 0.9992194175720215, "flora": 0.9958784580230713, "nature": 0.9922426342964172, "garden": 0.9895217418670654, "growth": 0.969089925289154, "agriculture": 0.9684941172599792, "no person": 0.9676603674888611, "food": 0.9668499827384949, "farm": 0.9578620195388794, "vegetable": 0.9501149654388428, "summer": 0.9460069537162781, "botanical": 0.9453814625740051, "maturation": 0.9415014982223511, "freshness": 0.9326800107955933, "environment": 0.9277387261390686, "husk": 0.9189945459365845, "outdoors": 0.9097947478294373, "greenhouse": 0.8996095657348633, "flower": 0.8888425230979919, "health": 0.8772496581077576}