{"isolated": 0.9930597543716431, "no person": 0.9912790656089783, "health": 0.9873631596565247, "apple": 0.9834780097007751, "nutrition": 0.9753406047821045, "disjunct": 0.9719781875610352, "juicy": 0.9704116582870483, "vitamin": 0.9329789876937866, "delicious": 0.9220218062400818, "balanced diet": 0.9096275568008423, "bright": 0.8877416253089905, "juice": 0.8833640813827515, "food": 0.8817720413208008, "taste": 0.8747010827064514, "fruit": 0.8678945899009705, "freshness": 0.8604148626327515, "whole": 0.8335736989974976, "achievement": 0.8172881007194519, "business": 0.8147445321083069, "round out": 0.8100745677947998}