{"template": 0.9984691739082336, "layout": 0.9977140426635742, "World Wide Web": 0.9959134459495544, "presentation": 0.9956491589546204, "banner": 0.9948887228965759, "form": 0.9913899302482605, "page": 0.9853420257568359, "label": 0.9827196598052979, "tag": 0.9788051843643188, "advertising": 0.9787328839302063, "number": 0.9769386649131775, "navigation": 0.975851833820343, "booklet": 0.9758009910583496, "sequence": 0.9738648533821106, "information": 0.9705222249031067, "promotion": 0.968877375125885, "stepping": 0.9686160087585449, "steps": 0.966141402721405, "stripe": 0.9617785811424255, "option (finance)": 0.9583845734596252}