{"sketch": 0.9947803616523743, "illustration": 0.9875775575637817, "vector": 0.9710730910301208, "no person": 0.9469758868217468, "cute": 0.9447898864746094, "nature": 0.942611813545227, "graphic": 0.9146136045455933, "child": 0.8985464572906494, "tree": 0.8969390392303467, "art": 0.896446943283081, "grass": 0.8894198536872864, "funny": 0.8892029523849487, "desktop": 0.8809790015220642, "design": 0.8806059956550598, "animal": 0.877520740032196, "fun": 0.8700238466262817, "travel": 0.8509498834609985, "leaf": 0.8419728875160217, "sky": 0.8345512747764587, "summer": 0.8344371914863586}