{"no person": 0.8851062059402466, "banner": 0.8785519599914551, "design": 0.8602765202522278, "stripe": 0.8572679758071899, "set": 0.8533003330230713, "retro": 0.8449853658676147, "menu": 0.8445473909378052, "business": 0.8330647349357605, "template": 0.8284510374069214, "travel": 0.8070262670516968, "bar": 0.7909424304962158, "label": 0.7908483147621155, "bill": 0.782759428024292, "desktop": 0.7619451880455017, "luxury": 0.7609487771987915, "vector": 0.7564563751220703, "sandbank": 0.7447812557220459, "facts": 0.7303175926208496, "neon": 0.7272575497627258, "navigation": 0.719842255115509}