{"freshness": 0.9838031530380249, "horizontal": 0.9740417003631592, "health": 0.9690908193588257, "leaf": 0.9564120769500732, "nature": 0.9492588639259338, "vertical": 0.9235501885414124, "flora": 0.9087777137756348, "growth": 0.9018874168395996, "food": 0.8999852538108826, "outdoors": 0.8948951959609985, "medicine": 0.8805176615715027, "no person": 0.8773626089096069, "indoors": 0.8713540434837341, "research": 0.8560839295387268, "fruit": 0.8426466584205627, "vegetable": 0.8399438858032227, "merchandise": 0.8188778162002563, "summer": 0.8177245259284973, "variation": 0.813414454460144, "care": 0.8075932860374451}