{"no person": 0.9954599738121033, "beet": 0.9954290390014648, "root vegetable": 0.9932083487510681, "food": 0.9897908568382263, "root": 0.9884385466575623, "pasture": 0.9869116544723511, "farming": 0.9864713549613953, "market": 0.9848151206970215, "health": 0.982146680355072, "ingredients": 0.9764326214790344, "nutrition": 0.9688742160797119, "vegetable": 0.9688395261764526, "nature": 0.9677082300186157, "leaf": 0.9656850099563599, "vitamin": 0.9629467129707336, "grow": 0.9624008536338806, "cooking": 0.9554305076599121, "fall": 0.9448992013931274, "group": 0.9234206676483154, "bio": 0.9188632965087891}