{"no person": 0.9942869544029236, "home": 0.9798973202705383, "house": 0.974454939365387, "agriculture": 0.9707167744636536, "tree": 0.9701524972915649, "outdoors": 0.9700820446014404, "cropland": 0.969523012638092, "farm": 0.9631609320640564, "garden": 0.9566962122917175, "landscape": 0.9528074264526367, "horticulture": 0.9231782555580139, "architecture": 0.9230798482894897, "flower": 0.9178430438041687, "growth": 0.9070061445236206, "nature": 0.9052137732505798, "building": 0.9019683599472046, "daylight": 0.8989253044128418, "travel": 0.8988942503929138, "grass": 0.8953419923782349, "countryside": 0.8952216506004333}