{"growth": 0.9971303343772888, "leaf": 0.9909902811050415, "flora": 0.9709550738334656, "nature": 0.9687245488166809, "no person": 0.9659951329231262, "pot": 0.9534866809844971, "bamboo": 0.9527420401573181, "maturation": 0.9108504056930542, "sprout": 0.9074114561080933, "garden": 0.905871570110321, "sapling": 0.902434229850769, "soil": 0.900004506111145, "desktop": 0.8708059787750244, "outdoors": 0.8706054091453552, "ecology": 0.8603880405426025, "wood": 0.8552047610282898, "basket": 0.8545446991920471, "little": 0.8531516194343567, "summer": 0.8452788591384888, "herbal": 0.8217318654060364}