{"touch": 0.9845729470252991, "technology": 0.9794901013374329, "internet": 0.9765365123748779, "business": 0.9755684733390808, "data": 0.9646607637405396, "computer": 0.9621991515159607, "isolated": 0.9541458487510681, "screen": 0.9540048837661743, "electronics": 0.9435961246490479, "connection": 0.9389278888702393, "telephone": 0.9239605069160461, "portable": 0.9205395579338074, "machinery": 0.919980525970459, "equipment": 0.9001765251159668, "no person": 0.8993799686431885, "facts": 0.8925451636314392, "wireless": 0.8841372132301331, "display": 0.8733082413673401, "spherical": 0.8576878905296326, "World Wide Web": 0.8459104299545288}