{"agriculture": 0.997175931930542, "soil": 0.997026264667511, "farm": 0.9958826303482056, "field": 0.9918339252471924, "farmland": 0.9908822774887085, "cropland": 0.9855756759643555, "rural": 0.9850491881370544, "plow": 0.9846274256706238, "countryside": 0.9818659424781799, "pasture": 0.9747490882873535, "landscape": 0.9724200963973999, "crop": 0.9700179100036621, "growth": 0.9664332866668701, "sky": 0.9588557481765747, "cloud": 0.9450461864471436, "nature": 0.9328946471214294, "sunset": 0.9286360144615173, "outdoors": 0.9278691411018372, "ground": 0.9037161469459534, "no person": 0.902505099773407}