{"graphic design": 0.994076132774353, "no person": 0.9923141598701477, "electronics": 0.9827455878257751, "portable": 0.9797455668449402, "touch": 0.9728163480758667, "technology": 0.9698571562767029, "telephone": 0.969779908657074, "contemporary": 0.9642482995986938, "internet": 0.9571066498756409, "business": 0.9500486850738525, "wireless": 0.9476456046104431, "machinery": 0.9413192868232727, "appliance": 0.9357239603996277, "isolated": 0.9307977557182312, "spherical": 0.9196423888206482, "facts": 0.8889294862747192, "sky": 0.8740466237068176, "connection": 0.8596997261047363, "screen": 0.8564005494117737, "designing": 0.8544533848762512}