{"tractor": 0.998791515827179, "machinery": 0.9930968880653381, "transportation system": 0.988974928855896, "vehicle": 0.9845119714736938, "wheel": 0.9786972403526306, "truck": 0.9750536680221558, "machine": 0.9688517451286316, "car": 0.9660106897354126, "engine": 0.9612142443656921, "industry": 0.9541470408439636, "diesel": 0.9199032783508301, "tire": 0.918043851852417, "bulldozer": 0.8807792067527771, "equipment": 0.8687705993652344, "driver": 0.8536331653594971, "drive": 0.8512113690376282, "agriculture": 0.851125955581665, "soil": 0.8278114199638367, "exhibition": 0.8232480883598328, "plow": 0.8210185766220093}