{"form": 0.9978061318397522, "template": 0.9977395534515381, "page": 0.9971116781234741, "layout": 0.9965928196907043, "presentation": 0.9954233765602112, "booklet": 0.9943360686302185, "steps": 0.9919809103012085, "navigation": 0.9835664629936218, "restaurant check": 0.9824763536453247, "option (finance)": 0.981878936290741, "information": 0.9774745106697083, "World Wide Web": 0.9771497845649719, "sequence": 0.976389467716217, "variant": 0.975614070892334, "banner": 0.9743413925170898, "stripe": 0.9725277423858643, "label": 0.9719948172569275, "stepping": 0.9716853499412537, "promotion": 0.9710301160812378, "tag": 0.9589673280715942}