{"machine": 0.9961423277854919, "agriculture": 0.9952736496925354, "vehicle": 0.9917184114456177, "tractor": 0.9864132404327393, "farm": 0.9862769246101379, "cropland": 0.9807620644569397, "no person": 0.9803614616394043, "industry": 0.9794315695762634, "machinery": 0.9686703681945801, "transportation system": 0.9663062691688538, "rural": 0.9637399315834045, "technology": 0.9601437449455261, "outdoors": 0.9526535272598267, "countryside": 0.9520767331123352, "field": 0.950150191783905, "equipment": 0.9481320977210999, "crop": 0.9452151656150818, "sky": 0.9345259666442871, "daylight": 0.9214159846305847, "pasture": 0.9172114729881287}