{"no person": 0.9890652894973755, "contemporary": 0.9863274097442627, "indoors": 0.9832882285118103, "empty": 0.9380471110343933, "business": 0.9355343580245972, "interior design": 0.9099489450454712, "graphic design": 0.8778576850891113, "minimalist": 0.8710240721702576, "luxury": 0.8666456341743469, "architecture": 0.8197617530822754, "clean": 0.8190219402313232, "family": 0.813145101070404, "modern": 0.7863475680351257, "glass items": 0.7704704403877258, "design": 0.7690564393997192, "paper": 0.7537537217140198, "horizontal": 0.7506958246231079, "internet": 0.7027385234832764, "designing": 0.6884756684303284, "technology": 0.6850100755691528}