{"agriculture": 0.9975494742393494, "growth": 0.9943798184394836, "farm": 0.9864184260368347, "nature": 0.9830226302146912, "outdoors": 0.9722559452056885, "no person": 0.9657765030860901, "rural": 0.9643370509147644, "summer": 0.9592788815498352, "flora": 0.9584020972251892, "field": 0.9510383605957031, "pasture": 0.9496635794639587, "sky": 0.9357752203941345, "leaf": 0.933542788028717, "crop": 0.9241058826446533, "countryside": 0.9172966480255127, "soil": 0.9162349104881287, "landscape": 0.9021252393722534, "cloud": 0.8992993831634521, "maturation": 0.89773029088974, "farmland": 0.8972303867340088}