{"triangle": 0.9991540908813477, "triangular": 0.980523407459259, "progress": 0.9780347347259521, "illustration": 0.9658058285713196, "facts": 0.9648638963699341, "business": 0.959851086139679, "origami": 0.9473150968551636, "banner": 0.9251692891120911, "graphic design": 0.922152578830719, "vector": 0.9046227335929871, "geometric": 0.9003183245658875, "shape": 0.8959304690361023, "paper": 0.8947588205337524, "graph": 0.8885934948921204, "template": 0.887105405330658, "diagram": 0.8811448216438293, "designing": 0.8748731017112732, "hierarchy": 0.8680353164672852, "data": 0.8650892972946167, "label": 0.8650475144386292}