{"business": 0.9704299569129944, "achievement": 0.9576367735862732, "outdoors": 0.955145001411438, "conceptual": 0.9339762926101685, "paper": 0.9280322790145874, "nature": 0.9257517457008362, "text": 0.902786374092102, "motivation": 0.9005982279777527, "horizontal": 0.891622006893158, "growth": 0.8776133060455322, "investment": 0.8655385971069336, "sky": 0.8624342083930969, "money": 0.847885012626648, "aid": 0.8438464403152466, "cloud": 0.8427256941795349, "inspiration": 0.8406717777252197, "finance": 0.8394688963890076, "hand": 0.8388674855232239, "future": 0.8286135792732239, "accomplishment": 0.8279340863227844}