{"tractor": 0.9967148303985596, "machinery": 0.9950376152992249, "agriculture": 0.9939888715744019, "farm": 0.9918543100357056, "straw": 0.9911984801292419, "machine": 0.9911907911300659, "crop": 0.9857760071754456, "field": 0.9833750128746033, "cereal": 0.9774420261383057, "pasture": 0.9735812544822693, "corn": 0.9735115766525269, "rural": 0.9701018929481506, "wheat": 0.9669761657714844, "industry": 0.9641748070716858, "equipment": 0.9511538147926331, "hay": 0.9374033808708191, "soil": 0.9355044960975647, "summer": 0.9320944547653198, "countryside": 0.9313990473747253, "fall": 0.9234648942947388}