{"sketch": 0.9981968998908997, "illustration": 0.9980454444885254, "funny": 0.9962106943130493, "cute": 0.9958863854408264, "vector": 0.9879822134971619, "fun": 0.987273097038269, "child": 0.9871368408203125, "no person": 0.9833208322525024, "rabbit": 0.9761046171188354, "animal": 0.9692645072937012, "infantile": 0.9629129767417908, "bunny": 0.9596095085144043, "amusing": 0.9590445160865784, "graphic": 0.9588662981987, "mascot": 0.9557139277458191, "character": 0.952261209487915, "little": 0.9454596638679504, "love": 0.9446853995323181, "art": 0.9288156628608704, "humor": 0.9278021454811096}