{"food": 0.9847127199172974, "fruit": 0.9833341240882874, "no person": 0.9778084754943848, "medicine": 0.9667853713035583, "health": 0.9613026976585388, "berry": 0.9428467154502869, "strawberry": 0.9360820055007935, "healthcare": 0.9230216145515442, "still life": 0.914132297039032, "sweet": 0.8860839605331421, "freshness": 0.852289617061615, "refreshment": 0.8447673916816711, "delicious": 0.8422428965568542, "science": 0.840588390827179, "summer": 0.8372160196304321, "nature": 0.8353867530822754, "syringe": 0.8315452933311462, "grow": 0.814946174621582, "juicy": 0.8075520992279053, "nutrition": 0.8055613040924072}