{"agriculture": 0.9987022876739502, "growth": 0.9961504936218262, "cropland": 0.9936832189559937, "farm": 0.9887688159942627, "plantation": 0.9839741587638855, "crop": 0.9829646944999695, "no person": 0.9768083095550537, "leaf": 0.9763447046279907, "pasture": 0.9740592241287231, "rural": 0.9727125763893127, "grow": 0.9711487293243408, "countryside": 0.9654454588890076, "flora": 0.9645311832427979, "vine": 0.9641125202178955, "nature": 0.9640173316001892, "food": 0.9592277407646179, "cultivation": 0.9579607844352722, "field": 0.9567135572433472, "farmland": 0.956045389175415, "outdoors": 0.9547969102859497}