{"warning": 0.9998277425765991, "caveat": 0.9990639090538025, "signalise": 0.9983561635017395, "road": 0.9981693029403687, "traffic": 0.9974357485771179, "safety": 0.9973945617675781, "danger": 0.9964085221290588, "forbidden": 0.9959359169006348, "endanger": 0.995799720287323, "signal": 0.9949718713760376, "caution": 0.9939653277397156, "sign": 0.9922422170639038, "signage": 0.9888848066329956, "transportation system": 0.9885134100914001, "highway": 0.9873968958854675, "notice": 0.9851365089416504, "text": 0.9843918085098267, "guidance": 0.981775164604187, "public notice": 0.9790720343589783, "dangerous": 0.9770997762680054}