{"business": 0.9784090518951416, "diagram": 0.9697141051292419, "progress": 0.960480272769928, "no person": 0.9561616778373718, "facts": 0.9550695419311523, "strategy": 0.9475821852684021, "internet": 0.9376088380813599, "graphic design": 0.9330148696899414, "designing": 0.9281212687492371, "graph": 0.8999724388122559, "disjunct": 0.8948201537132263, "presentation": 0.892375648021698, "order": 0.8904308080673218, "data": 0.888969898223877, "paper": 0.8777024745941162, "education": 0.8722277879714966, "World Wide Web": 0.87185138463974, "illustration": 0.8554849028587341, "corporation": 0.8398717641830444, "achievement": 0.8358219265937805}