{"underwater": 0.9989550113677979, "fish": 0.9975009560585022, "aquarium": 0.9923546314239502, "water": 0.9831318855285645, "swimming": 0.976382315158844, "coral": 0.9730311036109924, "sea": 0.9598633646965027, "ocean": 0.9548461437225342, "nature": 0.9541471600532532, "tropical": 0.9450045824050903, "diving": 0.9442979097366333, "reef": 0.9369816184043884, "dreaming": 0.9325734376907349, "art": 0.931062638759613, "kelp": 0.9286007881164551, "deep": 0.9235879182815552, "light": 0.9153894782066345, "wildlife": 0.8771413564682007, "exotic": 0.8716773390769958, "turquoise": 0.8686316609382629}