{"desktop": 0.9875367283821106, "pattern": 0.9810256361961365, "texture": 0.9741942286491394, "empty": 0.9415281414985657, "design": 0.9369761943817139, "abstract": 0.9253953695297241, "nature": 0.9115003347396851, "no person": 0.8980507850646973, "fabric": 0.8862887024879456, "line": 0.8805221915245056, "outdoors": 0.8605181574821472, "background": 0.8574610352516174, "sand": 0.8552549481391907, "rough": 0.8254503011703491, "color": 0.8230472803115845, "beach": 0.8108011484146118, "closeup": 0.8022395372390747, "summer": 0.7952491641044617, "square": 0.7949346899986267, "agriculture": 0.791578471660614}