{"corn": 0.9991675615310669, "agriculture": 0.9989820122718811, "farm": 0.9984642267227173, "pasture": 0.9959565997123718, "leaf": 0.9924823641777039, "food": 0.9922940731048584, "growth": 0.9918690919876099, "corncob": 0.9914796352386475, "grow": 0.9904897212982178, "no person": 0.9899942278862, "cereal": 0.9898523688316345, "crop": 0.9885346293449402, "hazelnut": 0.9879945516586304, "flora": 0.9812121987342834, "nature": 0.9796136617660522, "summer": 0.9789528846740723, "vegetable": 0.9781920313835144, "fodder": 0.9648312926292419, "rural": 0.9644702076911926, "outdoors": 0.9588114619255066}