{"window": 0.9700818061828613, "inside": 0.9562074542045593, "modern": 0.9551315307617188, "architecture": 0.9518985748291016, "glass items": 0.944157063961029, "indoors": 0.9334012866020203, "no person": 0.9159801006317139, "business": 0.9147536158561707, "contemporary": 0.8973174691200256, "door": 0.881056547164917, "trading floor": 0.8772718906402588, "room": 0.873193085193634, "airport": 0.8730886578559875, "luxury": 0.8714825510978699, "office": 0.8520122170448303, "table": 0.8159846067428589, "building": 0.8060010075569153, "travel": 0.8000831007957458, "chair": 0.797999382019043, "house": 0.7917855978012085}