{"gloves": 0.9831135272979736, "health": 0.9664040207862854, "no person": 0.9603725075721741, "isolated": 0.9490743279457092, "nature": 0.9322019815444946, "woman": 0.9120745658874512, "love": 0.9069421291351318, "treatment": 0.8917590379714966, "plastic": 0.8503804802894592, "sterile": 0.8457767367362976, "bright": 0.8313244581222534, "elegant": 0.8262061476707458, "romance": 0.8187789916992188, "healthcare": 0.8162887096405029, "leaf": 0.8160175085067749, "knife": 0.8048157095909119, "indoors": 0.8041895627975464, "conceptual": 0.7892893552780151, "cure": 0.7846346497535706, "blood": 0.7818275690078735}