{"technology": 0.9985950589179993, "electronics": 0.9864916205406189, "computer": 0.9832137823104858, "no person": 0.982124388217926, "equipment": 0.9816364645957947, "device": 0.9792701005935669, "telephone": 0.9789255857467651, "display": 0.9787459969520569, "connection": 0.9618436694145203, "electricity": 0.9445823431015015, "music": 0.942835807800293, "screen": 0.9424289464950562, "plastic": 0.9389352202415466, "analog": 0.9360687136650085, "tape": 0.9276676177978516, "data": 0.9250484704971313, "industry": 0.920261800289154, "control": 0.9129734039306641, "voltage": 0.9048117399215698, "number": 0.9041876196861267}