{"ingredients": 0.9896134734153748, "health": 0.988923192024231, "no person": 0.9863209128379822, "juicy": 0.9827394485473633, "nutrition": 0.9780206084251404, "farming": 0.9714818596839905, "cooking": 0.9685317873954773, "shining": 0.9641982913017273, "delicious": 0.9578129053115845, "food": 0.9501674175262451, "leaf": 0.9282570481300354, "tomato": 0.9252004027366638, "round out": 0.9184665679931641, "vitamin": 0.8996057510375977, "bright": 0.8878860473632812, "disjunct": 0.8865673542022705, "taste": 0.876342236995697, "vegetable": 0.8728117942810059, "pasture": 0.8624721169471741, "whole": 0.8487433791160583}