{"art": 0.9922594428062439, "painting": 0.9868773221969604, "visuals": 0.9747124314308167, "artistic": 0.9691159725189209, "pattern": 0.9686846137046814, "abstract": 0.9626988172531128, "creativity": 0.9597072601318359, "bright": 0.9564646482467651, "color": 0.9528375267982483, "illustration": 0.9502925872802734, "design": 0.9495483040809631, "texture": 0.9443764686584473, "canvas": 0.939950704574585, "desktop": 0.9296495318412781, "image": 0.926120400428772, "wallpaper": 0.8984667062759399, "no person": 0.886764645576477, "motley": 0.8670089244842529, "nature": 0.8668666481971741, "configuration": 0.8660688996315002}