{"no person": 0.9722922444343567, "landscape": 0.9439200162887573, "water": 0.9401457905769348, "outdoors": 0.9231926202774048, "road": 0.9230156540870667, "steel": 0.9225717186927795, "sky": 0.9220862984657288, "travel": 0.9137183427810669, "environment": 0.9106117486953735, "industry": 0.9083134531974792, "iron": 0.8999177813529968, "power": 0.899700939655304, "nature": 0.8968580961227417, "police": 0.8729409575462341, "war": 0.8676174879074097, "transportation system": 0.862436830997467, "park": 0.8620014786720276, "danger": 0.8560724854469299, "rust": 0.8395652174949646, "summer": 0.827984094619751}