{"indoors": 0.995599627494812, "room": 0.995151162147522, "furniture": 0.994117021560669, "contemporary": 0.9835253953933716, "inside": 0.9796080589294434, "table": 0.9775091409683228, "trading floor": 0.9720227718353271, "seat": 0.965125322341919, "desk": 0.958488404750824, "chair": 0.9553260207176208, "interior design": 0.9549146294593811, "sofa": 0.9387685060501099, "window": 0.9338966608047485, "modern": 0.9317513704299927, "ceiling": 0.9172319173812866, "empty": 0.912682294845581, "luxury": 0.8821154236793518, "spacious": 0.8699305653572083, "office": 0.8545021414756775, "comfort": 0.8541555404663086}