{"nature": 0.9753598570823669, "horizontal": 0.9739130139350891, "no person": 0.9724905490875244, "disjunct": 0.955068051815033, "leaf": 0.9402449727058411, "paper": 0.9275052547454834, "isolated": 0.9240719676017761, "health": 0.8990227580070496, "growth": 0.8783687949180603, "illustration": 0.8662099838256836, "flora": 0.8533885478973389, "simplicity": 0.851142942905426, "vector": 0.8446454405784607, "business": 0.8442869186401367, "art": 0.8043253421783447, "sign": 0.7875710725784302, "freshness": 0.7853020429611206, "stranded": 0.76924067735672, "summer": 0.7674515247344971, "creativity": 0.7644079923629761}