{"research": 0.9969168901443481, "chemistry": 0.9953757524490356, "science": 0.9947353005409241, "biology": 0.9945471286773682, "microbiology": 0.9920622110366821, "laboratory": 0.9908430576324463, "health": 0.9882821440696716, "healthcare": 0.9882787466049194, "microscope": 0.9863596558570862, "medicine": 0.9863539338111877, "biochemistry": 0.9791725277900696, "scientist": 0.9781773090362549, "discovery": 0.9769445061683655, "gloves": 0.969701886177063, "scientific": 0.9664104580879211, "pharmacology": 0.963502049446106, "test": 0.9616105556488037, "medical": 0.9567230343818665, "equipment": 0.9539637565612793, "woman": 0.9444550275802612}