{"savings": 0.9985155463218689, "currency": 0.998063862323761, "no person": 0.9980294108390808, "stacks": 0.9975852966308594, "wealth": 0.9966278672218323, "money": 0.9936378598213196, "pay": 0.9881117343902588, "achievement": 0.9877249598503113, "business": 0.9877151846885681, "copper": 0.9842197299003601, "isolated": 0.980995237827301, "finance": 0.9799046516418457, "change": 0.97700434923172, "glazed": 0.9746969938278198, "growth": 0.9663044810295105, "luck": 0.9563775062561035, "bank": 0.9498940110206604, "isolate": 0.9386098980903625, "investment": 0.9268831014633179, "cash": 0.9185289740562439}