{"classroom": 0.9998815059661865, "class": 0.9992076754570007, "education": 0.9989629983901978, "school": 0.9986955523490906, "elementary school": 0.9967823028564453, "teacher": 0.9961548447608948, "knowledge": 0.9870752692222595, "lecture": 0.9863698482513428, "lesson": 0.9857717156410217, "college": 0.9810494184494019, "indoors": 0.9809484481811523, "university": 0.9801343083381653, "child": 0.9795745015144348, "sitting": 0.9761289358139038, "adult": 0.9751513600349426, "woman": 0.9656439423561096, "schoolgirl": 0.9537739753723145, "man": 0.9519911408424377, "student": 0.9483157992362976, "desk": 0.9454420804977417}