{"corn": 0.9907633662223816, "illustration": 0.9864588379859924, "corncob": 0.9830265641212463, "desktop": 0.9659888744354248, "popcorn": 0.9652302861213684, "nature": 0.9556984901428223, "vector": 0.9535633325576782, "health": 0.9503799080848694, "disjunct": 0.9359716176986694, "food": 0.9335306286811829, "bill": 0.9333634972572327, "vectors": 0.9146026968955994, "summer": 0.9005749225616455, "vegetable": 0.895880937576294, "graphic": 0.8913368582725525, "text": 0.8897940516471863, "viral vector": 0.870137631893158, "no person": 0.8650717735290527, "energy": 0.8608112335205078, "isolate": 0.8544406890869141}