{"no person": 0.9948198199272156, "ingredients": 0.9911805987358093, "vegetable": 0.9892576336860657, "health": 0.9856589436531067, "parsley": 0.9855850338935852, "food": 0.9834415316581726, "cooking": 0.9765560030937195, "leaf": 0.9757850170135498, "knife": 0.9617681503295898, "healthy": 0.960418701171875, "nature": 0.9358470439910889, "flora": 0.9347497820854187, "wood": 0.9288439750671387, "vitamin": 0.9269079566001892, "grow": 0.9246295094490051, "nutrition": 0.9232041835784912, "freshness": 0.913401186466217, "farming": 0.9037219285964966, "cabbage": 0.9030616879463196, "kind": 0.8969418406486511}