{"health": 0.9887039065361023, "syringe": 0.9863155484199524, "medicine": 0.9767343997955322, "food": 0.9686463475227356, "science": 0.9577150344848633, "research": 0.9536855816841125, "laboratory": 0.9419010281562805, "equipment": 0.9398199319839478, "healthcare": 0.939050018787384, "no person": 0.9250475764274597, "injection": 0.9079805612564087, "horizontal": 0.8968754410743713, "chemistry": 0.8903578519821167, "treatment": 0.8825241327285767, "needle": 0.8788090944290161, "hypodermic": 0.8759531378746033, "plastic": 0.8604307770729065, "nutrition": 0.8573843240737915, "biology": 0.8431577086448669, "freshness": 0.8351987600326538}