{"no person": 0.9952670335769653, "administration": 0.9945464134216309, "architecture": 0.9936517477035522, "Capital": 0.9903181791305542, "Congress": 0.9879300594329834, "outdoors": 0.9850497841835022, "capitol": 0.9845432639122009, "dome": 0.9718485474586487, "legislature": 0.970931351184845, "travel": 0.9707956314086914, "federal": 0.957471489906311, "rotunda": 0.9420916438102722, "sky": 0.9315037727355957, "building": 0.9300552010536194, "senate": 0.9243867993354797, "authority": 0.920013427734375, "neoclassical": 0.919560432434082, "law": 0.91283118724823, "unity": 0.8974903225898743, "city": 0.8953181505203247}