{"agriculture": 0.9970645308494568, "growth": 0.9893655776977539, "farm": 0.9888089299201965, "field": 0.9855964779853821, "soil": 0.9826712012290955, "flora": 0.9785027503967285, "nature": 0.9715121388435364, "rural": 0.9703832268714905, "farmland": 0.9701864123344421, "leaf": 0.9688279032707214, "plantation": 0.9678263664245605, "crop": 0.9674108624458313, "pasture": 0.9670541882514954, "no person": 0.9669129252433777, "summer": 0.9602014422416687, "landscape": 0.9547749757766724, "row": 0.94358229637146, "season": 0.9393873810768127, "food": 0.9270286560058594, "countryside": 0.9248337149620056}