{"technology": 0.9683142304420471, "no person": 0.946502149105072, "data": 0.9434142112731934, "desktop": 0.9411633610725403, "facts": 0.934053361415863, "computer": 0.9242483973503113, "number": 0.9135890007019043, "business": 0.9103766083717346, "display": 0.8985812067985535, "internet": 0.8962494730949402, "graphic": 0.8957492113113403, "screen": 0.8784231543540955, "network": 0.8585972189903259, "science": 0.8549533486366272, "abstract": 0.8505443930625916, "connection": 0.8469007611274719, "industry": 0.8308299779891968, "perspective": 0.8239033818244934, "signalise": 0.8153802156448364, "text": 0.793902575969696}