{"education": 0.9982494711875916, "school": 0.9899395108222961, "classroom": 0.9853860139846802, "child": 0.9774930477142334, "writing": 0.9771642088890076, "concentration": 0.9767107367515564, "indoors": 0.9697405695915222, "teacher": 0.968502402305603, "woman": 0.9647179245948792, "adolescent": 0.9553064703941345, "class": 0.9546521902084351, "room": 0.9543454647064209, "furniture": 0.9510151743888855, "group": 0.9461575150489807, "sitting": 0.9414190053939819, "adult": 0.935390055179596, "cooperation": 0.9352432489395142, "elementary school": 0.9339801669120789, "desk": 0.9315207600593567, "togetherness": 0.9269906282424927}