{"connection": 0.9933745265007019, "internet": 0.9888933300971985, "technology": 0.9840670824050903, "computer": 0.9741877317428589, "business": 0.9686910510063171, "spherical": 0.9670179486274719, "pill": 0.9654753804206848, "screen": 0.9650524258613586, "wireless": 0.9610977172851562, "communication": 0.9567169547080994, "designing": 0.9544748067855835, "touch": 0.9531227946281433, "telephone": 0.9487985372543335, "data": 0.947830080986023, "laptop": 0.9464170336723328, "network": 0.9345998764038086, "no person": 0.9341081380844116, "portable": 0.9303296208381653, "email": 0.9282915592193604, "electronics": 0.9279944896697998}