{"illustration": 0.9964234232902527, "sketch": 0.9690690636634827, "art": 0.9619118571281433, "vector": 0.945933997631073, "vertical": 0.9265584349632263, "food": 0.8954383730888367, "horizontal": 0.8918747305870056, "monster": 0.8851426243782043, "animal": 0.875277042388916, "vegetable": 0.8678543567657471, "corn": 0.8629977107048035, "Halloween": 0.8538044095039368, "pattern": 0.8515403270721436, "outdoors": 0.8449628949165344, "design": 0.8421275019645691, "corncob": 0.836564838886261, "nature": 0.8179774880409241, "humor": 0.7743104100227356, "no person": 0.7704629302024841, "desktop": 0.7693562507629395}