{"agriculture": 0.9987634420394897, "plow": 0.9972449541091919, "cropland": 0.9963009357452393, "tractor": 0.9962425231933594, "soil": 0.9947761297225952, "farm": 0.9934461712837219, "field": 0.9926540851593018, "crop": 0.9919740557670593, "farmland": 0.9898800849914551, "rural": 0.9853076934814453, "no person": 0.9825249910354614, "pasture": 0.9809561371803284, "growth": 0.9798582792282104, "landscape": 0.9782044887542725, "countryside": 0.9764500260353088, "agronomy": 0.9672597050666809, "ball-shaped": 0.9672503471374512, "country": 0.9670559763908386, "furrow": 0.9601156115531921, "machine": 0.9545985460281372}