{"horizontal": 0.978935718536377, "blur": 0.9700562357902527, "no person": 0.9659537672996521, "business": 0.9647921323776245, "outdoors": 0.9519860744476318, "danger": 0.9409944415092468, "illuminated": 0.939298689365387, "indoors": 0.9279701709747314, "focus": 0.9229999780654907, "street": 0.9221252799034119, "safety": 0.9117867946624756, "traffic": 0.906059741973877, "detail": 0.9037838578224182, "signalise": 0.8980705738067627, "vertical": 0.8909154534339905, "competition": 0.8900836706161499, "travel": 0.8835465908050537, "law": 0.8809890747070312, "offense": 0.8791388869285583, "banking": 0.8773809671401978}