{"water": 0.9906327724456787, "nature": 0.9870676398277283, "rock": 0.9834465384483337, "landscape": 0.958855390548706, "river": 0.9571881890296936, "art": 0.9452806711196899, "no person": 0.9374465346336365, "cold": 0.9321841597557068, "park": 0.9082005620002747, "mountain": 0.9033602476119995, "ice": 0.8964996337890625, "stone": 0.8957346677780151, "outdoors": 0.893519937992096, "reflection": 0.8928281664848328, "smoke": 0.8901427984237671, "scenery": 0.8873755931854248, "beautiful": 0.8813836574554443, "tree": 0.8748061656951904, "waterfall": 0.8730704188346863, "wood": 0.868312656879425}