{"light": 0.9907861948013306, "fountain": 0.9835531711578369, "no person": 0.9777753949165344, "flame": 0.9704157114028931, "travel": 0.96845543384552, "Christmas": 0.965612530708313, "illuminated": 0.9652023911476135, "festival": 0.9649604558944702, "city": 0.960825502872467, "evening": 0.9573907256126404, "water": 0.932815670967102, "architecture": 0.9294611215591431, "candle": 0.9291691780090332, "celebration": 0.9255199432373047, "reflection": 0.9232544898986816, "performance": 0.9192220568656921, "hotel": 0.915582001209259, "outdoors": 0.8771771192550659, "color": 0.8712161183357239, "building": 0.8557600975036621}