{"no person": 0.9936324954032898, "food": 0.9902598261833191, "pepper": 0.9716830849647522, "garlic": 0.9663447737693787, "vegetable": 0.9643173217773438, "health": 0.9585498571395874, "ingredients": 0.9511151313781738, "bowl": 0.9437551498413086, "cooking": 0.9389475584030151, "table": 0.9298757314682007, "grow": 0.9283048510551453, "healthy": 0.9251794815063477, "nutrition": 0.9134982824325562, "parsley": 0.911918044090271, "still life": 0.9088215231895447, "tomato": 0.9038332104682922, "freshness": 0.8936457633972168, "wood": 0.8880131244659424, "spice": 0.8839472532272339, "kind": 0.8827757239341736}