{"basket": 0.9904402494430542, "food": 0.9791849851608276, "nature": 0.9726386070251465, "flora": 0.9714988470077515, "vegetable": 0.9690980911254883, "herb": 0.9664381742477417, "desktop": 0.9664181470870972, "leaf": 0.9637126922607422, "market": 0.9563137292861938, "pasture": 0.9436290264129639, "healthy": 0.9350049495697021, "farm": 0.933983564376831, "traditional": 0.9268239736557007, "color": 0.9253389239311218, "summer": 0.9177165031433105, "cooking": 0.9068436026573181, "outdoors": 0.9049426317214966, "flower": 0.8950684070587158, "season": 0.8898314833641052, "garden": 0.8850324153900146}