{"tractor": 0.9810253977775574, "agriculture": 0.9649993181228638, "machinery": 0.9611861705780029, "summer": 0.9607305526733398, "no person": 0.9594866037368774, "grass": 0.9575318098068237, "soil": 0.9552536010742188, "rural": 0.9541605114936829, "farm": 0.9531335234642029, "machine": 0.9531099200248718, "wheel": 0.9525653719902039, "pasture": 0.9488747715950012, "equipment": 0.9427739977836609, "field": 0.918792724609375, "countryside": 0.9124734997749329, "vehicle": 0.9026689529418945, "farmland": 0.8824698328971863, "outdoors": 0.8763733506202698, "nature": 0.8716914653778076, "ground": 0.8185466527938843}