{"industry": 0.9869645237922668, "railway": 0.9807512760162354, "vehicle": 0.9805631637573242, "transportation system": 0.9758867025375366, "mine": 0.9757589101791382, "train": 0.9727544188499451, "no person": 0.9593937397003174, "water": 0.9548100829124451, "winter": 0.9506001472473145, "locomotive": 0.9494997262954712, "landscape": 0.9487082362174988, "road": 0.9372616410255432, "pollution": 0.9347583055496216, "travel": 0.9245461821556091, "calamity": 0.9229828119277954, "environment": 0.9125412106513977, "crane bird": 0.9044806957244873, "storm": 0.9005566835403442, "machine": 0.900503396987915, "bridge": 0.895381510257721}