{"vegetable": 0.9765107035636902, "food": 0.9666296243667603, "cereal": 0.9637826681137085, "legume": 0.9555554389953613, "health": 0.9553189277648926, "nutrition": 0.9479960203170776, "grow": 0.9450702667236328, "bean": 0.9412518739700317, "farming": 0.9403027296066284, "seed": 0.9375383257865906, "healthy": 0.9361506104469299, "pasture": 0.9225300550460815, "ingredients": 0.9217644929885864, "dry": 0.9159938097000122, "pulse": 0.912449300289154, "desktop": 0.9111707806587219, "cooking": 0.9040699005126953, "closeup": 0.9014536142349243, "pea": 0.8734261393547058, "wood": 0.867252767086029}