{"cropland": 0.9961647987365723, "agriculture": 0.9953065514564514, "landscape": 0.992522656917572, "field": 0.9874338507652283, "no person": 0.9870140552520752, "countryside": 0.9841277003288269, "farm": 0.9826818704605103, "wheat": 0.9826578497886658, "rural": 0.9826566576957703, "crop": 0.9769220352172852, "cereal": 0.9664871692657471, "pasture": 0.9631038904190063, "nature": 0.9581186771392822, "outdoors": 0.951836884021759, "country": 0.9496527910232544, "growth": 0.9411967396736145, "sky": 0.9385718703269958, "scenic": 0.9295864105224609, "soil": 0.9286451935768127, "gold": 0.9277057647705078}