{"wheat": 0.9985993504524231, "cereal": 0.9979475140571594, "rye": 0.9947250485420227, "straw": 0.9941083192825317, "pasture": 0.9935518503189087, "rural": 0.992301344871521, "bread": 0.991787850856781, "corn": 0.9901542067527771, "barley": 0.9887968301773071, "sun": 0.9804377555847168, "farmland": 0.9770835041999817, "field": 0.9770466685295105, "growth": 0.9692213535308838, "fair weather": 0.968298614025116, "gold": 0.9667977094650269, "crop": 0.9662261009216309, "countryside": 0.9637731313705444, "seed": 0.9586631059646606, "flour": 0.9511303305625916, "no person": 0.9498327970504761}