{"corn": 0.9998843669891357, "hazelnut": 0.998653769493103, "corncob": 0.9970256686210632, "popcorn": 0.9926912188529968, "straw": 0.9904160499572754, "meat": 0.9895861744880676, "pasture": 0.9799048900604248, "agriculture": 0.9704042673110962, "vegetable": 0.9698083996772766, "health": 0.9697712063789368, "healthy": 0.9696522355079651, "gold": 0.9652606248855591, "food": 0.9626609086990356, "crop": 0.9607381224632263, "cereal": 0.9571910500526428, "nutrition": 0.9524811506271362, "desktop": 0.9438434839248657, "closeup": 0.9428501725196838, "labyrinth": 0.9419016242027283, "confection": 0.9322009682655334}