{"scribble": 0.9864888787269592, "text": 0.9734520316123962, "illustration": 0.9516410231590271, "chalk out": 0.9463759064674377, "handwritten": 0.9369733333587646, "handwriting": 0.8914063572883606, "desktop": 0.8864774107933044, "hand": 0.8850432634353638, "no person": 0.8831706047058105, "education": 0.8807089924812317, "design": 0.8764773607254028, "letter": 0.8744491338729858, "funny": 0.8703842759132385, "business": 0.870347797870636, "art": 0.8694029450416565, "visuals": 0.867850124835968, "typography": 0.8501166701316833, "composition": 0.8336488008499146, "baptismal font": 0.8330919742584229, "alphabet": 0.8313297629356384}