{"no person": 0.9869203567504883, "vintage": 0.946190595626831, "transportation system": 0.9453237056732178, "vehicle": 0.9302980303764343, "rural": 0.9283843636512756, "nostalgia": 0.924172043800354, "wheel": 0.9215751886367798, "retro": 0.9170488715171814, "machinery": 0.9087247252464294, "old": 0.9080629944801331, "rustic": 0.907980740070343, "antique": 0.9060895442962646, "wagon": 0.8977823257446289, "outdoors": 0.8817102313041687, "tractor": 0.8683090806007385, "countryside": 0.8642176389694214, "hay": 0.8383483290672302, "obsolete": 0.835724413394928, "equipment": 0.8291480541229248, "machine": 0.8126213550567627}