{"corn": 0.9983225464820862, "hazelnut": 0.9868205189704895, "food": 0.9842719435691833, "corncob": 0.983134388923645, "straw": 0.9758484363555908, "desktop": 0.9703519344329834, "vegetable": 0.9694013595581055, "healthy": 0.9535938501358032, "agriculture": 0.9485689401626587, "pasture": 0.9482744932174683, "crop": 0.9376809597015381, "nutrition": 0.9360601902008057, "meat": 0.923080325126648, "health": 0.9154964685440063, "confection": 0.9153182506561279, "grow": 0.91083163022995, "summer": 0.9105951189994812, "closeup": 0.9061833620071411, "no person": 0.8974803686141968, "color": 0.8828737139701843}