{"no person": 0.9875895977020264, "vector": 0.9621890783309937, "desktop": 0.9565715193748474, "graphic design": 0.9422928094863892, "design": 0.9353563785552979, "horizontal": 0.9168339371681213, "business": 0.9149093627929688, "pattern": 0.9128124117851257, "picture frame": 0.9050750732421875, "disjunct": 0.9047296643257141, "dark": 0.9044739603996277, "margin": 0.8896687030792236, "illustration": 0.882810115814209, "empty": 0.8823457360267639, "equipment": 0.8814088702201843, "decoration": 0.8669659495353699, "line": 0.8534035682678223, "nature": 0.8415453433990479, "retro": 0.8401502370834351, "stripe": 0.8080673217773438}