{"touch": 0.9800391793251038, "internet": 0.971438467502594, "hand": 0.9641323685646057, "World Wide Web": 0.9380658864974976, "connection": 0.9332356452941895, "desktop": 0.931175708770752, "technology": 0.9298234581947327, "future": 0.9287909865379333, "human": 0.9170675873756409, "virtual": 0.9071511626243591, "person": 0.9026188254356384, "business": 0.8876441121101379, "spherical": 0.8772186040878296, "futuristic": 0.8666823506355286, "screen": 0.8602668046951294, "modern": 0.8586612939834595, "computer": 0.8484726548194885, "thumb through": 0.8434082269668579, "woman": 0.8370538353919983, "facts": 0.8363340497016907}