{"map": 0.9996017813682556, "cartography": 0.9981269240379333, "geography": 0.99472975730896, "graph": 0.9860259890556335, "illustration": 0.983486533164978, "atlas": 0.9773637056350708, "Continent": 0.969337522983551, "ball-shaped": 0.9680482745170593, "topography": 0.9675033092498779, "vector": 0.9496875405311584, "facts": 0.9486448168754578, "margin": 0.9392319321632385, "travel": 0.9326727390289307, "country": 0.9229061603546143, "location": 0.9129283428192139, "latitude (geography)": 0.9093450307846069, "science": 0.9071317315101624, "outline": 0.9026674032211304, "guidance": 0.9026030898094177, "desktop": 0.8977369666099548}