{"bright": 0.985154926776886, "fun": 0.9692813754081726, "music": 0.9406622648239136, "dancing": 0.9394431114196777, "design": 0.9339368939399719, "no person": 0.9274410605430603, "confetti": 0.9266206622123718, "nightlife": 0.92371666431427, "motley": 0.8689418435096741, "shining": 0.8632570505142212, "entertainment": 0.8566827774047852, "illustration": 0.8515647649765015, "creativity": 0.8505749106407166, "bizarre": 0.846051037311554, "light": 0.8453362584114075, "carousel": 0.8380254507064819, "casino": 0.8237273097038269, "disco": 0.8044575452804565, "technology": 0.800613284111023, "Christmas": 0.7988368272781372}