{"art": 0.9834926128387451, "abstract": 0.9808850884437561, "illustration": 0.9748799204826355, "pattern": 0.973777711391449, "creativity": 0.9621893167495728, "desktop": 0.9579184651374817, "artistic": 0.9534481167793274, "color": 0.9531590342521667, "design": 0.9514496326446533, "painting": 0.9494670629501343, "nature": 0.9487645626068115, "texture": 0.9473347067832947, "no person": 0.9436193704605103, "bright": 0.9293161630630493, "water": 0.928631603717804, "image": 0.9187648892402649, "sea": 0.9139288067817688, "shape": 0.8890824913978577, "wallpaper": 0.8791125416755676, "graphic": 0.8703320026397705}