{"currency": 0.9999490976333618, "money": 0.9998593330383301, "dollar": 0.9998353719711304, "cash": 0.9998111128807068, "wealth": 0.9995896220207214, "savings": 0.9995158910751343, "bank": 0.9989330172538757, "finance": 0.9989299178123474, "achievement": 0.9982842803001404, "business": 0.9977454543113708, "investment": 0.9975479245185852, "century": 0.9975188970565796, "loan": 0.9967716336250305, "monetary": 0.9956632256507874, "banknote": 0.9955297112464905, "debt": 0.9929215312004089, "economy": 0.9919283390045166, "greed": 0.9919198751449585, "prosperity": 0.991622269153595, "financial": 0.991317868232727}