{"paper": 0.9898359179496765, "no person": 0.9794522523880005, "condom": 0.9749855399131775, "plastic": 0.9533132910728455, "contraceptive": 0.9471738338470459, "creativity": 0.9253532886505127, "business": 0.8913664817810059, "kind": 0.8700825572013855, "latex": 0.8441002368927002, "health": 0.8406339287757874, "lubrication": 0.8371503949165344, "desktop": 0.8350260853767395, "financial security ": 0.8267766237258911, "healthcare": 0.8190425634384155, "sterile": 0.8143289685249329, "luxury": 0.809183657169342, "safety": 0.799371600151062, "arouse": 0.7947916388511658, "money": 0.7883581519126892, "indoors": 0.7777305841445923}