{"vector": 0.9463692903518677, "no person": 0.9416377544403076, "set": 0.9238100051879883, "horizontal": 0.922408401966095, "outdoors": 0.9173687696456909, "design": 0.9012099504470825, "collection": 0.8739985227584839, "banner": 0.8584011197090149, "illustration": 0.8577247262001038, "indoors": 0.8536731600761414, "horizontal plane": 0.8451893925666809, "vertical": 0.843782901763916, "template": 0.8345215320587158, "pattern": 0.8192520141601562, "contemporary": 0.8138840198516846, "business": 0.8127496838569641, "nature": 0.8038829565048218, "card": 0.8024755716323853, "identity": 0.7972376346588135, "blank": 0.7918224334716797}