{"corn": 0.9959081411361694, "farm": 0.9958518743515015, "agriculture": 0.994905948638916, "pasture": 0.9860610961914062, "cereal": 0.9841184616088867, "crop": 0.9839471578598022, "food": 0.9825872778892517, "hazelnut": 0.9805238246917725, "nature": 0.9766289591789246, "summer": 0.9696581959724426, "straw": 0.9694516658782959, "flora": 0.9599325656890869, "rural": 0.9564775228500366, "growth": 0.9532797336578369, "field": 0.9442025423049927, "grow": 0.9430474638938904, "leaf": 0.9403939247131348, "corncob": 0.9403601884841919, "gold": 0.9390479326248169, "closeup": 0.9385012984275818}