{"no person": 0.9694324731826782, "retro": 0.9570600986480713, "old": 0.9451271295547485, "illustration": 0.9334773421287537, "art": 0.9294618368148804, "architecture": 0.9246647953987122, "antique": 0.9124566316604614, "travel": 0.902518093585968, "vintage": 0.8977414965629578, "wall": 0.8890036940574646, "design": 0.8812475800514221, "paper": 0.8642829656600952, "decoration": 0.8427546620368958, "ancient": 0.8397495150566101, "building": 0.8351471424102783, "painting": 0.8237344026565552, "door": 0.8135870695114136, "artistic": 0.808282196521759, "traditional": 0.8076093792915344, "bill": 0.8075461983680725}