{"no person": 0.9723653793334961, "nature": 0.9218994975090027, "wood": 0.9164237976074219, "traditional": 0.9108545780181885, "tree": 0.9094603061676025, "pot": 0.9035583734512329, "decoration": 0.9024416208267212, "Christmas": 0.9016039371490479, "flora": 0.8961865305900574, "Zen": 0.8923954367637634, "growth": 0.8917618989944458, "table": 0.8855680227279663, "leaf": 0.8815496563911438, "desktop": 0.8578658699989319, "wealth": 0.8190118670463562, "color": 0.8125557899475098, "luxury": 0.8117188811302185, "glass items": 0.8087300062179565, "flower": 0.7908110618591309, "bright": 0.7892345786094666}