{"food": 0.9956388473510742, "pasture": 0.9928513765335083, "health": 0.9926912188529968, "leaf": 0.9920514822006226, "vegetable": 0.9915710687637329, "tomato": 0.990292489528656, "nature": 0.9896166324615479, "healthy": 0.9857182502746582, "nutrition": 0.9842804670333862, "grow": 0.9842197299003601, "garden": 0.9837950468063354, "fruit": 0.9803864359855652, "agriculture": 0.9800505042076111, "juicy": 0.9726728796958923, "crop": 0.9688543081283569, "no person": 0.9652020931243896, "farming": 0.9641300439834595, "cooking": 0.9559280276298523, "delicious": 0.9529960751533508, "ingredients": 0.9526653289794922}