{"no person": 0.9976134300231934, "livestock": 0.9973631501197815, "mammal": 0.9952161312103271, "cattle": 0.9928817749023438, "barn": 0.9913251399993896, "agriculture": 0.9845166802406311, "farm": 0.9822580814361572, "farming": 0.9713209271430969, "rural": 0.9608160257339478, "cow": 0.9588792324066162, "milk": 0.951553225517273, "hay": 0.9380170702934265, "outdoors": 0.934991717338562, "countryside": 0.9343982338905334, "sheep": 0.9276571869850159, "two": 0.9096482396125793, "nature": 0.9092985391616821, "one": 0.9071347713470459, "fence": 0.9042301177978516, "curiosity": 0.8948958516120911}