{"agriculture": 0.997036337852478, "field": 0.9934737086296082, "farm": 0.9923825860023499, "tractor": 0.9914910197257996, "crop": 0.9909690022468567, "machine": 0.9848753809928894, "soil": 0.9798563718795776, "cropland": 0.9676498770713806, "rural": 0.9672636985778809, "wheat": 0.9600812196731567, "industry": 0.9560777544975281, "straw": 0.9514492154121399, "cereal": 0.9448416829109192, "sky": 0.9443764686584473, "no person": 0.9380570650100708, "cloud": 0.9376152157783508, "pasture": 0.9368312358856201, "horizontal plane": 0.9363300204277039, "outdoors": 0.9359226226806641, "landscape": 0.9355767965316772}