{"food": 0.9839334487915039, "vegetable": 0.9824420809745789, "healthy": 0.9703183770179749, "health": 0.9694696068763733, "eggplant": 0.9663063883781433, "leaf": 0.9622209668159485, "nutrition": 0.9568899273872375, "no person": 0.9564483761787415, "cooking": 0.9477546811103821, "garlic": 0.9470124840736389, "pasture": 0.9449458122253418, "pimento": 0.9430011510848999, "ingredients": 0.9376685619354248, "pepper": 0.9366832375526428, "diet": 0.930062472820282, "cucumber": 0.9282230734825134, "isolate": 0.9266147613525391, "farming": 0.922067403793335, "vitamin": 0.9116811752319336, "nature": 0.9088082313537598}