{"ball-shaped": 0.9983646273612976, "technology": 0.9943434000015259, "spherical": 0.9941132664680481, "planet": 0.9933071732521057, "science": 0.9909580945968628, "internet": 0.9828593134880066, "space": 0.9790536165237427, "connection": 0.9784653186798096, "sphere": 0.977653443813324, "data": 0.9708282947540283, "network": 0.9700713753700256, "communication": 0.9670231938362122, "universe": 0.9651387929916382, "abstract": 0.9597100615501404, "illustration": 0.9523462653160095, "number": 0.9449554681777954, "facts": 0.9417807459831238, "computer": 0.9398082494735718, "map": 0.9223145842552185, "desktop": 0.9156418442726135}