{"business": 0.9992600083351135, "money": 0.996517539024353, "finance": 0.9964001178741455, "currency": 0.993877112865448, "wealth": 0.99122154712677, "paper": 0.9890425801277161, "office": 0.9857786893844604, "financial": 0.9844553470611572, "closeup": 0.9832777380943298, "desktop": 0.9803873896598816, "data": 0.9776421785354614, "commerce": 0.9747510552406311, "cash": 0.9704751968383789, "bank": 0.9697155952453613, "press": 0.9652870297431946, "pay": 0.9637081027030945, "investment": 0.9636731147766113, "market": 0.9636661410331726, "shopping": 0.9591420292854309, "dollar": 0.9571130871772766}