{"cloud": 0.9924806356430054, "sky": 0.9903337359428406, "tree": 0.9875916242599487, "field": 0.9868202805519104, "grass": 0.9847732782363892, "landscape": 0.9811680316925049, "horizontal plane": 0.9801990389823914, "nature": 0.9769382476806641, "outdoors": 0.969277024269104, "storm": 0.9628403782844543, "lawn": 0.9522517919540405, "hayfield": 0.9491181373596191, "summer": 0.9469500184059143, "panoramic": 0.943649172782898, "weather": 0.94150310754776, "light": 0.9413279294967651, "no person": 0.9406319856643677, "horizon": 0.9320287108421326, "park": 0.9282881617546082, "daylight": 0.9269518852233887}