{"machine": 0.9968135952949524, "tractor": 0.9927390217781067, "agriculture": 0.9923664927482605, "vehicle": 0.987201452255249, "machinery": 0.9800787568092346, "field": 0.9780758023262024, "farm": 0.9776787757873535, "crop": 0.9600450992584229, "soil": 0.9587765336036682, "pasture": 0.9498711228370667, "grass": 0.9493342638015747, "industry": 0.9479759335517883, "rural": 0.9405344724655151, "summer": 0.9362138509750366, "landscape": 0.935005784034729, "equipment": 0.9306615591049194, "no person": 0.9271191954612732, "outdoors": 0.9215689301490784, "transportation system": 0.9154661893844604, "engine": 0.9064565300941467}