{"refreshment": 0.9865096211433411, "no person": 0.9857507944107056, "food": 0.9851127862930298, "breakfast": 0.9781792759895325, "desktop": 0.9704480171203613, "delicious": 0.9682916402816772, "sugar": 0.9659358263015747, "closeup": 0.9653635621070862, "sweet": 0.961994469165802, "healthy": 0.9560447335243225, "nutrition": 0.9548420310020447, "tasty": 0.9534607529640198, "health": 0.9402663707733154, "diet": 0.9284548163414001, "batch": 0.9102545380592346, "confection": 0.9098883271217346, "meal": 0.9060889482498169, "unhealthy": 0.902423620223999, "many": 0.8814224600791931, "color": 0.8810270428657532}