{"no person": 0.9719187021255493, "nature": 0.9707540273666382, "text": 0.9698269963264465, "growth": 0.957415759563446, "business": 0.9521627426147461, "achievement": 0.9463765621185303, "summer": 0.9427629113197327, "conceptual": 0.9338061213493347, "leaf": 0.9208989143371582, "desktop": 0.8860877752304077, "sign": 0.8655024170875549, "send message": 0.8642029762268066, "grass": 0.8579728603363037, "ecology": 0.8466231226921082, "good": 0.8198690414428711, "education": 0.8163219690322876, "outdoors": 0.8130125403404236, "fall": 0.8037976026535034, "disjunct": 0.7755837440490723, "leadership": 0.7751018404960632}