{"market": 0.9975376129150391, "basket": 0.993490993976593, "kind": 0.9920991659164429, "shopping": 0.9908502101898193, "stall": 0.9907839298248291, "no person": 0.9851751923561096, "abundance": 0.9842855334281921, "marketplace": 0.9828308820724487, "fruit": 0.9808696508407593, "crate": 0.9804983139038086, "supermarket": 0.9779168367385864, "sale": 0.9774468541145325, "shop": 0.9763376116752625, "health": 0.974027156829834, "apple": 0.9738267660140991, "option": 0.9643335938453674, "sell": 0.9619815349578857, "grow": 0.9618573188781738, "food": 0.9491450786590576, "merchandise": 0.9471469521522522}