{"business": 0.9653769135475159, "no person": 0.9617816805839539, "travel": 0.9119283556938171, "horizontal": 0.8917945027351379, "facts": 0.8896498680114746, "internet": 0.871434211730957, "achievement": 0.8423759341239929, "spherical": 0.8397147059440613, "security": 0.8285080790519714, "danger": 0.8269560933113098, "graphic design": 0.8204473257064819, "text": 0.8019543886184692, "identity": 0.7997261881828308, "money": 0.7986226677894592, "signalise": 0.797562837600708, "outdoors": 0.7972631454467773, "paper": 0.7963915467262268, "data": 0.7913313508033752, "conceptual": 0.7874444723129272, "sky": 0.7728691101074219}