{"architecture": 0.9987497329711914, "no person": 0.9927809834480286, "travel": 0.9889090657234192, "old": 0.98135906457901, "outdoors": 0.9787130355834961, "church": 0.9775500297546387, "sky": 0.9679462909698486, "building": 0.9637678265571594, "religion": 0.9607913494110107, "ancient": 0.9551777839660645, "city": 0.9551545977592468, "tower": 0.9408144950866699, "cathedral": 0.9404250979423523, "Gothic": 0.9293118119239807, "dome": 0.9062524437904358, "traditional": 0.9037477970123291, "museum": 0.8565754890441895, "daylight": 0.8469952344894409, "town": 0.8366920351982117, "facade": 0.8348544836044312}