{"research": 0.9977437257766724, "biology": 0.9966026544570923, "chemistry": 0.9958880543708801, "science": 0.9949837923049927, "laboratory": 0.9927589893341064, "scientist": 0.9904234409332275, "discovery": 0.9861770272254944, "microbiology": 0.9852061867713928, "scientific": 0.9727715849876404, "test": 0.9725030660629272, "woman": 0.968949556350708, "science laboratory": 0.9661293029785156, "tube": 0.9603084921836853, "biochemistry": 0.9562074542045593, "flask": 0.9531383514404297, "chemical": 0.9463819861412048, "microscope": 0.9432660937309265, "medicine": 0.9367558360099792, "pharmacist": 0.9343058466911316, "technology": 0.9333229660987854}