{"vehicle": 0.9980508089065552, "tractor": 0.9944638609886169, "machine": 0.9902793765068054, "machinery": 0.9834481477737427, "transportation system": 0.9775879383087158, "soil": 0.9750899076461792, "car": 0.9689933061599731, "industry": 0.9579780101776123, "wheel": 0.9462734460830688, "no person": 0.9339891076087952, "truck": 0.9312888979911804, "power": 0.9245702028274536, "tire": 0.9059581160545349, "heavy": 0.8998895883560181, "engine": 0.8956228494644165, "equipment": 0.8743593692779541, "drive": 0.858501136302948, "agriculture": 0.8430050015449524, "diesel": 0.8281856775283813, "outdoors": 0.821600615978241}