{"house": 0.9879599809646606, "landscape": 0.9691504836082458, "travel": 0.9682965874671936, "tree": 0.9675371646881104, "grass": 0.9665564298629761, "outdoors": 0.9584656953811646, "summer": 0.95744788646698, "no person": 0.9571646451950073, "architecture": 0.9566092491149902, "building": 0.9458035826683044, "agriculture": 0.9332013130187988, "home": 0.9313151836395264, "daylight": 0.9194217324256897, "family": 0.9150540828704834, "farm": 0.9082253575325012, "countryside": 0.8976089358329773, "sight": 0.8940896987915039, "nature": 0.8935657143592834, "roof": 0.891218364238739, "lawn": 0.8843290209770203}