{"woman": 0.9934612512588501, "relaxation": 0.9901575446128845, "love": 0.9704324007034302, "family": 0.9694603085517883, "indoors": 0.9676520824432373, "dawn": 0.95875084400177, "romance": 0.9492716193199158, "leisure": 0.9441631436347961, "embrace": 0.9422104358673096, "pretty": 0.937102735042572, "comfort": 0.9349188208580017, "sexy": 0.9333471655845642, "bed": 0.9315851926803589, "affection": 0.9293178915977478, "intimacy": 0.9236289858818054, "health": 0.9228816032409668, "composure": 0.9137032628059387, "man": 0.9099860191345215, "togetherness": 0.9075614809989929, "bedroom": 0.9068979024887085}