{"nature": 0.9611968398094177, "cloud": 0.9557082653045654, "outdoors": 0.9553941488265991, "agriculture": 0.9486570358276367, "soil": 0.9476118683815002, "sky": 0.9375683665275574, "growth": 0.9245486855506897, "tree": 0.9213517308235168, "field": 0.9046739339828491, "summer": 0.8951462507247925, "grass": 0.882089376449585, "travel": 0.8608644008636475, "landscape": 0.830776572227478, "flora": 0.8306986689567566, "farm": 0.809805691242218, "environment": 0.8036615252494812, "no person": 0.7862458825111389, "wood": 0.7780606746673584, "guidance": 0.7727118730545044, "road": 0.763055145740509}