{"business": 0.9916144609451294, "internet": 0.9757382273674011, "facts": 0.9728440046310425, "data": 0.9706215262413025, "technology": 0.9628760814666748, "graphic design": 0.9532144069671631, "no person": 0.9296097755432129, "achievement": 0.9261505007743835, "invention": 0.92612224817276, "text": 0.9233575463294983, "display": 0.9121025204658508, "communication": 0.9072065949440002, "screen": 0.8925665020942688, "desktop": 0.8916620016098022, "spherical": 0.8854871988296509, "designing": 0.8703762292861938, "future": 0.8647451996803284, "contemporary": 0.8571140766143799, "computer": 0.8570806980133057, "futuristic": 0.8529796600341797}