{"agriculture": 0.9877498745918274, "field": 0.9872057437896729, "farm": 0.9849600195884705, "rural": 0.9799108505249023, "growth": 0.9775465130805969, "pasture": 0.9683219790458679, "landscape": 0.9678469300270081, "farmland": 0.9639529585838318, "summer": 0.9611486196517944, "leaf": 0.958952009677887, "no person": 0.9544520974159241, "nature": 0.9538062810897827, "corn": 0.9512317180633545, "soil": 0.9448376893997192, "flora": 0.9348563551902771, "crop": 0.9330132007598877, "sun": 0.9327632188796997, "season": 0.9298036098480225, "country": 0.9271602034568787, "bright": 0.9138203859329224}