{"sunset": 0.991574227809906, "dawn": 0.9897708892822266, "outdoors": 0.9852361679077148, "dusk": 0.9796223640441895, "no person": 0.9737722873687744, "silhouette": 0.9689550399780273, "nature": 0.955287516117096, "sky": 0.9526110291481018, "travel": 0.9129377603530884, "sun": 0.9104024767875671, "flame": 0.8934466242790222, "fall": 0.8759251236915588, "illuminated": 0.8521307110786438, "tree": 0.8507224321365356, "dark": 0.8385393023490906, "bright": 0.8364827036857605, "architecture": 0.8008918166160583, "Halloween": 0.7867028713226318, "fair weather": 0.7765257954597473, "evening": 0.75984126329422}