{"syringe": 0.9884505271911621, "health": 0.979975163936615, "research": 0.9495200514793396, "horizontal": 0.9399325847625732, "hypodermic": 0.9364458322525024, "science": 0.9287520051002502, "healthcare": 0.9008488655090332, "isolated": 0.8909994959831238, "acute": 0.8880332708358765, "injection": 0.8877663612365723, "medicine": 0.8831445574760437, "freshness": 0.8830130696296692, "food": 0.8824875354766846, "no person": 0.880090594291687, "needle": 0.8619728088378906, "illness": 0.8505455255508423, "apple": 0.8414995074272156, "vaccination": 0.8283768892288208, "vertical": 0.8279070854187012, "nature": 0.8266220688819885}