{"horizontal": 0.9575236439704895, "fruit": 0.9465497732162476, "freshness": 0.9011411070823669, "no person": 0.8998552560806274, "nature": 0.8751956224441528, "food": 0.8634659647941589, "juicy": 0.8550546765327454, "text": 0.8391667604446411, "disjunct": 0.8221003413200378, "summer": 0.7943400740623474, "health": 0.7708359360694885, "label": 0.7610687613487244, "vertical": 0.7502952814102173, "slice": 0.7319306135177612, "business": 0.7152590751647949, "outdoors": 0.7085041403770447, "watermelon": 0.6999288201332092, "option": 0.6957367062568665, "order": 0.6635425090789795, "rind": 0.6613494753837585}