{"vertical": 0.9385415315628052, "flora": 0.9332231879234314, "leaf": 0.9277003407478333, "illustration": 0.9155094623565674, "growth": 0.882129430770874, "vector": 0.8699114322662354, "flower": 0.868464469909668, "nature": 0.8594844937324524, "text": 0.8226258158683777, "business": 0.8126756548881531, "bill": 0.8079082369804382, "square": 0.802495539188385, "creativity": 0.7246378660202026, "outdoors": 0.7194719314575195, "design": 0.7172972559928894, "season": 0.7042641639709473, "decoration": 0.6845760941505432, "abstract": 0.6627730131149292, "vectors": 0.6501418948173523, "husk": 0.6428423523902893}