{"stripe": 0.9936413168907166, "no person": 0.9723653197288513, "electronics": 0.936942458152771, "data": 0.9240577220916748, "design": 0.9223644137382507, "facts": 0.914480447769165, "equipment": 0.9111446142196655, "business": 0.9000999331474304, "World Wide Web": 0.8904543519020081, "technology": 0.8880746960639954, "retro": 0.8851256966590881, "music": 0.8763580322265625, "graphic design": 0.8760327696800232, "vector": 0.8749000430107117, "transportation system": 0.8691328763961792, "desktop": 0.8590079545974731, "template": 0.8542546629905701, "flat": 0.8506717681884766, "illustration": 0.8493015170097351, "travel": 0.8242743611335754}