{"no person": 0.9751356244087219, "shining": 0.8981072306632996, "fruit": 0.8966259360313416, "bright": 0.8961631059646606, "nature": 0.8909631967544556, "health": 0.8836629390716553, "food": 0.8703380823135376, "pear": 0.8655526041984558, "disjunct": 0.8633652925491333, "desktop": 0.849199116230011, "husk": 0.8333114385604858, "still life": 0.8279077410697937, "bulb": 0.824954628944397, "energy": 0.8229919672012329, "insubstantial": 0.8125238418579102, "one": 0.8058262467384338, "illuminated": 0.8010214567184448, "drop": 0.7903119921684265, "reflection": 0.7875515222549438, "leaf": 0.7840355634689331}