{"cropland": 0.9957643747329712, "agriculture": 0.9882838726043701, "landscape": 0.9850252270698547, "field": 0.9812842011451721, "crop": 0.9706405997276306, "no person": 0.9553348422050476, "nature": 0.9450589418411255, "farm": 0.9408293962478638, "plantation": 0.9337353110313416, "hill": 0.9312593340873718, "growth": 0.921346127986908, "leaf": 0.9149181246757507, "outdoors": 0.9148780107498169, "fertility": 0.889400839805603, "vine": 0.8820993900299072, "wine": 0.8803372979164124, "vineyard": 0.8728746175765991, "flora": 0.870635449886322, "sky": 0.8704494833946228, "desktop": 0.8701960444450378}