{"leaf": 0.9974197149276733, "apple": 0.9947420358657837, "nature": 0.9928170442581177, "fruit": 0.9919283390045166, "no person": 0.991820216178894, "pasture": 0.9871934056282043, "food": 0.9766550064086914, "health": 0.9718021750450134, "summer": 0.9685312509536743, "agriculture": 0.9583212733268738, "garden": 0.955880343914032, "apple tree": 0.9470624923706055, "grow": 0.9450091123580933, "woodlet": 0.943118155002594, "juicy": 0.9417825937271118, "farming": 0.9406919479370117, "fall": 0.9387969374656677, "outdoors": 0.9302971959114075, "tree": 0.9230303764343262, "delicious": 0.892900288105011}