{"landscape": 0.9917982816696167, "no person": 0.9848176836967468, "growth": 0.9808911681175232, "leaf": 0.9796739220619202, "agriculture": 0.9793117046356201, "nature": 0.9773526191711426, "wine": 0.974349319934845, "flora": 0.9688461422920227, "food": 0.9674044847488403, "summer": 0.9659478664398193, "rural": 0.9615562558174133, "outdoors": 0.9546605348587036, "pasture": 0.9532067179679871, "farm": 0.9465341567993164, "field": 0.9336360692977905, "grass": 0.9320170283317566, "soil": 0.9279226064682007, "grow": 0.9276219010353088, "countryside": 0.9255192875862122, "tree": 0.9241174459457397}