{"vector": 0.9715680480003357, "illustration": 0.9655271768569946, "vectors": 0.9619458913803101, "business": 0.9599812626838684, "origami": 0.9317306876182556, "paper": 0.9315473437309265, "facts": 0.9217559695243835, "progress": 0.9134514927864075, "banner": 0.9118697643280029, "graph": 0.8966306447982788, "square": 0.8761667609214783, "template": 0.8755638003349304, "data": 0.8734905123710632, "diagram": 0.8710561394691467, "designing": 0.8623326420783997, "arrow": 0.8475351333618164, "internet": 0.8465575575828552, "navigation": 0.8266873955726624, "flat": 0.8227983713150024, "image": 0.8100681304931641}