{"cat": 0.9673850536346436, "finance": 0.9606438279151917, "business": 0.9604426622390747, "money": 0.9526390433311462, "wealth": 0.936492919921875, "cute": 0.92889803647995, "paper": 0.9195979833602905, "financial": 0.9194712042808533, "kitten": 0.9052810668945312, "dollar": 0.9028101563453674, "isolated": 0.8975723385810852, "desktop": 0.8940190076828003, "currency": 0.8866342306137085, "pet": 0.8826198577880859, "curiosity": 0.8763843178749084, "litter": 0.8680734038352966, "sit": 0.8630738258361816, "investment": 0.8614519238471985, "savings": 0.8571925759315491, "cash": 0.8547017574310303}