{"child": 0.996095597743988, "education": 0.9937372207641602, "indoors": 0.9802609086036682, "adolescent": 0.9734582304954529, "woman": 0.9708424806594849, "elementary school": 0.9707831144332886, "man": 0.970670223236084, "classroom": 0.9628121852874756, "school": 0.9550972580909729, "sitting": 0.9543406963348389, "togetherness": 0.94659024477005, "group": 0.9462350010871887, "teacher": 0.9319489002227783, "student": 0.9217591881752014, "knowledge": 0.918264627456665, "class": 0.9156370759010315, "sit": 0.9096885919570923, "looking": 0.9068352580070496, "homework": 0.9056029915809631, "explain": 0.8960634469985962}