{"horizontal": 0.9514592289924622, "illuminated": 0.9499719142913818, "vertical": 0.9481164216995239, "love": 0.9366666674613953, "shining": 0.9303538203239441, "square": 0.9296795129776001, "romance": 0.9250127673149109, "bright": 0.9118212461471558, "dark": 0.8651397824287415, "silk": 0.8620621562004089, "softness": 0.8354685306549072, "indoors": 0.8250449895858765, "abstract": 0.8219141364097595, "creativity": 0.8212658166885376, "curve": 0.8145458698272705, "nature": 0.7624899744987488, "Christmas": 0.7561026215553284, "luxury": 0.7158703804016113, "velvet": 0.7143579721450806, "outdoors": 0.695174515247345}