{"money": 0.9959891438484192, "business": 0.9925767779350281, "no person": 0.9865944385528564, "currency": 0.9802064895629883, "finance": 0.9770892262458801, "savings": 0.9732587933540344, "wealth": 0.9642203450202942, "paper": 0.9640709757804871, "euro": 0.9485262632369995, "indoors": 0.9350835084915161, "bank": 0.9272463917732239, "banking": 0.8935661911964417, "shopping": 0.8932698965072632, "pay": 0.8929300308227539, "conceptual": 0.8716147541999817, "cash": 0.86463463306427, "family": 0.8606012463569641, "stacks": 0.8574324250221252, "abundance": 0.8562967777252197, "recession": 0.8371409773826599}