{"business": 0.9886088371276855, "text": 0.971447229385376, "office": 0.9598662257194519, "internet": 0.9560713171958923, "technology": 0.9532991051673889, "data": 0.9522005915641785, "computer": 0.9511677622795105, "paper": 0.933410108089447, "document": 0.9304358959197998, "horizontal": 0.9213318824768066, "communication": 0.9156137704849243, "finance": 0.9057079553604126, "letter": 0.901278018951416, "management": 0.8948037624359131, "facts": 0.8920986652374268, "World Wide Web": 0.8888595104217529, "financial": 0.8823933005332947, "market": 0.8690804839134216, "education": 0.8659150004386902, "organization": 0.8649597764015198}