{"vector": 0.9671893119812012, "graphic design": 0.9665231108665466, "no person": 0.9660149216651917, "illustration": 0.952384889125824, "design": 0.9343955516815186, "business": 0.9099339246749878, "wallpaper": 0.9040698409080505, "abstract": 0.8979458212852478, "creativity": 0.896477222442627, "desktop": 0.8954765200614929, "pattern": 0.878107488155365, "contemporary": 0.8738453984260559, "graphic": 0.8694674372673035, "horizontal": 0.8640358448028564, "simplicity": 0.8613389134407043, "retro": 0.8574026226997375, "art": 0.8297492265701294, "internet": 0.8274669647216797, "elegant": 0.8245507478713989, "decoration": 0.821526825428009}