{"money": 0.994269847869873, "paper": 0.9928683638572693, "currency": 0.9927122592926025, "no person": 0.992534875869751, "stacks": 0.9920012950897217, "business": 0.9898905754089355, "finance": 0.9830794334411621, "savings": 0.9792759418487549, "wealth": 0.9748457074165344, "abundance": 0.957158625125885, "achievement": 0.924237847328186, "indoors": 0.923358142375946, "kind": 0.9193508625030518, "pay": 0.9163486957550049, "motley": 0.9081002473831177, "education": 0.9069268107414246, "creativity": 0.9033731818199158, "research": 0.894196093082428, "cash": 0.8866199254989624, "bank": 0.8860052227973938}