{"finance": 0.9997220635414124, "currency": 0.9996708631515503, "dollar": 0.9995425939559937, "wealth": 0.9993085861206055, "business": 0.9991763234138489, "money": 0.9990782737731934, "savings": 0.9982490539550781, "abundance": 0.9981715679168701, "achievement": 0.9968960285186768, "century": 0.9967970252037048, "cash": 0.9957212209701538, "investment": 0.9940680265426636, "paper": 0.9938349723815918, "bank": 0.9933744072914124, "financial": 0.9881898164749146, "pay": 0.9873166084289551, "number": 0.9820064902305603, "loan": 0.9815059900283813, "greed": 0.9787333607673645, "prosperity": 0.9756209254264832}