{"no person": 0.9897368550300598, "graphic design": 0.9790958166122437, "stripe": 0.9779216647148132, "vector": 0.9725102782249451, "design": 0.9679312109947205, "illustration": 0.9632275104522705, "wallpaper": 0.9594859480857849, "paper": 0.9527648091316223, "art": 0.9503976702690125, "graphic": 0.9433506727218628, "retro": 0.9320850372314453, "abstract": 0.9319233894348145, "artistic": 0.914143443107605, "creativity": 0.9020463228225708, "background": 0.8995620012283325, "diagonal": 0.8945147395133972, "contemporary": 0.8886651396751404, "line": 0.8883047103881836, "geometric": 0.8879265785217285, "desktop": 0.8753811120986938}