{"agriculture": 0.992887556552887, "soil": 0.9906191825866699, "farm": 0.9868567585945129, "machine": 0.9799215793609619, "field": 0.9719611406326294, "tractor": 0.9719294905662537, "industry": 0.9714747667312622, "outdoors": 0.9600772857666016, "crop": 0.9556505680084229, "transportation system": 0.9527533054351807, "rural": 0.9287803173065186, "no person": 0.9084760546684265, "horizontal plane": 0.9066802859306335, "vehicle": 0.9027681350708008, "country": 0.9008913040161133, "track": 0.8998450040817261, "landscape": 0.8991691470146179, "arable": 0.8910427689552307, "equipment": 0.8907715082168579, "plow": 0.8853376507759094}