{"cropland": 0.9979398846626282, "agriculture": 0.9962552785873413, "landscape": 0.9950857758522034, "farm": 0.9936766028404236, "mountain": 0.992085874080658, "valley": 0.9918588995933533, "hill": 0.9858534336090088, "vineyard": 0.9744166731834412, "travel": 0.9742475152015686, "no person": 0.9737772345542908, "house": 0.9703305959701538, "nature": 0.9702457785606384, "field": 0.9685181379318237, "plantation": 0.9629656076431274, "patio": 0.962774395942688, "crop": 0.9610347151756287, "hut": 0.9604132175445557, "scenic": 0.9587860703468323, "countryside": 0.9462961554527283, "tree": 0.9365675449371338}