{"illustration": 0.9955441355705261, "vector": 0.985173761844635, "funky": 0.9463115334510803, "ball-shaped": 0.9450454711914062, "moon": 0.9380120635032654, "art": 0.911983072757721, "fantasy": 0.911050021648407, "spaceship": 0.9018651843070984, "extraterrestrial being": 0.8955435156822205, "design": 0.8944111466407776, "space": 0.889468252658844, "man": 0.8812894225120544, "no person": 0.8798022270202637, "graphic": 0.8796789646148682, "futuristic": 0.8775495886802673, "ufo": 0.8705719113349915, "protection": 0.8578875660896301, "retro": 0.8573022484779358, "planet": 0.8569599390029907, "desktop": 0.8494147658348083}