{"machine": 0.9973912239074707, "farm": 0.9964751601219177, "agriculture": 0.9963100552558899, "field": 0.99284428358078, "tractor": 0.988071084022522, "crop": 0.9762939810752869, "cropland": 0.9752278923988342, "soil": 0.9714752435684204, "vehicle": 0.9696400165557861, "landscape": 0.9621226787567139, "machinery": 0.9567479491233826, "pasture": 0.9514666795730591, "equipment": 0.9395108819007874, "transportation system": 0.936542272567749, "rural": 0.9251694083213806, "industry": 0.9222849607467651, "country": 0.8887342810630798, "plow": 0.8810192346572876, "dust": 0.8741118311882019, "farming": 0.8606240749359131}