{"corncob": 0.9990235567092896, "agriculture": 0.998343825340271, "growth": 0.9959898591041565, "cornfield": 0.992347002029419, "corn": 0.9901052117347717, "crop": 0.9875055551528931, "outdoors": 0.9872223734855652, "farm": 0.9870649576187134, "flora": 0.9829744696617126, "field": 0.9617937207221985, "horizontal": 0.9416802525520325, "nature": 0.9349001049995422, "leaf": 0.9174965023994446, "husk": 0.9105739593505859, "environment": 0.9035746455192566, "food": 0.9011063575744629, "vegetable": 0.8920431733131409, "vertical": 0.8865295648574829, "cloud": 0.8656362295150757, "plantation": 0.8530668616294861}