{"cereal": 0.9759125709533691, "food": 0.9752686023712158, "health": 0.9590818881988525, "seed": 0.9502862095832825, "healthy": 0.9471226930618286, "dry": 0.9370597004890442, "nutrition": 0.935095489025116, "no person": 0.931658148765564, "wheat": 0.9227298498153687, "rice": 0.9118329882621765, "wood": 0.8967824578285217, "bowl": 0.8829903602600098, "corn": 0.8760241866111755, "meal": 0.8758836984634399, "cooking": 0.8711380958557129, "closeup": 0.8585113286972046, "traditional": 0.8539273142814636, "table": 0.8518398404121399, "desktop": 0.8365404605865479, "spoon": 0.8267652988433838}