{"illustration": 0.9820895195007324, "vector": 0.977287769317627, "sketch": 0.9624761343002319, "food": 0.9520513415336609, "cake": 0.9486925601959229, "birthday": 0.9277826547622681, "gift": 0.9197177886962891, "no person": 0.9184032678604126, "retro": 0.9176283478736877, "sky": 0.9111087322235107, "paper": 0.9032828211784363, "bakery": 0.8977847695350647, "vintage": 0.8952937722206116, "bread": 0.891787588596344, "Christmas": 0.8915758728981018, "old": 0.8870235085487366, "card": 0.8829911351203918, "celebration": 0.877753734588623, "desktop": 0.8637280464172363, "tree": 0.8588388562202454}