{"no person": 0.9861814379692078, "nature": 0.975757896900177, "agriculture": 0.9661688208580017, "pasture": 0.9601165056228638, "food": 0.9421513080596924, "leaf": 0.9332941174507141, "outdoors": 0.9273496866226196, "cabbage": 0.9143674373626709, "fall": 0.9094830751419067, "landscape": 0.8979436755180359, "summer": 0.8908824324607849, "grow": 0.8783307075500488, "farm": 0.8669757843017578, "growth": 0.8479532599449158, "health": 0.8214391469955444, "countryside": 0.8180053234100342, "crop": 0.8179319500923157, "field": 0.8139654397964478, "soil": 0.8137153387069702, "sunset": 0.812329888343811}