{"business": 0.9928786158561707, "no person": 0.9894846081733704, "paper": 0.975918173789978, "text": 0.9678745269775391, "finance": 0.9437838196754456, "money": 0.920994758605957, "horizontal": 0.9193276166915894, "achievement": 0.9115369915962219, "data": 0.9030516743659973, "number": 0.896164059638977, "time": 0.8937858939170837, "conceptual": 0.88868248462677, "spherical": 0.848837673664093, "wealth": 0.8453322649002075, "research": 0.8450304269790649, "desktop": 0.834818959236145, "technology": 0.8308736085891724, "internet": 0.8297200798988342, "still life": 0.8199291229248047, "emergency": 0.8181560635566711}