{"gambling": 0.9804396033287048, "casino": 0.9803802371025085, "technology": 0.9793195128440857, "poker": 0.9661546945571899, "no person": 0.9515959024429321, "computer": 0.9117442965507507, "light": 0.9088718295097351, "indoors": 0.8892436623573303, "science": 0.8677988648414612, "facts": 0.8513326644897461, "number": 0.8403767347335815, "subway system": 0.803523063659668, "data": 0.7953898310661316, "business": 0.7847734093666077, "recreation": 0.7815254926681519, "designing": 0.7530382871627808, "travel": 0.7197085618972778, "music": 0.7196351885795593, "machine": 0.7158063054084778, "neon": 0.6888864636421204}