{"no person": 0.9873083233833313, "isolated": 0.9743707180023193, "electronics": 0.9681826233863831, "man": 0.9411077499389648, "power": 0.9375857710838318, "technology": 0.924863874912262, "control": 0.9176572561264038, "machinery": 0.9136347770690918, "graphic design": 0.9099476337432861, "joystick": 0.8597691059112549, "fun": 0.8394207954406738, "touch": 0.8267120718955994, "equipment": 0.822069525718689, "travel": 0.8196413516998291, "contemporary": 0.8161333799362183, "indoors": 0.8122846484184265, "entertainment": 0.802192211151123, "retro": 0.7890939116477966, "safety": 0.7877420783042908, "one": 0.7864777445793152}