{"soil": 0.9970160722732544, "nature": 0.9964115023612976, "no person": 0.995807409286499, "ball-shaped": 0.9931381344795227, "growth": 0.9888569712638855, "ground": 0.9887685775756836, "farmland": 0.9847372174263, "summer": 0.9767001271247864, "rural": 0.9672605991363525, "grass": 0.9663249850273132, "leaf": 0.9644754528999329, "conceptual": 0.9616515636444092, "outdoors": 0.95347660779953, "sand": 0.9501345753669739, "health": 0.9466704726219177, "little": 0.943204402923584, "sky": 0.9413568377494812, "ecology": 0.9407259821891785, "agriculture": 0.9216770529747009, "countryside": 0.9179398417472839}