{"indoors": 0.9957204461097717, "chair": 0.991778552532196, "seat": 0.9905571937561035, "furniture": 0.9897701740264893, "room": 0.9892054796218872, "classroom": 0.9873285293579102, "lecture": 0.9842249155044556, "seminar": 0.9766945838928223, "desk": 0.9757906794548035, "no person": 0.974560558795929, "interior design": 0.9709477424621582, "contemporary": 0.9705504179000854, "education": 0.9691804647445679, "table": 0.9622077345848083, "league": 0.9604291319847107, "school": 0.9517497420310974, "business": 0.9241238832473755, "empty": 0.8874784708023071, "college": 0.8857767581939697, "meeting": 0.8847111463546753}