{"illustration": 0.9861694574356079, "art": 0.9720867276191711, "graffiti": 0.9673596024513245, "sketch": 0.9580137729644775, "graphic": 0.947526752948761, "vector": 0.9329734444618225, "artistic": 0.8998803496360779, "fun": 0.899807333946228, "design": 0.8827247023582458, "visuals": 0.8709108233451843, "painting": 0.8694535493850708, "color": 0.8367457389831543, "monster": 0.8336353898048401, "retro": 0.819512128829956, "desktop": 0.7940327525138855, "funny": 0.7939342260360718, "wallpaper": 0.777214765548706, "narrative": 0.7721061110496521, "graphic design": 0.7705650925636292, "street": 0.7569422125816345}