{"research": 0.9984885454177856, "science": 0.9965060949325562, "chemistry": 0.9964635968208313, "microbiology": 0.9949468970298767, "biology": 0.9937154650688171, "scientist": 0.9884987473487854, "discovery": 0.9856071472167969, "biochemistry": 0.9849047660827637, "pharmacology": 0.9838129281997681, "laboratory": 0.9829578995704651, "microscope": 0.9827376008033752, "healthcare": 0.9823249578475952, "gloves": 0.9795722365379333, "scientific": 0.9774336218833923, "health": 0.9764221906661987, "technology": 0.9667819142341614, "science laboratory": 0.9667372107505798, "sterile": 0.9552422761917114, "medicine": 0.9530317187309265, "chemical": 0.9425923228263855}