{"no person": 0.9978482723236084, "juicy": 0.9915453791618347, "health": 0.9905040860176086, "fruit": 0.9846367835998535, "delicious": 0.9766179323196411, "nutrition": 0.9729236364364624, "strawberry": 0.9701347947120667, "food": 0.9701207876205444, "berry": 0.9558731317520142, "ingredients": 0.9444483518600464, "balanced diet": 0.942007303237915, "vitamin": 0.9230174422264099, "leaf": 0.9126545786857605, "juice": 0.8977285623550415, "grow": 0.8916652202606201, "kind": 0.8874198794364929, "nature": 0.8607847094535828, "summer": 0.8572056293487549, "pasture": 0.8525334596633911, "sweet": 0.8469719886779785}