{"no person": 0.9634460210800171, "horizontal": 0.9549282193183899, "graphic design": 0.9355503916740417, "business": 0.9305586218833923, "illustration": 0.9289063811302185, "abstract": 0.9261608123779297, "vector": 0.9151879549026489, "text": 0.9114739298820496, "paper": 0.9076147079467773, "creativity": 0.8858733177185059, "design": 0.8814551830291748, "disjunct": 0.8742294311523438, "achievement": 0.8575975298881531, "writing": 0.8461385369300842, "graphic": 0.840147078037262, "wallpaper": 0.8290396928787231, "desktop": 0.8279293179512024, "art": 0.8180844187736511, "pattern": 0.8157221674919128, "conceptual": 0.8138317465782166}