{"graphic design": 0.9942027926445007, "no person": 0.9880671501159668, "internet": 0.9825900197029114, "business": 0.9775162935256958, "contemporary": 0.9668006300926208, "illustration": 0.9518997669219971, "technology": 0.9448428750038147, "connection": 0.9447027444839478, "flat": 0.936771810054779, "creativity": 0.9310912489891052, "communication": 0.9050973653793335, "isolated": 0.9020774960517883, "vector": 0.899414598941803, "computer": 0.8960846662521362, "data": 0.8888757228851318, "simplicity": 0.8864544630050659, "electronics": 0.8804082274436951, "facts": 0.8710842132568359, "paper": 0.8661751747131348, "design": 0.8588876724243164}