{"vegetable": 0.9948402047157288, "food": 0.9942905902862549, "root vegetable": 0.9938297867774963, "root": 0.9936327338218689, "grow": 0.9907039999961853, "pasture": 0.9894261360168457, "market": 0.985913097858429, "no person": 0.9787676930427551, "garden": 0.9722460508346558, "nature": 0.9709696769714355, "farming": 0.9659056067466736, "farm": 0.9654755592346191, "cooking": 0.965408444404602, "fruit": 0.9645929932594299, "still life": 0.9638672471046448, "basket": 0.9636459946632385, "healthy": 0.9624682664871216, "health": 0.9599144458770752, "leaf": 0.9591220617294312, "fall": 0.9525487422943115}