{"light": 0.9597877264022827, "design": 0.9447341561317444, "illustration": 0.9366042613983154, "graphic": 0.9340091347694397, "exhibition": 0.9131478667259216, "art": 0.8877614736557007, "bright": 0.8858044743537903, "lamp": 0.8767791390419006, "indoors": 0.867047131061554, "music": 0.86065673828125, "theme": 0.8569258451461792, "fun": 0.8550669550895691, "festival": 0.8549039959907532, "desktop": 0.849169909954071, "street": 0.8476420044898987, "no person": 0.8460916876792908, "decoration": 0.8365902304649353, "modern": 0.8354794383049011, "fantasy": 0.8228914141654968, "Christmas": 0.8202643394470215}