{"house": 0.9881077408790588, "no person": 0.9803208112716675, "architecture": 0.961323082447052, "bungalow": 0.9604179263114929, "landscape": 0.959496796131134, "family": 0.9513896703720093, "home": 0.9472142457962036, "building": 0.9462916851043701, "wood": 0.9451401829719543, "travel": 0.9445693492889404, "rustic": 0.937977135181427, "rural": 0.9347479939460754, "tree": 0.9300376176834106, "outdoors": 0.9275616407394409, "old": 0.926541268825531, "grass": 0.9244817495346069, "nature": 0.9202836155891418, "countryside": 0.9160811305046082, "roof": 0.9151066541671753, "garden": 0.9067234396934509}