{"retro": 0.9675801396369934, "art": 0.959096372127533, "illustration": 0.9565804600715637, "no person": 0.9151315093040466, "traditional": 0.9109926223754883, "design": 0.9044069647789001, "paper": 0.902926504611969, "vector": 0.8874766826629639, "old": 0.8473677039146423, "disjunct": 0.8255458474159241, "horizontal": 0.8228180408477783, "nature": 0.7991832494735718, "pattern": 0.7972353100776672, "scribble": 0.7912855744361877, "empty": 0.7792367935180664, "funny": 0.7703717947006226, "simplicity": 0.7477198243141174, "simple": 0.7338100671768188, "visuals": 0.7228294014930725, "decoration": 0.7125634551048279}