{"money": 0.9998753070831299, "currency": 0.9998509883880615, "dollar": 0.9995669722557068, "cash": 0.9995231628417969, "bank": 0.999519944190979, "wealth": 0.999437153339386, "savings": 0.9994322657585144, "finance": 0.9992103576660156, "business": 0.9976025223731995, "paper": 0.995824933052063, "century": 0.9945804476737976, "pay": 0.9936705827713013, "financial": 0.9921072125434875, "banknote": 0.9916927814483643, "investment": 0.9893949627876282, "note": 0.989261269569397, "abundance": 0.9882574677467346, "achievement": 0.9868159890174866, "payment": 0.983932614326477, "income": 0.9811222553253174}