{"nature": 0.9929514527320862, "outdoors": 0.9755333065986633, "winter": 0.9702404737472534, "many": 0.9672183394432068, "season": 0.9641323685646057, "no person": 0.9634156227111816, "flower": 0.9632390141487122, "snow": 0.9501050114631653, "flora": 0.9387329816818237, "frost": 0.9361730813980103, "group": 0.936160147190094, "agriculture": 0.9325772523880005, "cotton": 0.9292346239089966, "field": 0.9289301633834839, "fair weather": 0.9273074865341187, "closeup": 0.9214287400245667, "tree": 0.9207139015197754, "landscape": 0.9140499234199524, "sky": 0.9088433980941772, "environment": 0.9000270962715149}