{"architecture": 0.9581167101860046, "house": 0.9532108306884766, "illustration": 0.9376819729804993, "square": 0.9207268357276917, "city": 0.9167453646659851, "no person": 0.9131209850311279, "desktop": 0.9115606546401978, "building": 0.8996964693069458, "roof": 0.8906232714653015, "design": 0.8819249272346497, "game": 0.8805330991744995, "family": 0.8799826502799988, "sky": 0.8794295191764832, "risk": 0.8581720590591431, "box": 0.8581035137176514, "nature": 0.8578117489814758, "horizontal": 0.8563995957374573, "shape": 0.8550058603286743, "casino": 0.8543555736541748, "travel": 0.8468316197395325}