{"template": 0.9839509725570679, "layout": 0.9828274250030518, "vectors": 0.9632647037506104, "World Wide Web": 0.9613478779792786, "graph": 0.9568445086479187, "page": 0.9564526081085205, "label": 0.9536638855934143, "banner": 0.9421159625053406, "vector": 0.938003659248352, "diagram": 0.9339384436607361, "business": 0.9331298470497131, "presentation": 0.9253537058830261, "booklet": 0.9229291081428528, "facts": 0.9149452447891235, "set": 0.9112224578857422, "number": 0.9089364409446716, "illustration": 0.9001569151878357, "arrow": 0.8988781571388245, "internet": 0.8837527632713318, "tag": 0.8769466876983643}