{"business": 0.994745135307312, "technology": 0.9805072546005249, "calculator": 0.9774962663650513, "computer": 0.9746957421302795, "telephone": 0.9662209153175354, "laptop": 0.9661968350410461, "no person": 0.9650365114212036, "office": 0.9618614315986633, "finance": 0.9543992280960083, "money": 0.953928530216217, "data": 0.953784704208374, "paper": 0.944582462310791, "balance": 0.9349775314331055, "composition": 0.9303522706031799, "electronics": 0.9009884595870972, "commerce": 0.8922927975654602, "connection": 0.8906913995742798, "financial": 0.8808403015136719, "banking": 0.8660178184509277, "writing": 0.8652112483978271}