{"agriculture": 0.998206615447998, "farm": 0.996313750743866, "garden": 0.993707001209259, "soil": 0.993624210357666, "grow": 0.9886099100112915, "growth": 0.9883941411972046, "maturation": 0.9872913956642151, "row": 0.9864924550056458, "horticulture": 0.9859040379524231, "flora": 0.9849717020988464, "pasture": 0.9821488261222839, "cultivation": 0.9761120080947876, "leaf": 0.9702882766723633, "food": 0.9701125621795654, "crop": 0.9650710821151733, "greenhouse": 0.9614670872688293, "rural": 0.9586886167526245, "vegetable": 0.9573391675949097, "nature": 0.9444419741630554, "country": 0.9291368722915649}