{"illustration": 0.9923221468925476, "chalk out": 0.9915555119514465, "sketch": 0.9884452819824219, "vector": 0.9865737557411194, "book bindings": 0.9792405962944031, "furniture": 0.9725757837295532, "armchair": 0.9694036245346069, "chair": 0.9683816432952881, "outline": 0.9635118842124939, "sofa": 0.9607902765274048, "art": 0.9526520371437073, "seat": 0.9464744925498962, "laugh": 0.9441768527030945, "man": 0.9389763474464417, "hand": 0.9296570420265198, "design": 0.9287270307540894, "office": 0.927442193031311, "scribble": 0.9221439361572266, "table": 0.9171974658966064, "desk": 0.9078986644744873}