{"illustration": 0.9834867715835571, "vector": 0.9584844708442688, "design": 0.9446485042572021, "no person": 0.9004133343696594, "art": 0.8826714158058167, "leaf": 0.8777395486831665, "shape": 0.8713551759719849, "desktop": 0.8663573265075684, "pattern": 0.8586934208869934, "retro": 0.858231782913208, "love": 0.8499776721000671, "decoration": 0.837980329990387, "nature": 0.8299714922904968, "card": 0.8114756345748901, "flora": 0.8110325932502747, "romance": 0.8107128739356995, "disjunct": 0.8061153292655945, "cute": 0.7945770621299744, "graphic": 0.789797842502594, "flower": 0.785172164440155}