{"corn": 0.997975766658783, "growth": 0.9965552091598511, "rural": 0.9957154393196106, "agriculture": 0.9942501783370972, "pasture": 0.9920167922973633, "cereal": 0.9915363788604736, "farm": 0.9889352917671204, "farmland": 0.981440007686615, "nature": 0.9807847738265991, "leaf": 0.9805675148963928, "field": 0.9794390201568604, "countryside": 0.9781602025032043, "summer": 0.975842297077179, "crop": 0.9660606384277344, "flora": 0.9591985940933228, "no person": 0.9522762298583984, "food": 0.9407116770744324, "sun": 0.9388470649719238, "sky": 0.9312812685966492, "grass": 0.9276845455169678}