{"tractor": 0.9966450333595276, "agriculture": 0.9961432814598083, "farm": 0.9960571527481079, "field": 0.9895989894866943, "machine": 0.9871905446052551, "soil": 0.9837923049926758, "nature": 0.968873918056488, "agronomy": 0.9672361612319946, "industry": 0.9639034867286682, "summer": 0.9626531600952148, "machinery": 0.9602048397064209, "outdoors": 0.9576787352561951, "growth": 0.9546483755111694, "crop": 0.9528951048851013, "equipment": 0.9505988359451294, "farming": 0.9440070390701294, "rural": 0.9400057196617126, "arable": 0.9351103901863098, "pasture": 0.9173150062561035, "season": 0.8970932960510254}