{"technology": 0.9969839453697205, "portable": 0.9948154091835022, "isolated": 0.9941093921661377, "device": 0.9939694404602051, "electronics": 0.993827760219574, "equipment": 0.9929239749908447, "computer": 0.9837850332260132, "wireless": 0.982185423374176, "connection": 0.9743606448173523, "plastic": 0.9731963276863098, "no person": 0.97210693359375, "telephone": 0.9714310169219971, "data": 0.9710296988487244, "business": 0.9515507817268372, "modern": 0.9511813521385193, "screen": 0.9486773014068604, "internet": 0.9430391788482666, "touch": 0.9404968023300171, "display": 0.9360596537590027, "keyboard": 0.9114149212837219}