{"car": 0.9990488886833191, "vehicle": 0.9966247081756592, "transportation system": 0.9920719265937805, "road": 0.9833893179893494, "street": 0.9757243990898132, "race": 0.9647170305252075, "action": 0.9641748070716858, "competition": 0.960568368434906, "traffic": 0.9554620385169983, "truck": 0.929132342338562, "driver": 0.9202569723129272, "drag race": 0.9115320444107056, "fast": 0.9078843593597412, "police": 0.9058700203895569, "hurry": 0.8859143853187561, "drive": 0.8787203431129456, "travel": 0.8745667338371277, "city": 0.8719284534454346, "automotive": 0.8684335947036743, "asphalt": 0.840796172618866}