{"business": 0.9932905435562134, "money": 0.9931436777114868, "finance": 0.992310643196106, "wealth": 0.9902873039245605, "currency": 0.9896857142448425, "paper": 0.9865430593490601, "achievement": 0.9758550524711609, "savings": 0.9732905030250549, "financial": 0.963445246219635, "dollar": 0.9595096111297607, "investment": 0.9455533623695374, "economy": 0.935771644115448, "cash": 0.9305564165115356, "bank": 0.9212976098060608, "no person": 0.9211912751197815, "desktop": 0.9164369106292725, "stacks": 0.9144570231437683, "number": 0.9114066958427429, "income": 0.908146858215332, "abundance": 0.8933694958686829}