{"business": 0.9914777874946594, "no person": 0.9825966954231262, "graphic design": 0.9813302159309387, "money": 0.9808719158172607, "currency": 0.9699158072471619, "wealth": 0.9693304300308228, "finance": 0.9564685821533203, "achievement": 0.9495400190353394, "growth": 0.93229079246521, "savings": 0.9031603336334229, "contemporary": 0.8994078636169434, "technology": 0.8973383903503418, "futuristic": 0.8963025808334351, "dollar": 0.8873665928840637, "financial": 0.8861474990844727, "internet": 0.861009418964386, "income": 0.856116533279419, "conceptual": 0.8521389961242676, "luck": 0.8503801226615906, "value": 0.8445735573768616}