{"interior design": 0.9961544871330261, "contemporary": 0.9897201657295227, "no person": 0.9879963994026184, "indoors": 0.9873855113983154, "wood": 0.9585019946098328, "exhibition": 0.9533499479293823, "family": 0.9378766417503357, "empty": 0.9378669857978821, "room": 0.935275673866272, "museum": 0.9247967004776001, "painting": 0.922991156578064, "furniture": 0.9128020405769348, "architecture": 0.9061148166656494, "luxury": 0.8750495314598083, "parquet": 0.8601025938987732, "minimalist": 0.8560763001441956, "comfort": 0.8466854691505432, "business": 0.8125067353248596, "mirror": 0.8048171997070312, "art": 0.7772936820983887}