{"display": 0.9796172976493835, "electronics": 0.97516930103302, "no person": 0.9619282484054565, "industry": 0.9444742798805237, "desktop": 0.9346033334732056, "switch": 0.9092894792556763, "old": 0.9009934663772583, "electricity": 0.8961935043334961, "panel": 0.8911027908325195, "color": 0.8903921842575073, "technology": 0.883663535118103, "computer": 0.8720354437828064, "circuit": 0.8563422560691833, "retro": 0.8451844453811646, "equipment": 0.8416600823402405, "travel": 0.8329465389251709, "console": 0.8280069828033447, "pattern": 0.8125293850898743, "indoors": 0.8084073066711426, "semiconductor": 0.8076752424240112}