{"no person": 0.976502001285553, "food": 0.9741414785385132, "nature": 0.9471483826637268, "health": 0.9386870861053467, "isolate": 0.9343740940093994, "disjunct": 0.9321960806846619, "leaf": 0.9265270233154297, "desktop": 0.9249385595321655, "kind": 0.9143792986869812, "nutrition": 0.8961083889007568, "variation": 0.8942127227783203, "healthy": 0.89420086145401, "fruit": 0.8620976805686951, "cooking": 0.8614222407341003, "ingredients": 0.8520892262458801, "collection": 0.8441068530082703, "freshness": 0.8431749939918518, "pepper": 0.8408745527267456, "vegetable": 0.8323553800582886, "garlic": 0.8102973103523254}