{"business": 0.9488690495491028, "template": 0.9453737735748291, "World Wide Web": 0.9431619644165039, "paper": 0.9373547434806824, "page": 0.9251043200492859, "text": 0.9229122400283813, "illustration": 0.9140646457672119, "vector": 0.9120591878890991, "company": 0.9048632383346558, "magazine": 0.893722414970398, "card": 0.8827153444290161, "layout": 0.8798866868019104, "document": 0.8705570697784424, "information": 0.8640949726104736, "bill": 0.861393928527832, "banner": 0.8582631945610046, "desktop": 0.8454337120056152, "office": 0.8442531228065491, "presentation": 0.8434269428253174, "vectors": 0.8415513038635254}