{"template": 0.9998098015785217, "layout": 0.9995588660240173, "World Wide Web": 0.9995265007019043, "banner": 0.9990887641906738, "label": 0.9989978671073914, "tag": 0.9982103109359741, "presentation": 0.9981991648674011, "steps": 0.996387243270874, "set": 0.9962062835693359, "comparability": 0.9958388805389404, "stepping": 0.9957259893417358, "page": 0.9953043460845947, "booklet": 0.9951924085617065, "restaurant check": 0.9947410821914673, "heading": 0.9935404658317566, "navigation": 0.9930523633956909, "arrow": 0.9928271174430847, "form": 0.9918346405029297, "browse": 0.990464448928833, "stripe": 0.9902737736701965}