{"agriculture": 0.9882452487945557, "field": 0.9777870178222656, "outdoors": 0.9760861992835999, "grass": 0.9721590876579285, "tree": 0.9663370847702026, "farm": 0.9638422131538391, "sky": 0.9496601223945618, "landscape": 0.9418385028839111, "no person": 0.9399401545524597, "summer": 0.9391109943389893, "nature": 0.9378769993782043, "soil": 0.9322953224182129, "crop": 0.9291595816612244, "pasture": 0.9048042893409729, "equipment": 0.9008374214172363, "flora": 0.8929592967033386, "horizontal plane": 0.8925360441207886, "technology": 0.875679075717926, "horizontal": 0.8745600581169128, "industry": 0.8692790269851685}