{"sketch": 0.9953200221061707, "illustration": 0.9895234704017639, "child": 0.9867664575576782, "fun": 0.9811353087425232, "vector": 0.9780895113945007, "no person": 0.9483394026756287, "graphic": 0.9422821998596191, "humor": 0.9193309545516968, "outdoors": 0.9189748167991638, "cute": 0.9044433236122131, "graphic design": 0.8987599015235901, "funny": 0.8875979781150818, "theme": 0.8815030455589294, "amusing": 0.8606122732162476, "happiness": 0.8461107015609741, "circus": 0.8443784117698669, "movie": 0.8302658200263977, "man": 0.8182352185249329, "art": 0.8144511580467224, "horizontal": 0.8002716302871704}