{"nature": 0.9891716837882996, "outdoors": 0.9843722581863403, "health": 0.9817553758621216, "summer": 0.9696215391159058, "pasture": 0.965674877166748, "basket": 0.9648839235305786, "leaf": 0.941440224647522, "food": 0.9412699341773987, "fall": 0.9200605750083923, "grass": 0.9126688838005066, "nutrition": 0.8777132034301758, "farming": 0.876666784286499, "wicker": 0.8756293654441833, "garden": 0.8645772337913513, "no person": 0.8601386547088623, "vegetable": 0.8548901677131653, "woman": 0.8509119153022766, "lettuce": 0.8449227213859558, "healthy": 0.8410018086433411, "countryside": 0.8337532877922058}