{"shopping": 0.999779999256134, "supermarket": 0.9997325539588928, "market": 0.9988816380500793, "shop": 0.9986506104469299, "stock": 0.9985582232475281, "commerce": 0.9952442049980164, "shopping cart": 0.9921122789382935, "merchandise": 0.9891785383224487, "sale": 0.988554060459137, "buyer": 0.9877733588218689, "bargain": 0.9873536825180054, "mall": 0.9776992797851562, "aisle": 0.9756968021392822, "cart": 0.9696736335754395, "option": 0.9674155116081238, "marketplace": 0.9660938382148743, "sell": 0.9649790525436401, "shopper": 0.9629536271095276, "choose": 0.9504836201667786, "shelf": 0.9488235712051392}