{"telephone": 0.997273862361908, "screen": 0.9929937720298767, "touch": 0.9928832054138184, "business": 0.9914251565933228, "technology": 0.9897928237915039, "communication": 0.9863179922103882, "electronics": 0.9693387150764465, "pill": 0.967183530330658, "hand": 0.9655516147613525, "display": 0.960399866104126, "internet": 0.9595938324928284, "connection": 0.9571212530136108, "device": 0.9567554593086243, "machinery": 0.951605498790741, "portable": 0.94975346326828, "computer": 0.9419381022453308, "appliance": 0.9358280301094055, "smart": 0.9296103715896606, "finance": 0.9269452691078186, "data": 0.9061827659606934}