{"research": 0.9996334314346313, "chemistry": 0.9991828799247742, "biochemistry": 0.9988435506820679, "biology": 0.9987047910690308, "microbiology": 0.9985847473144531, "laboratory": 0.9985285997390747, "science laboratory": 0.9975625276565552, "test": 0.9966591596603394, "science": 0.9954763054847717, "scientific": 0.9935338497161865, "weed": 0.9913434982299805, "pharmacology": 0.9871559143066406, "chemical": 0.9849181771278381, "tube": 0.983034610748291, "glass": 0.9829893708229065, "glass items": 0.9781433343887329, "medicine": 0.9772980809211731, "agronomy": 0.9752629399299622, "discovery": 0.9749681949615479, "no person": 0.9746617674827576}