{"agriculture": 0.9963623881340027, "crop": 0.9910380840301514, "wheat": 0.9864372611045837, "farm": 0.9855921268463135, "machine": 0.9841565489768982, "cereal": 0.9837775230407715, "rural": 0.9817948937416077, "corn": 0.9726146459579468, "pasture": 0.967574417591095, "field": 0.9621499180793762, "industry": 0.9467526078224182, "countryside": 0.946658194065094, "straw": 0.9463394284248352, "cropland": 0.944494903087616, "dust": 0.9328623414039612, "machinery": 0.9285338521003723, "tractor": 0.9250732064247131, "outdoors": 0.9200833439826965, "smoke": 0.9164575338363647, "landscape": 0.9153590202331543}