{"art": 0.9867996573448181, "fashion": 0.9822215437889099, "fantasy": 0.9716876745223999, "design": 0.951011598110199, "woman": 0.9445077776908875, "magic": 0.9445016980171204, "illustration": 0.929624617099762, "color": 0.9284676909446716, "doll": 0.9262761473655701, "costume": 0.897409975528717, "style": 0.8889657258987427, "mannequin": 0.8841749429702759, "model": 0.8784385919570923, "figure": 0.8769904375076294, "retro": 0.8733847141265869, "traditional": 0.871351420879364, "lady": 0.8706415891647339, "lid": 0.8665849566459656, "girl": 0.8569625020027161, "manga": 0.8561649918556213}