{"illustration": 0.9740948677062988, "vector": 0.973871648311615, "map": 0.9732109308242798, "cartography": 0.938599169254303, "fall": 0.9051963090896606, "vectors": 0.8950568437576294, "no person": 0.892800509929657, "banner": 0.8881779313087463, "leaf": 0.8720787167549133, "nature": 0.8700005412101746, "set": 0.8652152419090271, "design": 0.8628121018409729, "graph": 0.8575279116630554, "template": 0.8334222435951233, "card": 0.8090620636940002, "graphic design": 0.8078308701515198, "horizontal": 0.8024148941040039, "business": 0.7937354445457458, "navigation": 0.7914453148841858, "travel": 0.7909727096557617}