{"flat": 0.9885607361793518, "vectors": 0.9832282066345215, "no person": 0.9698368906974792, "facts": 0.9616303443908691, "data": 0.9494134187698364, "business": 0.947317361831665, "internet": 0.9399177432060242, "graphic design": 0.9394129514694214, "electronics": 0.9283294677734375, "designing": 0.9233885407447815, "retro": 0.9075217843055725, "illustration": 0.8971924185752869, "technology": 0.8858350515365601, "vector": 0.863368570804596, "contemporary": 0.8606995940208435, "paper": 0.8457260727882385, "service": 0.8333454132080078, "isolated": 0.8234779238700867, "equipment": 0.8189659714698792, "currency": 0.8184576630592346}