{"agriculture": 0.9898820519447327, "leaf": 0.9844347834587097, "farm": 0.9829196929931641, "nature": 0.9788224101066589, "field": 0.9751697182655334, "no person": 0.9697698354721069, "growth": 0.9675836563110352, "flora": 0.9615684747695923, "rural": 0.9539403319358826, "summer": 0.9524232745170593, "pasture": 0.9469839334487915, "soil": 0.9425841569900513, "sun": 0.9422169923782349, "landscape": 0.9420883655548096, "fair weather": 0.9237568378448486, "crop": 0.918237566947937, "outdoors": 0.9081875681877136, "bright": 0.8855583071708679, "countryside": 0.8737520575523376, "farmland": 0.8610646724700928}