{"business": 0.9951163530349731, "currency": 0.9948646426200867, "paper": 0.9928659200668335, "wealth": 0.9926409125328064, "finance": 0.9920875430107117, "money": 0.9904939532279968, "pay": 0.9880847334861755, "savings": 0.9799976944923401, "bank": 0.9745916724205017, "isolated": 0.9715172052383423, "cash": 0.968152642250061, "dollar": 0.9614673256874084, "shopping": 0.9600180387496948, "achievement": 0.9576515555381775, "no person": 0.954338014125824, "number": 0.9508000016212463, "income": 0.9501210451126099, "financial": 0.9408807754516602, "debt": 0.9246787428855896, "electronics": 0.9186960458755493}