{"business": 0.9802699089050293, "no person": 0.974881112575531, "text": 0.9493716359138489, "internet": 0.9462497234344482, "facts": 0.9337698221206665, "spherical": 0.9182252883911133, "security": 0.9110676646232605, "horizontal": 0.9048126935958862, "service": 0.8961955308914185, "illustration": 0.8910622596740723, "achievement": 0.8823665976524353, "technology": 0.8658117055892944, "graphic design": 0.8591243624687195, "conceptual": 0.8557918667793274, "data": 0.8545642495155334, "well": 0.8542534112930298, "communication": 0.8505235910415649, "identity": 0.8459987640380859, "vectors": 0.8120112419128418, "aid": 0.8060733079910278}