{"agriculture": 0.9811260104179382, "nature": 0.9720926880836487, "farm": 0.9674764275550842, "flora": 0.9649208784103394, "growth": 0.9587530493736267, "landscape": 0.9147562980651855, "outdoors": 0.8965739607810974, "desktop": 0.8955016136169434, "leaf": 0.8891280293464661, "crop": 0.8854044675827026, "horizontal": 0.874596118927002, "season": 0.8728036880493164, "illustration": 0.8714784979820251, "vector": 0.8696560859680176, "vegetable": 0.850601077079773, "food": 0.8475825190544128, "pattern": 0.8469401597976685, "business": 0.841605544090271, "summer": 0.8348034620285034, "field": 0.8197035193443298}