{"money": 0.9987253546714783, "currency": 0.9984585046768188, "abundance": 0.9978896975517273, "wealth": 0.9974465370178223, "dollar": 0.9948602318763733, "finance": 0.9946356415748596, "business": 0.9944933652877808, "savings": 0.9942743182182312, "cash": 0.9864389896392822, "paper": 0.986006498336792, "bank": 0.9858121871948242, "achievement": 0.9853987693786621, "investment": 0.9835315942764282, "loan": 0.9789895415306091, "luck": 0.9767270088195801, "financial": 0.9760476350784302, "desktop": 0.974334716796875, "market": 0.9651654362678528, "century": 0.9609323740005493, "pay": 0.960699737071991}