{"nature": 0.9937024116516113, "agriculture": 0.9880591034889221, "no person": 0.987434446811676, "rural": 0.9859311580657959, "field": 0.9840775728225708, "environment": 0.982613205909729, "farm": 0.9663002490997314, "summer": 0.9654820561408997, "bright": 0.9604058265686035, "sky": 0.9588057994842529, "landscape": 0.9566871523857117, "flower": 0.9514954090118408, "countryside": 0.9513372182846069, "ecology": 0.9511966705322266, "growth": 0.9486010670661926, "outdoors": 0.9478409886360168, "oil": 0.9464637041091919, "grass": 0.9362562894821167, "fair weather": 0.9358788728713989, "flora": 0.9345542192459106}