{"business": 0.98944491147995, "technology": 0.955121636390686, "indoors": 0.9495055675506592, "horizontal": 0.9460604190826416, "internet": 0.9456005692481995, "telephone": 0.9454543590545654, "touch": 0.934744656085968, "electronics": 0.9272776246070862, "paper": 0.9230971932411194, "pill": 0.9131819605827332, "communication": 0.9125674962997437, "finance": 0.9024896621704102, "shopping": 0.8982179164886475, "woman": 0.8964015245437622, "no person": 0.8842626214027405, "service": 0.8795595765113831, "adult": 0.8795042634010315, "pay": 0.8758847117424011, "data": 0.8737016916275024, "information": 0.8703674077987671}