{"electronics": 0.9860201478004456, "touch": 0.9858115911483765, "internet": 0.9783049821853638, "telephone": 0.9770430326461792, "portable": 0.9757212400436401, "wireless": 0.9642457365989685, "technology": 0.9636021852493286, "business": 0.9626808166503906, "screen": 0.9580132961273193, "connection": 0.9426249265670776, "pill": 0.936784029006958, "woman": 0.9342520236968994, "machinery": 0.9271253347396851, "computer": 0.9254178404808044, "family": 0.9114270806312561, "indoors": 0.9038246273994446, "shopping": 0.9037044644355774, "appliance": 0.8971474766731262, "no person": 0.8828133344650269, "data": 0.8720869421958923}