{"no person": 0.9964368343353271, "silhouette": 0.9483917951583862, "nature": 0.9397463202476501, "disjunct": 0.9310160279273987, "isolated": 0.9222673177719116, "bright": 0.9209808111190796, "health": 0.918891966342926, "graphic design": 0.9062759280204773, "art": 0.8935378789901733, "vector": 0.8907723426818848, "illustration": 0.8818085789680481, "danger": 0.8751540780067444, "moon": 0.867015540599823, "dark": 0.8647533059120178, "desktop": 0.8520179986953735, "traditional": 0.8322150707244873, "artistic": 0.812256932258606, "retro": 0.8071363568305969, "shining": 0.7884383797645569, "conceptual": 0.7851147651672363}