{"no person": 0.997373104095459, "ingredients": 0.9885586500167847, "health": 0.9878740906715393, "cooking": 0.9829590320587158, "nature": 0.9823172092437744, "leaf": 0.9806793928146362, "garlic": 0.9806103706359863, "food": 0.9738296866416931, "wood": 0.9566823840141296, "vegetable": 0.9556722640991211, "nutrition": 0.9546324014663696, "pasture": 0.9475916624069214, "rustic": 0.9464990496635437, "onion": 0.9346544742584229, "summer": 0.9271578192710876, "root": 0.9165433645248413, "vitamin": 0.9153273105621338, "root vegetable": 0.9142600297927856, "fall": 0.9130939841270447, "chives": 0.9105990529060364}