{"soil": 0.9983803033828735, "agriculture": 0.997687816619873, "growth": 0.9932709336280823, "flora": 0.9889877438545227, "nature": 0.985154926776886, "row": 0.9772407412528992, "farm": 0.9766746759414673, "ball-shaped": 0.9762797951698303, "leaf": 0.9733018279075623, "ground": 0.9635944366455078, "farmland": 0.9523555636405945, "no person": 0.9497296810150146, "outdoors": 0.9438158869743347, "rural": 0.9400544762611389, "maturation": 0.9321336150169373, "summer": 0.9265612959861755, "field": 0.9227204918861389, "environment": 0.9222357869148254, "cultivation": 0.9046133160591125, "pasture": 0.9020813703536987}