{"telephone": 0.9976073503494263, "technology": 0.9957666397094727, "touch": 0.9951989054679871, "connection": 0.9927293658256531, "internet": 0.9919914603233337, "screen": 0.9850599765777588, "business": 0.984495222568512, "pill": 0.9739239811897278, "computer": 0.9731662273406982, "electronics": 0.9675691723823547, "communication": 0.9602356553077698, "machinery": 0.9595243334770203, "portable": 0.9580962657928467, "wireless": 0.9462660551071167, "appliance": 0.9432422518730164, "spherical": 0.9292021989822388, "indoors": 0.9171141386032104, "horizontal": 0.9016653895378113, "convenience": 0.89665287733078, "data": 0.8943831920623779}