{"broccoli": 0.9935480952262878, "nature": 0.9865115880966187, "no person": 0.9793353080749512, "flora": 0.9748874306678772, "freshness": 0.9748483300209045, "horizontal": 0.974660336971283, "isolate": 0.972767174243927, "leaf": 0.9597266912460327, "food": 0.9593585133552551, "disjunct": 0.9515153765678406, "vegetable": 0.9469034075737, "ingredients": 0.9421119093894958, "health": 0.9256032705307007, "vertical": 0.896299421787262, "medicine": 0.8681278228759766, "agriculture": 0.8653689622879028, "vitamin": 0.8582115769386292, "nutrition": 0.8399000763893127, "healthcare": 0.8393508791923523, "cooking": 0.8091503977775574}