{"health": 0.9941599369049072, "nature": 0.9906490445137024, "juicy": 0.9870703816413879, "no person": 0.9845814108848572, "leaf": 0.9839731454849243, "nutrition": 0.9827553629875183, "pasture": 0.9818399548530579, "food": 0.9810075163841248, "ingredients": 0.9797937273979187, "delicious": 0.9710803031921387, "tomato": 0.9600599408149719, "summer": 0.9442071318626404, "vitamin": 0.9440569877624512, "grow": 0.9434142112731934, "farming": 0.9364503622055054, "garden": 0.9327196478843689, "fruit": 0.9276068806648254, "vegetable": 0.9185837507247925, "taste": 0.9179900884628296, "wet": 0.8984405398368835}