{"glass": 0.9952056407928467, "medicine": 0.9799582362174988, "research": 0.9756224751472473, "laboratory": 0.9697699546813965, "no person": 0.9642158150672913, "chemistry": 0.956141471862793, "test": 0.9549229145050049, "medical": 0.946503758430481, "health": 0.9459814429283142, "indoors": 0.9444314241409302, "container": 0.9424907565116882, "biology": 0.9251716136932373, "H2O": 0.9116820693016052, "science laboratory": 0.9106460213661194, "jar": 0.9104638695716858, "science": 0.9061453342437744, "treatment": 0.8950227499008179, "glass items": 0.8927165865898132, "pharmacology": 0.8881901502609253, "still life": 0.8859216570854187}