{"health": 0.9955282807350159, "no person": 0.9934601783752441, "food": 0.9874001145362854, "nutrition": 0.9869489073753357, "fruit": 0.9489436745643616, "healthcare": 0.9445814490318298, "farming": 0.9339715838432312, "juicy": 0.9338783621788025, "vitamin": 0.9234248399734497, "isolated": 0.9175809025764465, "stranded": 0.8991116285324097, "delicious": 0.8890954852104187, "medicine": 0.8778530359268188, "healthy": 0.8647651672363281, "ingredients": 0.8613025546073914, "diet": 0.8521481156349182, "juice": 0.8316090703010559, "leaf": 0.8307740688323975, "isolate": 0.8298454284667969, "taste": 0.8296322226524353}