{"stripe": 0.9860266447067261, "design": 0.9780814051628113, "illustration": 0.9646584391593933, "vector": 0.952478289604187, "banner": 0.9498645067214966, "paper": 0.9449374079704285, "disjunct": 0.9431314468383789, "graphic design": 0.941951334476471, "graph": 0.9415931105613708, "no person": 0.9364967942237854, "blank": 0.9330596923828125, "business": 0.927021861076355, "label": 0.9256599545478821, "card": 0.9223138093948364, "empty": 0.9140626788139343, "template": 0.909261167049408, "art": 0.9077654480934143, "devoid": 0.903389573097229, "satin": 0.9025788307189941, "pattern": 0.8989822268486023}