{"no person": 0.9878756999969482, "desktop": 0.9453526139259338, "health": 0.9206862449645996, "food": 0.9060985445976257, "biology": 0.8543784618377686, "nutrition": 0.8534579873085022, "horizontal": 0.8516095876693726, "science": 0.8420689702033997, "traditional": 0.8308413624763489, "medicine": 0.8126540184020996, "nature": 0.8046804666519165, "pattern": 0.7990540862083435, "microbiology": 0.7969809174537659, "business": 0.7917726635932922, "drink": 0.7834191918373108, "ingredients": 0.7827393412590027, "wood": 0.77646803855896, "outdoors": 0.7749295830726624, "summer": 0.7714393734931946, "wealth": 0.7697659134864807}