{"no person": 0.9947762489318848, "antique": 0.9650890231132507, "retro": 0.9616707563400269, "vintage": 0.9556410908699036, "transportation system": 0.9509377479553223, "old": 0.950286865234375, "nostalgia": 0.9456430077552795, "vehicle": 0.9340685606002808, "machinery": 0.9230397939682007, "classic": 0.9224482774734497, "wheel": 0.9179254770278931, "rural": 0.9108064770698547, "wagon": 0.9088985919952393, "obsolete": 0.8960410356521606, "outdoors": 0.887404203414917, "traditional": 0.8635503053665161, "power": 0.8367376327514648, "rustic": 0.8281569480895996, "rusty": 0.8201252818107605, "tractor": 0.7972350716590881}