{"cloud": 0.9955856800079346, "field": 0.9926324486732483, "sky": 0.9908767342567444, "nature": 0.9891997575759888, "horizon": 0.9876084327697754, "agriculture": 0.9869219064712524, "landscape": 0.9868440628051758, "cloudscape": 0.9803404808044434, "outdoors": 0.9747904539108276, "rural": 0.9726564884185791, "farm": 0.972445547580719, "panoramic": 0.9650206565856934, "grass": 0.9591057896614075, "countryside": 0.9563699960708618, "hayfield": 0.9561774730682373, "summer": 0.9527913928031921, "sun": 0.9520747661590576, "open field": 0.9517051577568054, "soil": 0.9516347646713257, "horizontal plane": 0.9508503079414368}