{"wood": 0.9442740678787231, "desktop": 0.9316114783287048, "number": 0.9278081655502319, "no person": 0.9202744364738464, "display": 0.9108273386955261, "gameplan": 0.9003577828407288, "option": 0.9001911878585815, "participate": 0.8974937200546265, "horizontal": 0.8928555250167847, "indoors": 0.8910701274871826, "focus": 0.8668051362037659, "chess": 0.8654026985168457, "play": 0.8480499386787415, "business": 0.8478513956069946, "table": 0.8363160490989685, "equipment": 0.8261988162994385, "fun": 0.8252418637275696, "medicine": 0.8180049657821655, "vertical": 0.8042930364608765, "closeup": 0.8024545311927795}