{"sky": 0.9919272661209106, "aircraft": 0.9827237725257874, "space": 0.9802910089492798, "outdoors": 0.9798738360404968, "airplane": 0.9797199368476868, "no person": 0.9787745475769043, "travel": 0.9743152856826782, "transportation system": 0.9725117087364197, "desktop": 0.9557207822799683, "jet": 0.9457365870475769, "speed": 0.9414762258529663, "motion": 0.9393083453178406, "precision": 0.9356546401977539, "flight": 0.9244790077209473, "horizontal": 0.9160914421081543, "science": 0.9031611680984497, "silhouette": 0.9010909795761108, "flying": 0.8996586799621582, "moon": 0.8919471502304077, "astronomy": 0.890562891960144}