{"art": 0.9767881631851196, "fantasy": 0.9636544585227966, "illustration": 0.9396772980690002, "graphic": 0.8818380832672119, "mask": 0.879462480545044, "retro": 0.8733468055725098, "artistic": 0.8629997372627258, "influencer": 0.8601883053779602, "man": 0.8598438501358032, "design": 0.8578784465789795, "flame": 0.8422545790672302, "smoke": 0.835659384727478, "traditional": 0.8275468349456787, "graphic design": 0.8254536390304565, "sword": 0.820791482925415, "futuristic": 0.8097277879714966, "fun": 0.8036667704582214, "vector": 0.8024867177009583, "bike": 0.8005277514457703, "fiction": 0.7754936814308167}