{"chalk": 0.9999539852142334, "chalkboard": 0.9999146461486816, "handwriting": 0.9980272650718689, "writing": 0.9973830580711365, "education": 0.9963118433952332, "text": 0.9935117363929749, "school": 0.9926884174346924, "display": 0.9847360253334045, "handwritten": 0.9832466244697571, "business": 0.9809333086013794, "classroom": 0.9766362309455872, "lesson": 0.9734721183776855, "achievement": 0.9695048928260803, "teacher": 0.9673935174942017, "conceptual": 0.9582698345184326, "motivation": 0.9561008214950562, "strategy": 0.9544137716293335, "chalk out": 0.9488359093666077, "inspirational": 0.933243453502655, "send message": 0.9288302659988403}