{"agriculture": 0.9983304142951965, "farm": 0.9962060451507568, "soil": 0.9961775541305542, "growth": 0.9928585290908813, "crop": 0.9914253950119019, "field": 0.9907655715942383, "corn": 0.989841878414154, "pasture": 0.9870589971542358, "rural": 0.9867167472839355, "cereal": 0.9842720031738281, "food": 0.9805412888526917, "industry": 0.971325159072876, "countryside": 0.9643164277076721, "no person": 0.9596114754676819, "ball-shaped": 0.9590681791305542, "nature": 0.955092191696167, "seed": 0.9540953040122986, "tractor": 0.9532174468040466, "sky": 0.9510856866836548, "grow": 0.9493067264556885}