{"no person": 0.9901024103164673, "graphic design": 0.9756160378456116, "isolated": 0.9680590033531189, "machinery": 0.9630134701728821, "business": 0.9608316421508789, "illustration": 0.9474497437477112, "vectors": 0.9453850984573364, "electronics": 0.9421836733818054, "touch": 0.9406818747520447, "technology": 0.9362127780914307, "connection": 0.9360237121582031, "gasoline": 0.9313310980796814, "man": 0.9291009306907654, "designing": 0.9203191995620728, "equipment": 0.914787232875824, "internet": 0.907914400100708, "service": 0.906764030456543, "facts": 0.904691755771637, "portable": 0.8892343044281006, "data": 0.8877009749412537}