{"market": 0.9997554421424866, "stall": 0.996322512626648, "shopping": 0.9940658807754517, "sale": 0.993999719619751, "vegetable": 0.9921898245811462, "sell": 0.9917927384376526, "grow": 0.9912602305412292, "carrot": 0.9832248687744141, "group": 0.9822722673416138, "stock": 0.9791795611381531, "marketplace": 0.9765525460243225, "food": 0.9727190136909485, "local": 0.9660114645957947, "healthy": 0.9637699127197266, "many": 0.9613767266273499, "supermarket": 0.945127010345459, "batch": 0.9362508058547974, "pasture": 0.9301841259002686, "root vegetable": 0.9266234636306763, "shop": 0.9240824580192566}