{"business": 0.9935531616210938, "technology": 0.9893965125083923, "indoors": 0.9855022430419922, "computer": 0.9824299812316895, "connection": 0.9764277338981628, "blur": 0.9670489430427551, "office": 0.9636132717132568, "internet": 0.9595474004745483, "woman": 0.9586419463157654, "laptop": 0.9506179094314575, "telephone": 0.9438632130622864, "adult": 0.9406129121780396, "horizontal": 0.9306159019470215, "shopping": 0.9035831093788147, "convenience": 0.8941663503646851, "electronics": 0.8912701606750488, "communication": 0.8693562746047974, "access": 0.8654948472976685, "machinery": 0.8607407212257385, "desk": 0.859943151473999}