{"no person": 0.9908751249313354, "business": 0.9814276695251465, "paper": 0.9804209470748901, "achievement": 0.9594011902809143, "graphic design": 0.9539791941642761, "option": 0.9445598721504211, "shopping": 0.9327191114425659, "retro": 0.9309521913528442, "facts": 0.9307367205619812, "conceptual": 0.9065583348274231, "text": 0.9041936993598938, "merchandise": 0.8995997905731201, "internet": 0.8887452483177185, "typography": 0.884045422077179, "well": 0.8817133903503418, "knowledge": 0.8537208437919617, "slim": 0.853064775466919, "data": 0.8499372005462646, "sale": 0.8433495163917542, "money": 0.8325350284576416}