{"business": 0.9865998029708862, "finance": 0.9716889262199402, "graph": 0.9503875374794006, "number": 0.9497403502464294, "data": 0.9495475888252258, "technology": 0.9296252131462097, "money": 0.9176931977272034, "facts": 0.9153686761856079, "currency": 0.903979480266571, "financial": 0.9027447700500488, "diagram": 0.8981948494911194, "paper": 0.8851525187492371, "growth": 0.867669403553009, "medicine": 0.8626588582992554, "research": 0.8488779664039612, "investment": 0.8479564785957336, "horizontal": 0.8439715504646301, "equipment": 0.8430099487304688, "written report": 0.8417020440101624, "office": 0.8362922668457031}