{"illustration": 0.9602156281471252, "vector": 0.9508568048477173, "design": 0.9478455185890198, "horizontal": 0.9463486075401306, "desktop": 0.9387302398681641, "banner": 0.9329116344451904, "line": 0.9271002411842346, "no person": 0.917322039604187, "stripe": 0.9161806702613831, "abstract": 0.9112104773521423, "text": 0.9095647931098938, "paper": 0.9003556370735168, "graphic": 0.8869811296463013, "business": 0.8811294436454773, "disjunct": 0.875856339931488, "facts": 0.8710999488830566, "picture frame": 0.8683933615684509, "World Wide Web": 0.8681708574295044, "template": 0.8566709160804749, "medicine": 0.8478367924690247}