{"tractor": 0.9919805526733398, "vehicle": 0.9905694723129272, "machine": 0.9893396496772766, "industry": 0.9844106435775757, "machinery": 0.9682129621505737, "transportation system": 0.9574958682060242, "truck": 0.9571636319160461, "soil": 0.9328144192695618, "engine": 0.9313772916793823, "work": 0.9298367500305176, "power": 0.9109261631965637, "environment": 0.9064372181892395, "road": 0.9031525254249573, "condensation": 0.8971397876739502, "car": 0.8866844773292542, "equipment": 0.885006844997406, "wheel": 0.8685457706451416, "diesel": 0.8585892915725708, "heavy": 0.8470700979232788, "pollution": 0.8346835374832153}