{"business": 0.9993183612823486, "money": 0.9929654598236084, "office": 0.9916191101074219, "finance": 0.9880852699279785, "currency": 0.986375093460083, "paper": 0.9848218560218811, "computer": 0.9822299480438232, "data": 0.980475127696991, "no person": 0.9803907871246338, "wealth": 0.9756737947463989, "number": 0.9725340604782104, "pay": 0.9677685499191284, "closeup": 0.9639493227005005, "technology": 0.9622561931610107, "composition": 0.9569731950759888, "electronics": 0.9529724717140198, "laptop": 0.9524985551834106, "financial": 0.9448539614677429, "facts": 0.9316540956497192, "commerce": 0.9278337359428406}