{"food": 0.9775756597518921, "health": 0.9750985503196716, "corn": 0.9575120806694031, "isolate": 0.9550853371620178, "vegetable": 0.953287661075592, "healthy": 0.9469025731086731, "nutrition": 0.9443154335021973, "desktop": 0.9369938373565674, "pepper": 0.9314155578613281, "collection": 0.9220166802406311, "diet": 0.891145646572113, "bottle": 0.874971330165863, "broccoli": 0.8745914697647095, "freshness": 0.8708530068397522, "cooking": 0.8690263628959656, "tomato": 0.8632245063781738, "meal": 0.854589581489563, "carrot": 0.8474462032318115, "no person": 0.8427025675773621, "glass": 0.838629424571991}