{"money": 0.9827888607978821, "business": 0.971367359161377, "abundance": 0.9675002098083496, "market": 0.9604310989379883, "currency": 0.9511616826057434, "many": 0.9439668655395508, "wealth": 0.9394382834434509, "bank": 0.9381938576698303, "no person": 0.935772180557251, "pattern": 0.9343616962432861, "waste": 0.931411623954773, "cash": 0.9269326329231262, "banking": 0.9261488318443298, "desktop": 0.9247134923934937, "sale": 0.9206192493438721, "finance": 0.9179014563560486, "sell": 0.9041487574577332, "group": 0.9016855359077454, "shopping": 0.8931251168251038, "pile": 0.8918681740760803}