{"water": 0.9902100563049316, "nature": 0.9853100776672363, "outdoors": 0.9848528504371643, "tree": 0.9796137809753418, "river": 0.9741213321685791, "no person": 0.9441763162612915, "landscape": 0.9378374218940735, "wood": 0.9362128973007202, "smoke": 0.9319210648536682, "rainforest": 0.9286511540412903, "travel": 0.9029550552368164, "flora": 0.9016619324684143, "fog": 0.8981478810310364, "grass": 0.8965527415275574, "reflection": 0.8959541320800781, "bridge": 0.894622266292572, "rain": 0.8910877108573914, "horizontal plane": 0.8876587748527527, "pool": 0.886322557926178, "summer": 0.8823965787887573}