{"growth": 0.996510922908783, "agriculture": 0.9934770464897156, "outdoors": 0.9916864037513733, "soil": 0.9887924790382385, "nature": 0.9813233613967896, "leaf": 0.9777346253395081, "flora": 0.9774184823036194, "cloud": 0.9547913670539856, "farm": 0.9457242488861084, "horizontal": 0.9381701350212097, "sky": 0.9255964756011963, "fair weather": 0.9196317791938782, "pasture": 0.8986942172050476, "ball-shaped": 0.8936741948127747, "summer": 0.8699365258216858, "farmland": 0.8544836044311523, "vine": 0.8524891138076782, "no person": 0.851434588432312, "environment": 0.8328402042388916, "crop": 0.8257677555084229}