{"business": 0.9842180013656616, "text": 0.9618155360221863, "illustration": 0.9474412798881531, "achievement": 0.9450915455818176, "service": 0.9432182908058167, "internet": 0.9077740907669067, "abstract": 0.9075411558151245, "image": 0.8965100646018982, "motivation": 0.8808739185333252, "strategy": 0.8564392328262329, "improvement": 0.8564279079437256, "World Wide Web": 0.8521291613578796, "option": 0.8510636687278748, "down to a science": 0.8394778370857239, "communication": 0.8189319968223572, "attitude": 0.8101712465286255, "change": 0.8066405057907104, "label": 0.8024469614028931, "accomplishment": 0.8006004095077515, "desktop": 0.7970232963562012}