{"no person": 0.991689920425415, "food": 0.9867636561393738, "health": 0.9861769080162048, "tomato": 0.9833303093910217, "nutrition": 0.9829277396202087, "juicy": 0.9734322428703308, "ingredients": 0.9709184169769287, "farming": 0.9624555706977844, "disjunct": 0.9488729238510132, "shining": 0.9463045001029968, "vegetable": 0.939785361289978, "leaf": 0.937445342540741, "isolate": 0.9372791647911072, "delicious": 0.919136643409729, "cooking": 0.9115410447120667, "vitamin": 0.8925595879554749, "fruit": 0.8786399960517883, "round out": 0.8765845894813538, "grow": 0.8704553842544556, "isolated": 0.860292911529541}