{"agriculture": 0.9957038760185242, "cropland": 0.9943546056747437, "crop": 0.9845464825630188, "farm": 0.9817377924919128, "tractor": 0.9779729247093201, "field": 0.9753267765045166, "plow": 0.9581728577613831, "pasture": 0.9571674466133118, "landscape": 0.9524317979812622, "soil": 0.9478392004966736, "rural": 0.9331161975860596, "machine": 0.9226007461547852, "farming": 0.9224752187728882, "farmland": 0.9197773933410645, "countryside": 0.9050310850143433, "outdoors": 0.9015721082687378, "country": 0.8986020088195801, "no person": 0.892572820186615, "growth": 0.8807663321495056, "industry": 0.8784135580062866}