{"agriculture": 0.9871156215667725, "house": 0.9860652685165405, "landscape": 0.9840298891067505, "no person": 0.9837941527366638, "cropland": 0.9833452105522156, "travel": 0.9806591272354126, "hill": 0.9775213003158569, "countryside": 0.9741045832633972, "valley": 0.9705003499984741, "farm": 0.9685714840888977, "rural": 0.9619969725608826, "mountain": 0.960446834564209, "nature": 0.9580787420272827, "town": 0.9562640190124512, "architecture": 0.9553005695343018, "outdoors": 0.955097496509552, "summer": 0.9469002485275269, "farmhouse": 0.9351688623428345, "vineyard": 0.9287704229354858, "sight": 0.9238222241401672}