{"tractor": 0.9975700974464417, "soil": 0.9947758913040161, "machinery": 0.9941467046737671, "agriculture": 0.9874667525291443, "machine": 0.9860038161277771, "plow": 0.9741591215133667, "vehicle": 0.9706782102584839, "farm": 0.9661650061607361, "no person": 0.9616346955299377, "equipment": 0.9614020586013794, "industry": 0.9549515843391418, "farmland": 0.9341078400611877, "outdoors": 0.9289875626564026, "wheel": 0.9088259339332581, "rural": 0.9071055054664612, "pasture": 0.8981103897094727, "transportation system": 0.8965787887573242, "ground": 0.8750686645507812, "field": 0.8598615527153015, "countryside": 0.8577555418014526}