{"vector": 0.98277747631073, "illustration": 0.9799593687057495, "design": 0.9773147106170654, "desktop": 0.9636591076850891, "card": 0.954064667224884, "abstract": 0.9335978031158447, "graphic": 0.9312639832496643, "template": 0.9301195740699768, "art": 0.9291206002235413, "ornate": 0.9268984198570251, "element": 0.9183666706085205, "floral": 0.9180998802185059, "decoration": 0.917412519454956, "pattern": 0.9115604758262634, "retro": 0.8930431604385376, "wallpaper": 0.8916102647781372, "elegant": 0.8804469704627991, "picture frame": 0.8714561462402344, "nature": 0.8692125082015991, "chalk out": 0.8689797520637512}