{"navigation": 0.9970480799674988, "World Wide Web": 0.988935649394989, "template": 0.9868871569633484, "menu (food)": 0.9865749478340149, "stripe": 0.9862527251243591, "site": 0.9834274053573608, "form": 0.9796146750450134, "presentation": 0.9782650470733643, "page": 0.9616599678993225, "layout": 0.9594910740852356, "label": 0.959486722946167, "banner": 0.9524285793304443, "interface": 0.9476056694984436, "facts": 0.946929395198822, "skim read": 0.9432814121246338, "number": 0.913128137588501, "login": 0.9109301567077637, "skidder": 0.9109273552894592, "theme": 0.9041165113449097, "user": 0.9041011929512024}