{"snow": 0.9954864382743835, "winter": 0.9940846562385559, "vehicle": 0.9764347076416016, "no person": 0.9751859307289124, "tractor": 0.9684364199638367, "transportation system": 0.9577967524528503, "truck": 0.951339602470398, "landscape": 0.9397133588790894, "machine": 0.9381330013275146, "cold": 0.9240733981132507, "industry": 0.8863317370414734, "nature": 0.8703306317329407, "ice": 0.8686988949775696, "car": 0.8672018051147461, "outdoors": 0.8563026785850525, "action": 0.8557047247886658, "heavy": 0.8479247093200684, "tree": 0.8475558757781982, "machinery": 0.8453778028488159, "road": 0.8400522470474243}