{"food": 0.991370439529419, "fruit": 0.9751034379005432, "garden": 0.9687215089797974, "summer": 0.9684016704559326, "healthy": 0.9663123488426208, "nature": 0.962822437286377, "tomato": 0.9624899625778198, "apple": 0.961010754108429, "vegetable": 0.9557268023490906, "health": 0.9450419545173645, "market": 0.9412181973457336, "carrot": 0.933978796005249, "pasture": 0.9311622381210327, "basket": 0.9295236468315125, "leaf": 0.923903226852417, "nutrition": 0.9143909811973572, "lifestyle": 0.9132021069526672, "no person": 0.9070995450019836, "cucumber": 0.9065935611724854, "freshness": 0.8995830416679382}