{"wheat": 0.9905312657356262, "landscape": 0.9864675998687744, "agriculture": 0.9835320711135864, "pasture": 0.9830005168914795, "cereal": 0.980105459690094, "field": 0.9776106476783752, "farm": 0.9736731648445129, "crop": 0.9713379740715027, "rural": 0.9707229137420654, "gold": 0.9670664668083191, "countryside": 0.9666002988815308, "no person": 0.965263307094574, "cropland": 0.9593501091003418, "farmland": 0.9585878252983093, "corn": 0.9539645314216614, "rye": 0.9487668871879578, "country": 0.9486668109893799, "straw": 0.9475443363189697, "soil": 0.9449915885925293, "growth": 0.9419246912002563}