{"illustration": 0.997035026550293, "sketch": 0.9789435267448425, "vector": 0.9779760241508484, "Christmas": 0.9760260581970215, "reindeer": 0.9657833576202393, "funny": 0.9486245512962341, "art": 0.9428169131278992, "woman": 0.9392527341842651, "character": 0.9194148778915405, "cute": 0.9084641337394714, "fun": 0.9077451229095459, "isolated": 0.8946359157562256, "retro": 0.8910329937934875, "young": 0.8826221823692322, "graphic": 0.8783239722251892, "girl": 0.8716303706169128, "amusing": 0.8668838739395142, "love": 0.8546976447105408, "winter": 0.852992832660675, "merry": 0.8481651544570923}