{"no person": 0.9255364537239075, "disjunct": 0.9051904678344727, "education": 0.9029994010925293, "science": 0.8960891962051392, "diagram": 0.8694600462913513, "writing": 0.8470990657806396, "medicine": 0.8353219032287598, "business": 0.8228548169136047, "illustration": 0.8203686475753784, "health": 0.8112368583679199, "horizontal": 0.8054344654083252, "corporation": 0.8023867011070251, "research": 0.7959824204444885, "vector": 0.7717564105987549, "facts": 0.7709118723869324, "empty": 0.7642796635627747, "progress": 0.7534893751144409, "graphic design": 0.746950626373291, "graph": 0.7445732355117798, "biology": 0.738550066947937}