{"World Wide Web": 0.9969333410263062, "navigation": 0.9941763877868652, "layout": 0.9931139349937439, "template": 0.9902143478393555, "form": 0.9865697026252747, "page": 0.9858006834983826, "presentation": 0.9805503487586975, "site": 0.9778023958206177, "information": 0.970089316368103, "facts": 0.9627965092658997, "stripe": 0.9589844346046448, "tag": 0.9582915306091309, "browse": 0.9547439813613892, "arrow": 0.9537286162376404, "label": 0.9499985575675964, "company": 0.9486570358276367, "banner": 0.9418646097183228, "theme": 0.9375180602073669, "business": 0.9360062479972839, "interface": 0.9341930747032166}