{"no person": 0.9724335074424744, "agriculture": 0.9652919173240662, "tractor": 0.9605885148048401, "machinery": 0.9603059887886047, "outdoors": 0.9575345516204834, "sky": 0.9509149789810181, "soil": 0.9504069089889526, "machine": 0.9412952065467834, "field": 0.9392553567886353, "summer": 0.9376572370529175, "farm": 0.9351202249526978, "pasture": 0.9325288534164429, "grass": 0.9325079321861267, "rural": 0.9317360520362854, "nature": 0.921440601348877, "countryside": 0.9154731035232544, "industry": 0.9068570137023926, "equipment": 0.8752878904342651, "farmland": 0.856419563293457, "landscape": 0.8541062474250793}