{"rice": 0.996480405330658, "cropland": 0.9862660765647888, "landscape": 0.9829345345497131, "nature": 0.980459988117218, "paddy": 0.9796000123023987, "no person": 0.9771938323974609, "agriculture": 0.9742911458015442, "tree": 0.9741145372390747, "travel": 0.9664445519447327, "water": 0.9517231583595276, "tropical": 0.9452496767044067, "outdoors": 0.9449282288551331, "field": 0.9392016530036926, "farm": 0.9371182918548584, "plantation": 0.9281730651855469, "sky": 0.9259939789772034, "crop": 0.925193190574646, "hill": 0.9075320959091187, "mountain": 0.901347815990448, "environment": 0.899581253528595}