{"horizontal": 0.979203462600708, "food": 0.9752829670906067, "freshness": 0.9636459350585938, "desktop": 0.953214704990387, "bowl": 0.9527154564857483, "no person": 0.9331076741218567, "dietary": 0.9321680068969727, "seed": 0.9212540984153748, "dry": 0.9186747074127197, "health": 0.9114004373550415, "pattern": 0.8976112604141235, "spoon": 0.8927947282791138, "closeup": 0.8900067210197449, "vertical": 0.886705756187439, "indoors": 0.8618897199630737, "still life": 0.861512303352356, "healthy": 0.855768620967865, "variation": 0.8550756573677063, "refreshment": 0.8545443415641785, "luxury": 0.834449052810669}