{"graphic design": 0.9684956669807434, "no person": 0.9624753594398499, "internet": 0.959801435470581, "World Wide Web": 0.9575281143188477, "navigation": 0.9520167708396912, "business": 0.9519614577293396, "template": 0.9429461359977722, "designing": 0.9326817989349365, "facts": 0.9321795105934143, "stripe": 0.9229515790939331, "identity": 0.9034871459007263, "banner": 0.9033690094947815, "data": 0.8882233500480652, "progress": 0.8790785670280457, "vectors": 0.8700637221336365, "order": 0.848990261554718, "presentation": 0.8482106924057007, "page": 0.8459571003913879, "vector": 0.825299859046936, "service": 0.8249738216400146}