{"currency": 0.9988504648208618, "money": 0.9987150430679321, "wealth": 0.9981459379196167, "business": 0.9973850846290588, "savings": 0.9948872923851013, "finance": 0.9948790073394775, "gold": 0.9931889772415161, "cash": 0.9916098713874817, "bank": 0.9914270639419556, "change": 0.9882186651229858, "copper": 0.9833219051361084, "euro": 0.9793630838394165, "no person": 0.975777268409729, "treasure": 0.9695660471916199, "achievement": 0.9688146114349365, "commerce": 0.967723548412323, "investment": 0.9638970494270325, "value": 0.9624974727630615, "luck": 0.9624826312065125, "shares": 0.9604367017745972}