{"electronics": 0.9962344765663147, "no person": 0.9850570559501648, "telephone": 0.9834303855895996, "touch": 0.9739040732383728, "business": 0.971351146697998, "machinery": 0.9707449674606323, "connection": 0.9656899571418762, "appliance": 0.964598536491394, "technology": 0.9547624588012695, "portable": 0.9426477551460266, "isolated": 0.9384140372276306, "contemporary": 0.9344584941864014, "wireless": 0.9268702864646912, "data": 0.8646075129508972, "service": 0.8238161206245422, "infrared frequency": 0.8167572021484375, "woman": 0.8046087622642517, "plastic": 0.7857031226158142, "one": 0.7786939740180969, "spherical": 0.7557899355888367}