{"architecture": 0.9944775700569153, "no person": 0.9920933842658997, "outdoors": 0.9869535565376282, "home": 0.9753988981246948, "travel": 0.967115581035614, "building": 0.9624736905097961, "sky": 0.9536591172218323, "tree": 0.9416980147361755, "house": 0.9412546157836914, "city": 0.9254989624023438, "castle": 0.9120110869407654, "daylight": 0.9062619209289551, "old": 0.8958926200866699, "horizontal plane": 0.8782700300216675, "university": 0.8650243878364563, "museum": 0.8628895878791809, "tower": 0.8588979244232178, "town": 0.8533148169517517, "facade": 0.8490450978279114, "park": 0.8255133032798767}