{"farm": 0.9981897473335266, "livestock": 0.9977020621299744, "nature": 0.9949690699577332, "cute": 0.9923062920570374, "animal": 0.990833580493927, "rural": 0.9908170700073242, "milk": 0.9856352806091309, "young": 0.9845555424690247, "little": 0.9831019043922424, "curiosity": 0.9812831878662109, "agriculture": 0.9806010723114014, "pasture": 0.9782031178474426, "funny": 0.9775300621986389, "cattle": 0.9737889766693115, "piglet": 0.9722559452056885, "no person": 0.9718292951583862, "countryside": 0.9655156135559082, "domestic": 0.9630014896392822, "looking": 0.9588556289672852, "eye": 0.9583147168159485}