{"no person": 0.9841176271438599, "agriculture": 0.9820213317871094, "cropland": 0.9797636270523071, "landscape": 0.9793782830238342, "field": 0.9611256122589111, "sky": 0.9594926238059998, "farm": 0.959135890007019, "hay": 0.941909909248352, "outdoors": 0.9399508237838745, "fall": 0.935352087020874, "wheat": 0.9322679042816162, "sunset": 0.930832028388977, "travel": 0.9189905524253845, "grass": 0.9176840782165527, "countryside": 0.9175800085067749, "rural": 0.9172899127006531, "straw": 0.9148624539375305, "pasture": 0.9120530486106873, "prairie": 0.9078025221824646, "nature": 0.8599850535392761}