{"no person": 0.9982288479804993, "architecture": 0.9956623911857605, "travel": 0.9867896437644958, "ancient": 0.9823911786079407, "old": 0.9607274532318115, "outdoors": 0.9598071575164795, "temple": 0.9479827880859375, "religion": 0.9449909329414368, "building": 0.9158577919006348, "abandoned": 0.9083773493766785, "archaeology": 0.9077364802360535, "home": 0.8967286944389343, "stone": 0.896513819694519, "broken": 0.8935668468475342, "traditional": 0.8908340334892273, "ruin": 0.834145188331604, "art": 0.8315145373344421, "sky": 0.8232488632202148, "calamity": 0.822524905204773, "antique": 0.8139533996582031}