{"document": 0.9968300461769104, "paper": 0.9908429384231567, "text": 0.9907525777816772, "book": 0.9906394481658936, "business": 0.9897990226745605, "horizontal": 0.9814876317977905, "law": 0.9683453440666199, "page": 0.9626713991165161, "writing": 0.9617932438850403, "education": 0.9462302327156067, "finance": 0.9351822137832642, "identity": 0.934825599193573, "book bindings": 0.9337111711502075, "number": 0.9316678643226624, "no person": 0.9276005625724792, "signature": 0.9247817993164062, "planning": 0.9243161082267761, "still life": 0.921440064907074, "research": 0.9167265295982361, "data": 0.9158291816711426}