{"pill": 0.9942398071289062, "many": 0.9809393882751465, "pain": 0.9804095029830933, "drug": 0.9756601452827454, "capsule": 0.9707122445106506, "cure": 0.9699669480323792, "medicine": 0.9692090749740601, "health": 0.9681737422943115, "addiction": 0.9670395851135254, "kind": 0.9617095589637756, "vitamin": 0.956436276435852, "treatment": 0.9531649351119995, "illness": 0.9525464773178101, "healthcare": 0.9499099254608154, "prescription": 0.9477018117904663, "no person": 0.9329084157943726, "desktop": 0.9297581315040588, "aspirin": 0.92172771692276, "pharmacist": 0.919238269329071, "painkiller": 0.9185014963150024}