{"science": 0.9688917994499207, "abstract": 0.9615125060081482, "technology": 0.9614159464836121, "data": 0.948746919631958, "internet": 0.9279091954231262, "pattern": 0.9224851727485657, "connection": 0.9217841029167175, "number": 0.9187096953392029, "desktop": 0.9108163118362427, "illustration": 0.9054720401763916, "business": 0.8995012044906616, "designing": 0.8976260423660278, "round": 0.8891796469688416, "graphic": 0.8863377571105957, "computer": 0.8834125399589539, "geometry": 0.8660462498664856, "mathematics": 0.8652464747428894, "no person": 0.86387038230896, "facts": 0.8626299500465393, "computer graphic": 0.8562946319580078}