{"tractor": 0.997174859046936, "machine": 0.9938163757324219, "vehicle": 0.9887414574623108, "soil": 0.9852594137191772, "machinery": 0.9784643650054932, "farm": 0.9545581936836243, "no person": 0.9520843625068665, "agriculture": 0.9510453343391418, "transportation system": 0.9500939846038818, "plow": 0.8968216776847839, "ball-shaped": 0.8923032283782959, "field": 0.8875494599342346, "landscape": 0.8830047845840454, "rural": 0.8827362060546875, "truck": 0.880330502986908, "outdoors": 0.8732699751853943, "country": 0.8711036443710327, "nature": 0.8537683486938477, "equipment": 0.8483393788337708, "industry": 0.8454263806343079}