{"no person": 0.9968407154083252, "technology": 0.9896317720413208, "computer": 0.9791291952133179, "monitor": 0.9786311388015747, "electronics": 0.972527265548706, "screen": 0.9691405296325684, "contemporary": 0.9653743505477905, "business": 0.9649367332458496, "laptop": 0.9519976377487183, "internet": 0.9499344229698181, "display": 0.9378001093864441, "telephone": 0.9343358278274536, "equipment": 0.931843101978302, "indoors": 0.915820300579071, "machinery": 0.9133281707763672, "wireless": 0.9121069312095642, "data": 0.8893872499465942, "graphic design": 0.8815862536430359, "touch": 0.8794198036193848, "connection": 0.8698539733886719}