{"outdoors": 0.9898431897163391, "horizontal plane": 0.9886791110038757, "tree": 0.981708288192749, "road": 0.9405501484870911, "sky": 0.9333925843238831, "architecture": 0.933361291885376, "landscape": 0.9217999577522278, "no person": 0.8991551995277405, "travel": 0.8960692882537842, "transportation system": 0.875366747379303, "grass": 0.8744716644287109, "guidance": 0.8662493228912354, "nature": 0.8530938029289246, "signal": 0.841127872467041, "entrance": 0.8307598233222961, "street": 0.822881817817688, "environment": 0.8187191486358643, "house": 0.8165029287338257, "park": 0.8063544631004333, "quiet": 0.7943858504295349}