{"food": 0.9912046790122986, "desktop": 0.9617294073104858, "no person": 0.9531027674674988, "breakfast": 0.9518778324127197, "cooking": 0.9352710843086243, "healthy": 0.9285463094711304, "tasty": 0.9199138283729553, "refreshment": 0.9187092185020447, "meal": 0.9115906953811646, "nutrition": 0.9074037075042725, "health": 0.9073854684829712, "diet": 0.907281756401062, "delicious": 0.9059727191925049, "round out": 0.9049056172370911, "carbohydrate": 0.8997237682342529, "bread": 0.893903374671936, "nature": 0.8919426202774048, "closeup": 0.8898888230323792, "stranded": 0.8838427662849426, "baking": 0.8795452117919922}