{"no person": 0.9860092997550964, "farm": 0.9824180006980896, "agriculture": 0.9815230369567871, "fence": 0.9726244807243347, "grass": 0.9700525403022766, "abandoned": 0.9639787673950195, "rural": 0.9629353880882263, "landscape": 0.9594961404800415, "countryside": 0.956459641456604, "barn": 0.9519505500793457, "sky": 0.9475657343864441, "silo": 0.9454715847969055, "outdoors": 0.9428685307502747, "summer": 0.9167372584342957, "country": 0.9147638082504272, "pasture": 0.9132304787635803, "house": 0.9110333919525146, "rustic": 0.9026724100112915, "old": 0.8935126066207886, "field": 0.8932924270629883}