{"chalkboard": 0.9999902248382568, "chalk": 0.9999874830245972, "education": 0.9993700385093689, "classroom": 0.9991707801818848, "school": 0.9990357160568237, "writing": 0.9986376166343689, "display": 0.9986054301261902, "class": 0.9983100891113281, "handwriting": 0.9980123043060303, "teacher": 0.9967361092567444, "mathematics": 0.99254310131073, "handwritten": 0.9911695718765259, "lesson": 0.9878118634223938, "elementary": 0.9869421720504761, "elementary school": 0.985630989074707, "college": 0.9797630906105042, "solution": 0.9791202545166016, "business": 0.9788705110549927, "knowledge": 0.9784683585166931, "study": 0.9784016013145447}