{"business": 0.9911381602287292, "savings": 0.9896206855773926, "finance": 0.989434540271759, "wealth": 0.9882366061210632, "currency": 0.9869999289512634, "achievement": 0.9856986403465271, "money": 0.9815853834152222, "investment": 0.9798281788825989, "dollar": 0.9718128442764282, "cash": 0.9667202830314636, "bank": 0.9629126191139221, "century": 0.9622142910957336, "desktop": 0.9551896452903748, "loan": 0.9531542658805847, "financial": 0.9510834217071533, "isolate": 0.9484395980834961, "isolated": 0.9449464678764343, "prosperity": 0.934819757938385, "batch": 0.9241963028907776, "paper": 0.9213026165962219}