{"tree": 0.9656389355659485, "no person": 0.9448680877685547, "wood": 0.9419533610343933, "illustration": 0.9348481297492981, "desktop": 0.9265046119689941, "nature": 0.9264001250267029, "design": 0.908499538898468, "decoration": 0.8948674201965332, "grass": 0.8939846754074097, "outdoors": 0.8743085265159607, "food": 0.8731918334960938, "leaf": 0.872701108455658, "sand": 0.8713584542274475, "paper": 0.8700043559074402, "landscape": 0.8634173274040222, "travel": 0.8547798991203308, "pattern": 0.8526825308799744, "vacation": 0.8353922367095947, "relaxation": 0.8350650668144226, "family": 0.8317379355430603}