{"telephone": 0.9939046502113342, "business": 0.9856372475624084, "internet": 0.9833248853683472, "technology": 0.9826260805130005, "data": 0.977586567401886, "connection": 0.9735400080680847, "illustration": 0.9603628516197205, "graphic design": 0.9476518034934998, "no person": 0.9471189379692078, "spherical": 0.9442613124847412, "touch": 0.9399392604827881, "vectors": 0.9388228058815002, "electronics": 0.9374819397926331, "service": 0.9368724822998047, "computer": 0.9361081123352051, "screen": 0.9324563145637512, "paper": 0.9269793629646301, "machinery": 0.9231097102165222, "calculator": 0.9147401452064514, "facts": 0.9052740335464478}