{"design": 0.9799918532371521, "desktop": 0.9773170351982117, "illustration": 0.969437301158905, "graphic": 0.9524657726287842, "pattern": 0.9519493579864502, "abstract": 0.9470497965812683, "art": 0.92860347032547, "line": 0.9280027747154236, "picture frame": 0.9258146286010742, "element": 0.9229051470756531, "vector": 0.9161603450775146, "decoration": 0.8866719007492065, "wallpaper": 0.8812507390975952, "color": 0.8762935400009155, "background": 0.8636188507080078, "texture": 0.8401642441749573, "margin": 0.8360837697982788, "blank": 0.834295928478241, "disjunct": 0.8279709815979004, "paper": 0.8256518840789795}