{"vehicle": 0.9980106949806213, "truck": 0.9976679682731628, "car": 0.9915771484375, "transportation system": 0.989494264125824, "trailer": 0.9858341813087463, "no person": 0.9841133952140808, "road": 0.9818761944770813, "shipment": 0.9759988784790039, "snow": 0.9658568501472473, "traffic": 0.9633044004440308, "street": 0.9581483602523804, "outdoors": 0.949507474899292, "winter": 0.9483544826507568, "logistics": 0.9409515261650085, "lorry": 0.9257444143295288, "police": 0.9237159490585327, "storm": 0.9206412434577942, "landscape": 0.9095103740692139, "accident": 0.8886979222297668, "weather": 0.884986400604248}