{"food": 0.984502375125885, "vegetable": 0.9682685136795044, "isolate": 0.9651598930358887, "pepper": 0.9619043469429016, "courgette": 0.9604615569114685, "health": 0.9574321508407593, "cooking": 0.9371370673179626, "nutrition": 0.9370461702346802, "ingredients": 0.9348031878471375, "marrow squash": 0.931011974811554, "nature": 0.9299349188804626, "freshness": 0.9275395274162292, "no person": 0.9140195250511169, "garlic": 0.9099518656730652, "pimento": 0.898216187953949, "disjunct": 0.8904206156730652, "variation": 0.8853954076766968, "leaf": 0.8850167989730835, "collection": 0.8526148200035095, "horizontal": 0.8462743163108826}