{"house": 0.9860780239105225, "grass": 0.9728564023971558, "landscape": 0.9684122800827026, "building": 0.96327143907547, "no person": 0.9632526636123657, "farm": 0.9582549333572388, "outdoors": 0.9535743594169617, "rural": 0.951698362827301, "architecture": 0.9452970027923584, "bungalow": 0.9417939782142639, "travel": 0.937093198299408, "sky": 0.9350271224975586, "countryside": 0.9309801459312439, "home": 0.9306333661079407, "country": 0.9302119612693787, "barn": 0.9239197373390198, "nature": 0.9205474257469177, "summer": 0.9163952469825745, "rustic": 0.9163473844528198, "old": 0.9089723825454712}