{"nature": 0.9856921434402466, "no person": 0.9695296287536621, "outdoors": 0.9367882609367371, "summer": 0.9110092520713806, "health": 0.8950780630111694, "leaf": 0.8932924866676331, "food": 0.8931414484977722, "blur": 0.858465313911438, "disjunct": 0.8476728796958923, "flora": 0.8379082679748535, "dry": 0.8351557850837708, "tree": 0.832364022731781, "insect": 0.8299717903137207, "little": 0.8224056959152222, "flower": 0.8199281096458435, "sun": 0.7906861901283264, "wild": 0.7826997637748718, "wood": 0.774601936340332, "light": 0.7709805965423584, "wildlife": 0.7703526616096497}