{"no person": 0.995945155620575, "healthcare": 0.9831006526947021, "treatment": 0.9745436906814575, "wealth": 0.9737701416015625, "currency": 0.9734961986541748, "cure": 0.9728829264640808, "savings": 0.9718912243843079, "medicine": 0.9712162017822266, "health": 0.9709646105766296, "money": 0.9667885899543762, "pharmacology": 0.9596620798110962, "business": 0.9517321586608887, "detail": 0.9395192861557007, "aid": 0.9389662742614746, "relief": 0.9378981590270996, "pill": 0.9370546936988831, "achievement": 0.9302163124084473, "glass": 0.9240030646324158, "emergency": 0.917599081993103, "isolated": 0.9173868894577026}