{"grow": 0.9865379333496094, "food": 0.9833155870437622, "corn": 0.9808415174484253, "outdoors": 0.9766924381256104, "farm": 0.9732736945152283, "vegetable": 0.9610559940338135, "agriculture": 0.9572322368621826, "corncob": 0.9568974375724792, "nature": 0.9562897086143494, "leaf": 0.944392204284668, "flora": 0.9422205090522766, "crop": 0.9293202757835388, "hazelnut": 0.9247556328773499, "summer": 0.9155333042144775, "pasture": 0.9149209260940552, "field": 0.909302830696106, "adult": 0.8842658996582031, "environment": 0.8792349100112915, "cereal": 0.8782389163970947, "freshness": 0.8721333742141724}