{"health": 0.9915122389793396, "illustration": 0.9619758129119873, "desktop": 0.9590432047843933, "cellular telephone": 0.9547544121742249, "infection": 0.9529748558998108, "biology": 0.9479987025260925, "raspberry": 0.9476720094680786, "no person": 0.9461386203765869, "bacteria": 0.9308977127075195, "anatomy": 0.9226309061050415, "medicine": 0.9219285845756531, "medical": 0.9215471744537354, "disjunct": 0.920840859413147, "blood": 0.9198001623153687, "disease": 0.9133164286613464, "text": 0.9014480710029602, "nature": 0.8973848223686218, "science": 0.8950451016426086, "horizontal": 0.8834975957870483, "summer": 0.8834608197212219}