{"classroom": 0.999238133430481, "education": 0.9981297850608826, "school": 0.9974877834320068, "class": 0.9970968961715698, "indoors": 0.9936668276786804, "teacher": 0.9908129572868347, "child": 0.9884505271911621, "elementary school": 0.9879697561264038, "desk": 0.9855477809906006, "lecture": 0.9813173413276672, "lesson": 0.978563666343689, "table": 0.9734339714050293, "room": 0.969012439250946, "woman": 0.9651641249656677, "sitting": 0.9648633599281311, "knowledge": 0.9575551152229309, "university": 0.9520565271377563, "adult": 0.9488826990127563, "schoolgirl": 0.9480500221252441, "homework": 0.9479172825813293}