{"no person": 0.9807424545288086, "interior design": 0.9744958877563477, "technology": 0.9403647184371948, "landscape": 0.9249787330627441, "internet": 0.9241772294044495, "contemporary": 0.9220482707023621, "screen": 0.9173435568809509, "museum": 0.9143699407577515, "touch": 0.9110886454582214, "graphic design": 0.9109679460525513, "sky": 0.9080946445465088, "science": 0.904712438583374, "exhibition": 0.9007202982902527, "indoors": 0.8996179103851318, "empty": 0.8953201174736023, "sunset": 0.8901587724685669, "nature": 0.8639812469482422, "spherical": 0.8323515057563782, "travel": 0.8290804624557495, "bright": 0.8220970034599304}