{"leaf": 0.9989513158798218, "growth": 0.9968146681785583, "no person": 0.9951594471931458, "nature": 0.993377149105072, "flora": 0.9898838996887207, "outdoors": 0.9771203994750977, "soil": 0.9762101769447327, "sprout": 0.9758172631263733, "agriculture": 0.9651364684104919, "garden": 0.9647257924079895, "little": 0.9514568448066711, "blur": 0.9512873888015747, "environment": 0.9407755732536316, "fair weather": 0.9307783246040344, "lush": 0.9276590943336487, "summer": 0.9270413517951965, "vegetable": 0.9163890480995178, "ground": 0.8984313607215881, "grow": 0.892145037651062, "food": 0.8906824588775635}