{"no person": 0.9693394303321838, "row": 0.96741783618927, "business": 0.9558438658714294, "empty": 0.9425112009048462, "architecture": 0.9270591735839844, "outdoors": 0.9231734871864319, "indoors": 0.9224542379379272, "industry": 0.9141277074813843, "steel": 0.9000452160835266, "modern": 0.8985015153884888, "travel": 0.897028923034668, "perspective": 0.8836767077445984, "desktop": 0.8701028823852539, "design": 0.8493905067443848, "grinder": 0.8466402292251587, "wood": 0.8451129198074341, "repetition": 0.8409184217453003, "many": 0.8404065370559692, "urban": 0.8315241932868958, "city": 0.8309124708175659}