{"tractor": 0.9937918782234192, "machine": 0.9661487936973572, "agriculture": 0.9553133249282837, "farmland": 0.9459261894226074, "machinery": 0.9423949718475342, "summer": 0.9404342770576477, "rural": 0.936056911945343, "pasture": 0.9357630014419556, "field": 0.9350354671478271, "farm": 0.9272523522377014, "soil": 0.9268872737884521, "countryside": 0.9263718128204346, "vehicle": 0.9147746562957764, "no person": 0.908418595790863, "grass": 0.8948937654495239, "landscape": 0.854137659072876, "transportation system": 0.8340013027191162, "nature": 0.8164317607879639, "equipment": 0.8088144063949585, "wheel": 0.807208776473999}