{"horror": 0.9931950569152832, "Halloween": 0.9880663156509399, "skittish": 0.9774331450462341, "vicious": 0.9761823415756226, "danger": 0.9718772768974304, "scary": 0.9682620763778687, "eerie": 0.9630229473114014, "fear": 0.9595261812210083, "haunt": 0.9525885581970215, "dark": 0.9507300853729248, "flame": 0.9482988715171814, "no person": 0.9475182294845581, "creepy": 0.9302765727043152, "fright": 0.9242212176322937, "art": 0.917153537273407, "warning": 0.9075990915298462, "old": 0.90715092420578, "scared": 0.8986707329750061, "retro": 0.888343870639801, "illustration": 0.8880268335342407}