{"no person": 0.9906768798828125, "graphic design": 0.9734922647476196, "illustration": 0.9678053855895996, "isolated": 0.9330383539199829, "design": 0.9229207038879395, "vector": 0.9221130609512329, "geometric": 0.9183674454689026, "desktop": 0.8790746927261353, "graphic": 0.8514767289161682, "square": 0.8498541116714478, "recycling": 0.8468875288963318, "electronics": 0.845876157283783, "disjunct": 0.8436282277107239, "image": 0.8418421745300293, "paper": 0.8244683742523193, "technology": 0.82098388671875, "health": 0.8083946108818054, "empty": 0.8053879141807556, "pill": 0.8045396208763123, "retro": 0.8030388355255127}