{"template": 0.992624044418335, "form": 0.9820313453674316, "tag": 0.9816022515296936, "World Wide Web": 0.9770299196243286, "label": 0.9720734357833862, "graphic": 0.9584270715713501, "banner": 0.9521710872650146, "text": 0.9518094658851624, "facts": 0.9513081908226013, "abstract": 0.9448285102844238, "vector": 0.9382575750350952, "page": 0.9366706609725952, "presentation": 0.9311198592185974, "company": 0.9251437783241272, "donation": 0.9205580949783325, "desktop": 0.9146283268928528, "card": 0.9136670231819153, "layout": 0.9045664072036743, "option (finance)": 0.8993259072303772, "illustration": 0.8952339291572571}