{"agriculture": 0.9962528944015503, "corn": 0.9940500855445862, "growth": 0.9922780990600586, "farm": 0.991953432559967, "rural": 0.9909592866897583, "field": 0.9897677302360535, "countryside": 0.9873747825622559, "pasture": 0.9870848059654236, "no person": 0.9846782684326172, "cereal": 0.9846652150154114, "farmland": 0.9774298667907715, "crop": 0.9692187905311584, "nature": 0.9630547165870667, "summer": 0.960421085357666, "soil": 0.9508345127105713, "environment": 0.9481719136238098, "outdoors": 0.9453189373016357, "grass": 0.9446631669998169, "flora": 0.9403439164161682, "country": 0.938481330871582}