{"nature": 0.977017879486084, "outdoors": 0.9672526717185974, "sky": 0.9641038775444031, "horizontal plane": 0.9632642865180969, "landscape": 0.9549048542976379, "field": 0.9495301246643066, "panoramic": 0.9451570510864258, "sunset": 0.9328017830848694, "agriculture": 0.930423378944397, "farm": 0.9180364012718201, "dusk": 0.9114727973937988, "dawn": 0.8985074758529663, "cloud": 0.8957722783088684, "travel": 0.8930774927139282, "horizontal": 0.8746770620346069, "silhouette": 0.8745805025100708, "flora": 0.8654012084007263, "desktop": 0.8617518544197083, "tree": 0.8519309759140015, "horizon": 0.842451810836792}