{"soil": 0.9995710253715515, "agriculture": 0.9991415739059448, "farm": 0.9990853071212769, "grow": 0.9958211183547974, "food": 0.9954971075057983, "flora": 0.9914100766181946, "crop": 0.9913100004196167, "plantation": 0.9907168745994568, "growth": 0.9906084537506104, "farming": 0.9858226180076599, "cultivation": 0.9843259453773499, "maturation": 0.9841278195381165, "pasture": 0.9839255809783936, "field": 0.9834898710250854, "cropland": 0.9749791026115417, "hoe (dig)": 0.9745575189590454, "root vegetable": 0.9691208004951477, "garden": 0.968350350856781, "environment": 0.9645132422447205, "horticulture": 0.96344393491745}