{"World Wide Web": 0.9830783009529114, "business": 0.9817294478416443, "internet": 0.978834867477417, "screen": 0.9435178637504578, "information": 0.9398703575134277, "spherical": 0.9264057874679565, "technology": 0.9082986116409302, "isolated": 0.8970602750778198, "desktop": 0.8959843516349792, "facts": 0.8843141198158264, "presentation": 0.8801180720329285, "touch": 0.8669499158859253, "computer": 0.8658133745193481, "paper": 0.8480495810508728, "navigation": 0.8412125110626221, "portfolio": 0.8350871801376343, "page": 0.8196925520896912, "template": 0.8180967569351196, "bill": 0.8034297823905945, "connection": 0.7999423742294312}