{"agriculture": 0.9789026975631714, "no person": 0.978264570236206, "nature": 0.9660689830780029, "pasture": 0.9624508619308472, "fall": 0.9569019079208374, "grow": 0.9544014930725098, "leaf": 0.9465179443359375, "food": 0.9456446170806885, "outdoors": 0.9454237818717957, "farm": 0.9446112513542175, "wine": 0.9435814619064331, "summer": 0.9435585141181946, "countryside": 0.9294039011001587, "landscape": 0.910546600818634, "fruit": 0.9082878828048706, "growth": 0.9037562012672424, "rural": 0.9003790020942688, "abundance": 0.8864064812660217, "vine": 0.8799760341644287, "cabbage": 0.8718063831329346}