{"love": 0.9907797574996948, "outdoors": 0.9754888415336609, "woman": 0.9724177122116089, "family": 0.9720583558082581, "togetherness": 0.9623458385467529, "affection": 0.9586973786354065, "child": 0.9578254222869873, "cute": 0.9537646174430847, "joy": 0.9527038335800171, "leisure": 0.9524341821670532, "nature": 0.9523305296897888, "fun": 0.9469757676124573, "park": 0.9360116124153137, "outside": 0.9353628158569336, "embrace": 0.923801064491272, "elderly": 0.9171598553657532, "laughing": 0.9040021300315857, "happiness": 0.8956711888313293, "enjoyment": 0.8917819261550903, "summer": 0.8892667293548584}