{"tomato": 0.9933236241340637, "ingredients": 0.9875054359436035, "health": 0.9868054389953613, "nutrition": 0.9855716228485107, "no person": 0.9836576581001282, "pasture": 0.9814768433570862, "juicy": 0.9812037348747253, "food": 0.9782652854919434, "vegetable": 0.975325882434845, "market": 0.9716982841491699, "grow": 0.962831437587738, "farming": 0.9564065337181091, "cooking": 0.9552565217018127, "many": 0.9544702172279358, "delicious": 0.9452773928642273, "round out": 0.9334625601768494, "garlic": 0.9314162135124207, "kind": 0.9268473386764526, "vitamin": 0.9174500107765198, "fall": 0.9164909720420837}