{"gloves": 0.9992191791534424, "sterile": 0.9969987869262695, "research": 0.9951624274253845, "biology": 0.9927576780319214, "healthcare": 0.9896801114082336, "laboratory": 0.9848719239234924, "medicine": 0.9848154783248901, "science": 0.9835161566734314, "microbiology": 0.9824607968330383, "surgery": 0.9813880920410156, "chemistry": 0.9812371134757996, "biochemistry": 0.9764479994773865, "scientist": 0.9744502902030945, "health": 0.9707067608833313, "equipment": 0.9693471193313599, "woman": 0.9456514120101929, "down to a science": 0.9436460733413696, "blood": 0.9436026811599731, "treatment": 0.9414232969284058, "man": 0.9376533627510071}