{"agriculture": 0.992720901966095, "straw": 0.9891743659973145, "farm": 0.9853277206420898, "crop": 0.9851914644241333, "wheat": 0.9847447276115417, "corn": 0.9815309047698975, "cereal": 0.9796054363250732, "pasture": 0.9789816737174988, "tractor": 0.977614164352417, "field": 0.9768706560134888, "machine": 0.9765608906745911, "rural": 0.9751454591751099, "machinery": 0.9614651203155518, "cropland": 0.959102213382721, "soil": 0.950640082359314, "countryside": 0.9499108791351318, "rye": 0.9377598762512207, "landscape": 0.9219096302986145, "farmland": 0.9198925495147705, "summer": 0.9078028798103333}