{"stripe": 0.9961546063423157, "no person": 0.9874390959739685, "graphic design": 0.979778528213501, "business": 0.9471917748451233, "illustration": 0.9316393136978149, "simplicity": 0.927560031414032, "design": 0.9239484071731567, "disjunct": 0.9207966923713684, "horizontal": 0.913998544216156, "navigation": 0.9078015089035034, "internet": 0.9050039052963257, "vector": 0.9049827456474304, "empty": 0.9000054597854614, "glazed": 0.8884265422821045, "flat": 0.8826140761375427, "facts": 0.8612409234046936, "isolated": 0.8510215282440186, "paper": 0.8441364765167236, "page": 0.8403352499008179, "contemporary": 0.8315296173095703}