{"desktop": 0.9907379746437073, "design": 0.9674482941627502, "line": 0.9634356498718262, "picture frame": 0.9570940732955933, "modern": 0.9469947218894958, "illustration": 0.9467979669570923, "pattern": 0.9336870908737183, "blank": 0.926257848739624, "vector": 0.9248680472373962, "abstract": 0.9160169959068298, "copy": 0.9093623161315918, "art": 0.9034765362739563, "card": 0.9021459817886353, "graphic": 0.8935391306877136, "banner": 0.88802570104599, "technology": 0.886160135269165, "layout": 0.8716961741447449, "template": 0.8666315078735352, "decoration": 0.8659326434135437, "equipment": 0.8441734313964844}