{"soil": 0.9986704587936401, "no person": 0.9926211833953857, "ball-shaped": 0.9910805821418762, "ground": 0.9893997311592102, "agriculture": 0.9881976246833801, "plow": 0.9684624671936035, "cropland": 0.967620313167572, "landscape": 0.9637907147407532, "farmland": 0.9607576727867126, "sky": 0.959983229637146, "outdoors": 0.9590103030204773, "mud": 0.9384316802024841, "nature": 0.9366108179092407, "field": 0.9359973669052124, "rural": 0.9352702498435974, "farm": 0.9346280097961426, "growth": 0.92833411693573, "countryside": 0.9258697628974915, "summer": 0.9106812477111816, "road": 0.8967912793159485}