{"travel": 0.9878259301185608, "landscape": 0.9831415414810181, "no person": 0.9791731834411621, "cropland": 0.9773160815238953, "agriculture": 0.9766333103179932, "house": 0.9688975214958191, "valley": 0.9680880904197693, "farm": 0.9672116041183472, "road": 0.9633963704109192, "architecture": 0.9609159827232361, "aerial": 0.9537755846977234, "nature": 0.9487093687057495, "outdoors": 0.9478573799133301, "summer": 0.9458469748497009, "city": 0.9415926933288574, "daylight": 0.9409912824630737, "environment": 0.9375268816947937, "tree": 0.9315016269683838, "scenic": 0.9307721257209778, "countryside": 0.9207547307014465}