{"watermelon": 0.9962241649627686, "fruit": 0.9905162453651428, "food": 0.9851465821266174, "juicy": 0.9850608706474304, "melon": 0.9808768630027771, "freshness": 0.9725543260574341, "no person": 0.9709357023239136, "stranded": 0.9643175601959229, "tropical": 0.9636738896369934, "nutrition": 0.9629798531532288, "seed": 0.9625391960144043, "healthy": 0.9562894105911255, "slice": 0.9529098272323608, "refreshment": 0.9512860774993896, "health": 0.9471937417984009, "cut": 0.9431166052818298, "vegetable": 0.9359798431396484, "disjunct": 0.9299230575561523, "section": 0.9290952682495117, "exotic": 0.9254968166351318}