{"chalk out": 0.9931607246398926, "vector": 0.9913759827613831, "illustration": 0.9848936200141907, "leaf": 0.9575206637382507, "nature": 0.9558393955230713, "design": 0.9519199728965759, "flower": 0.9455261826515198, "art": 0.9413823485374451, "outline": 0.9363198280334473, "flora": 0.9188166856765747, "scribble": 0.9164484143257141, "decoration": 0.9089692234992981, "retro": 0.9031001925468445, "sketchy": 0.8940721750259399, "graphic": 0.8884861469268799, "ornate": 0.8800488710403442, "floral": 0.8751828074455261, "no person": 0.8683921098709106, "graphic design": 0.8586292862892151, "silhouette": 0.8585452437400818}