{"art": 0.9945501685142517, "funny": 0.9931862354278564, "retro": 0.9930083751678467, "sketch": 0.9896783828735352, "illustration": 0.9894191026687622, "character": 0.9826402068138123, "cute": 0.9809746146202087, "scribble": 0.9776580333709717, "far-out": 0.9759837985038757, "crazy": 0.956031322479248, "cheerful": 0.9532467722892761, "cockamamie": 0.9500906467437744, "visuals": 0.9458329081535339, "woman": 0.9387967586517334, "traditional": 0.9265859723091125, "hand": 0.9179575443267822, "vector": 0.9018507599830627, "clip": 0.8977920413017273, "chalk out": 0.8859809637069702, "man": 0.8851659297943115}