{"field": 0.9899090528488159, "nature": 0.981013834476471, "summer": 0.9783896207809448, "flower": 0.9754263162612915, "flora": 0.9639507532119751, "agriculture": 0.9626465439796448, "farm": 0.9593074917793274, "hayfield": 0.9523050785064697, "landscape": 0.9513322710990906, "outdoors": 0.9488899111747742, "grass": 0.941706657409668, "rural": 0.9394828081130981, "garden": 0.9381983876228333, "growth": 0.9312137365341187, "crop": 0.9304229021072388, "countryside": 0.9227147102355957, "pasture": 0.9151151776313782, "food": 0.8859809637069702, "soil": 0.8718950748443604, "outside": 0.8545432686805725}