{"root": 0.9943032264709473, "pasture": 0.9938889741897583, "agriculture": 0.9927445650100708, "food": 0.9923350214958191, "farm": 0.9919905066490173, "farming": 0.9889311194419861, "grow": 0.988079845905304, "root vegetable": 0.9837603569030762, "soil": 0.9750803112983704, "garden": 0.9732657670974731, "beet": 0.9674441814422607, "nature": 0.9659157991409302, "flora": 0.9620817303657532, "vegetable": 0.961999773979187, "outdoors": 0.9427652359008789, "crop": 0.9376832246780396, "fruit": 0.9309996962547302, "summer": 0.9233545660972595, "maturation": 0.9224520921707153, "one": 0.9128749966621399}