{"corn": 0.9999929666519165, "corncob": 0.9999743700027466, "hazelnut": 0.9999523162841797, "popcorn": 0.9997888207435608, "pasture": 0.999195396900177, "agriculture": 0.9986281394958496, "gold": 0.9980409741401672, "no person": 0.9947891235351562, "cereal": 0.9933364391326904, "grow": 0.9898849725723267, "straw": 0.988442599773407, "fall": 0.9860981702804565, "crop": 0.985834538936615, "nutrition": 0.9816632270812988, "food": 0.9807604551315308, "health": 0.9806832671165466, "meat": 0.9797347187995911, "vegetable": 0.9773089289665222, "labyrinth": 0.9764789938926697, "gold piece": 0.9674652814865112}