{"World Wide Web": 0.9963393211364746, "stripe": 0.9961504936218262, "template": 0.9959931373596191, "menu (food)": 0.9913780689239502, "label": 0.9878089427947998, "form": 0.9853503704071045, "banner": 0.9847468137741089, "vector": 0.9770743250846863, "desktop": 0.9742429852485657, "site": 0.9701579809188843, "picture frame": 0.9701066017150879, "design": 0.9646698832511902, "modern font": 0.9641879796981812, "set": 0.9640637636184692, "page": 0.9618947505950928, "navigation": 0.9591687917709351, "heading": 0.9545773267745972, "business": 0.9479597806930542, "interface": 0.9476706385612488, "layout": 0.94694584608078}