{"form": 0.9860352277755737, "template": 0.9850002527236938, "page": 0.9806663393974304, "layout": 0.9689404964447021, "number": 0.9616016745567322, "stripe": 0.960629403591156, "presentation": 0.9558359980583191, "no person": 0.9557323455810547, "facts": 0.9518628120422363, "option (finance)": 0.9437440037727356, "label": 0.9425988793373108, "steps": 0.9421524405479431, "navigation": 0.9397760033607483, "order": 0.922892153263092, "World Wide Web": 0.9214739799499512, "stepping": 0.9119892120361328, "information": 0.9101252555847168, "booklet": 0.9036178588867188, "banner": 0.8973285555839539, "time": 0.8898540735244751}