{"no person": 0.999218225479126, "health": 0.9835578799247742, "tropical": 0.9642524719238281, "leaf": 0.9566971659660339, "horizontal": 0.953217089176178, "juicy": 0.9523559212684631, "juice": 0.9412255883216858, "indoors": 0.9333909749984741, "nature": 0.9260130524635315, "vertical": 0.923102617263794, "contemporary": 0.9181442260742188, "ingredients": 0.9151344895362854, "lime": 0.8958438038825989, "vitamin": 0.8950372934341431, "energetic": 0.8845657110214233, "balanced diet": 0.8780789971351624, "food": 0.876624584197998, "nutrition": 0.8745104670524597, "game half": 0.8733739256858826, "H2O": 0.8713926076889038}