{"agriculture": 0.9992852807044983, "farm": 0.9930150508880615, "field": 0.985201895236969, "soil": 0.9851232171058655, "crop": 0.983954906463623, "growth": 0.9829117059707642, "cropland": 0.9773544669151306, "no person": 0.9764227271080017, "flora": 0.9748101830482483, "row": 0.9614226818084717, "outdoors": 0.9561982750892639, "nature": 0.9530236721038818, "rural": 0.9510234594345093, "grow": 0.9490475058555603, "pasture": 0.9437316656112671, "industry": 0.9343940019607544, "food": 0.9314739108085632, "farmland": 0.913303554058075, "countryside": 0.9110177755355835, "landscape": 0.8964406251907349}