{"water": 0.9848592877388, "no person": 0.9792516231536865, "art": 0.9760751128196716, "light": 0.9661336541175842, "painting": 0.963874876499176, "illustration": 0.9580568671226501, "sea": 0.9499741196632385, "travel": 0.9446743130683899, "surreal": 0.93116295337677, "ocean": 0.9215347170829773, "outdoors": 0.9106044769287109, "lake": 0.9078065156936646, "reflection": 0.9004262089729309, "moon": 0.8954765200614929, "landscape": 0.8943731188774109, "nature": 0.8814200758934021, "relaxation": 0.8810665011405945, "dawn": 0.8795957565307617, "artistic": 0.8668686151504517, "recreation": 0.8618023991584778}