{"student": 0.9944032430648804, "woman": 0.9878548979759216, "fun": 0.9862549304962158, "family": 0.9842208623886108, "togetherness": 0.9824579358100891, "friendship": 0.97694331407547, "man": 0.9714610576629639, "laughing": 0.966164231300354, "adolescent": 0.9661045074462891, "sit": 0.9644034504890442, "child": 0.9598192572593689, "casual": 0.9536302089691162, "love": 0.9474962949752808, "college": 0.9292773604393005, "joy": 0.8813834190368652, "four": 0.8811183571815491, "cute": 0.8579922318458557, "indoors": 0.8440997004508972, "sitting": 0.7921815514564514, "girl": 0.7853851318359375}