{"desktop": 0.9919047355651855, "food": 0.9871244430541992, "color": 0.9854234457015991, "corn": 0.9822931885719299, "healthy": 0.97533118724823, "closeup": 0.9745487570762634, "texture": 0.97239089012146, "no person": 0.9611515998840332, "nutrition": 0.9497812986373901, "pattern": 0.947097659111023, "diet": 0.9388530850410461, "bright": 0.9378858804702759, "bean": 0.926154375076294, "abstract": 0.9260410070419312, "close": 0.9096971154212952, "coloring": 0.9059165716171265, "vegetable": 0.9041265249252319, "delicious": 0.9030898213386536, "decoration": 0.8931204676628113, "confection": 0.8908689022064209}