{"animal": 0.9943550825119019, "cute": 0.9922370314598083, "little": 0.9768626689910889, "domestic": 0.9662377834320068, "rat": 0.9637279510498047, "portrait": 0.9614108800888062, "funny": 0.9613264799118042, "mammal": 0.9596760272979736, "fur": 0.9580285549163818, "indoors": 0.957334578037262, "baby": 0.9539020657539368, "mouse": 0.9513399004936218, "horizontal": 0.9488073587417603, "pet": 0.9356525540351868, "humor": 0.9351732730865479, "hungry": 0.9323480725288391, "dog": 0.9144694805145264, "food": 0.905769944190979, "looking": 0.9048843383789062, "young": 0.8977461457252502}