{"dawn": 0.9954259991645813, "sun": 0.9928277134895325, "sunset": 0.9921842217445374, "no person": 0.9862972497940063, "fog": 0.9833406805992126, "travel": 0.9817672371864319, "water": 0.9726868271827698, "mist": 0.9711819291114807, "evening": 0.9509527087211609, "fair weather": 0.9499172568321228, "outdoors": 0.9293471574783325, "backlit": 0.9267280697822571, "silhouette": 0.9265695810317993, "dusk": 0.9243237972259521, "sea": 0.9089297652244568, "composure": 0.9054198265075684, "beach": 0.9043482542037964, "nature": 0.8977656364440918, "light": 0.8825862407684326, "sand": 0.8784464001655579}