{"architecture": 0.9769351482391357, "house": 0.9698987603187561, "outdoors": 0.9647148847579956, "tree": 0.9644725322723389, "sky": 0.9572251439094543, "travel": 0.953869104385376, "city": 0.9538147449493408, "no person": 0.9513225555419922, "nature": 0.9480710029602051, "grass": 0.9310698509216309, "water": 0.9228551983833313, "family": 0.9104483723640442, "building": 0.9101284146308899, "business": 0.9076546430587769, "town": 0.9049134850502014, "illustration": 0.903328001499176, "spherical": 0.8941200971603394, "landscape": 0.8884913921356201, "footpath": 0.8649845719337463, "wood": 0.8476564884185791}