{"corn": 0.9986409544944763, "agriculture": 0.9967669248580933, "cereal": 0.9966486096382141, "growth": 0.9942566752433777, "farm": 0.9935592412948608, "pasture": 0.9914175271987915, "field": 0.9912621974945068, "rural": 0.9893608689308167, "no person": 0.9845263957977295, "crop": 0.9801844954490662, "farmland": 0.9800670146942139, "countryside": 0.9758508205413818, "grow": 0.9679111242294312, "food": 0.9646058678627014, "summer": 0.9641077518463135, "cornfield": 0.9621384739875793, "environment": 0.9458641409873962, "straw": 0.9446328282356262, "flora": 0.9380243420600891, "country": 0.937015950679779}