{"no person": 0.9983117580413818, "isolated": 0.9849938750267029, "electronics": 0.9835178852081299, "graphic design": 0.9812352061271667, "internet": 0.976982593536377, "technology": 0.9725157618522644, "business": 0.9713077545166016, "contemporary": 0.9690460562705994, "travel": 0.9660764336585999, "equipment": 0.9563686847686768, "computer": 0.9442737698554993, "transportation system": 0.9320222735404968, "power": 0.9234113693237305, "illustration": 0.921359121799469, "leisure": 0.9171497821807861, "machinery": 0.9137536883354187, "data": 0.9067254066467285, "plastic": 0.9033092260360718, "industry": 0.8925791382789612, "family": 0.890554666519165}