{"woman": 0.9759916067123413, "summer": 0.9714699387550354, "vacation": 0.9701944589614868, "manga": 0.9662477374076843, "sky": 0.9557927846908569, "fun": 0.9548354744911194, "tropical": 0.9520670771598816, "art": 0.9414910674095154, "vector": 0.940655529499054, "water": 0.9384289383888245, "nature": 0.9379628896713257, "fantasy": 0.9198347926139832, "travel": 0.9191514253616333, "illustration": 0.912395179271698, "sketch": 0.9069165587425232, "narrative": 0.9051958322525024, "traditional": 0.9039992094039917, "outdoors": 0.9027990102767944, "leisure": 0.9001947641372681, "beach": 0.8830051422119141}