{"indoors": 0.9891936182975769, "window": 0.9804911613464355, "room": 0.9766578674316406, "no person": 0.9479219913482666, "door": 0.9385698437690735, "family": 0.9337961077690125, "furniture": 0.9293915033340454, "architecture": 0.9271318316459656, "hospital": 0.9268330931663513, "house": 0.9183286428451538, "contemporary": 0.91599041223526, "interior design": 0.9050496816635132, "inside": 0.9014906883239746, "light": 0.889674186706543, "design": 0.8815471529960632, "modern": 0.8586292862892151, "wall": 0.8508042097091675, "hotel": 0.8503999710083008, "art": 0.8331011533737183, "illustration": 0.8322011828422546}