{"machine": 0.9985429048538208, "tractor": 0.99498051404953, "soil": 0.9943453669548035, "vehicle": 0.9941385984420776, "equipment": 0.9905787110328674, "machinery": 0.9897130727767944, "transportation system": 0.981399655342102, "engine": 0.9785625338554382, "wheel": 0.9783061146736145, "heavy": 0.9704829454421997, "tank": 0.9494108557701111, "industry": 0.9347079992294312, "power": 0.9308891296386719, "track": 0.926550567150116, "army": 0.8991552591323853, "plow": 0.8949803709983826, "truck": 0.8806121945381165, "military": 0.8446458578109741, "diesel": 0.8378077745437622, "drive": 0.8333827257156372}