{"exhibition": 0.997685432434082, "museum": 0.9976546168327332, "room": 0.9966921806335449, "painting": 0.9933119416236877, "interior design": 0.9928786158561707, "furniture": 0.9904766082763672, "indoors": 0.9889350533485413, "art": 0.9728425145149231, "window": 0.9700024127960205, "house": 0.9680858254432678, "home": 0.9618862271308899, "trading floor": 0.9562885165214539, "seat": 0.9547834396362305, "mirror": 0.9482582211494446, "rug": 0.9373021721839905, "picture frame": 0.9212178587913513, "apartment": 0.9127289652824402, "architecture": 0.872519850730896, "table": 0.8589584231376648, "ceiling": 0.8487560153007507}