{"flower": 0.9885385036468506, "nature": 0.9881467223167419, "no person": 0.9787270426750183, "flora": 0.9659357070922852, "summer": 0.9550802111625671, "color": 0.9456750750541687, "desktop": 0.9423637986183167, "leaf": 0.9310593008995056, "blooming": 0.926302433013916, "fruit": 0.9142983555793762, "outdoors": 0.9136211276054382, "closeup": 0.9096598029136658, "food": 0.895298421382904, "garden": 0.893805742263794, "floral": 0.8865665793418884, "growth": 0.8784380555152893, "season": 0.8738972544670105, "bright": 0.8589560985565186, "beautiful": 0.8402875065803528, "perfume": 0.8353875279426575}