{"business": 0.9950459003448486, "text": 0.985829770565033, "stock": 0.979300856590271, "promotion": 0.9781886339187622, "market": 0.970802366733551, "well": 0.9692392945289612, "sale": 0.9676724076271057, "tag": 0.9643180966377258, "quality": 0.9606062173843384, "label": 0.9594675898551941, "desktop": 0.9476418495178223, "commerce": 0.9469695687294006, "advertising": 0.9461646676063538, "World Wide Web": 0.940392017364502, "sign": 0.9383901357650757, "image": 0.9344640374183655, "typography": 0.9314021468162537, "badge": 0.9268758296966553, "achievement": 0.9262666702270508, "no person": 0.9260699152946472}