{"touch": 0.9895234704017639, "internet": 0.9871476292610168, "graphic design": 0.9770298004150391, "data": 0.9723811745643616, "technology": 0.9720208644866943, "connection": 0.9674949645996094, "portable": 0.9644212126731873, "business": 0.9621049165725708, "designing": 0.959369957447052, "electronics": 0.9587962627410889, "spherical": 0.9541281461715698, "telephone": 0.9532655477523804, "facts": 0.9523846507072449, "wireless": 0.9459164142608643, "pill": 0.9451099634170532, "isolated": 0.9449116587638855, "no person": 0.9433484077453613, "app": 0.9352355003356934, "illustration": 0.928946316242218, "World Wide Web": 0.9224357604980469}