{"fruit": 0.9926614761352539, "food": 0.9914984107017517, "medicine": 0.9766635298728943, "health": 0.9744431376457214, "no person": 0.9741173982620239, "nutrition": 0.9385519027709961, "syringe": 0.9346200227737427, "healthcare": 0.9223102331161499, "science": 0.9014332294464111, "juicy": 0.891170084476471, "still life": 0.8811377882957458, "freshness": 0.8644564747810364, "delicious": 0.8395287394523621, "grow": 0.8393515944480896, "injection": 0.8384481072425842, "farming": 0.8288332223892212, "needle": 0.8280994296073914, "healthy": 0.813527524471283, "apple": 0.78704434633255, "disjunct": 0.7806057333946228}