{"tractor": 0.9966662526130676, "machinery": 0.9953688383102417, "machine": 0.994055986404419, "soil": 0.9922671914100647, "vehicle": 0.9887107014656067, "equipment": 0.9752606749534607, "no person": 0.9743887186050415, "industry": 0.9710392355918884, "agriculture": 0.960134744644165, "plow": 0.9568470120429993, "heavy": 0.9474387764930725, "power": 0.9340616464614868, "wheel": 0.9335780739784241, "outdoors": 0.9244281053543091, "ground": 0.9090889096260071, "dig up": 0.9079498052597046, "transportation system": 0.9055154323577881, "shovel": 0.8718464970588684, "ball-shaped": 0.8564810156822205, "arable": 0.8366017937660217}