{"health": 0.9953069090843201, "juicy": 0.9900410771369934, "nutrition": 0.9895059466362, "no person": 0.9875470995903015, "apple": 0.9843634963035583, "delicious": 0.9732162356376648, "juice": 0.9662759900093079, "food": 0.9610879421234131, "vitamin": 0.95954829454422, "game half": 0.9515988230705261, "isolated": 0.9445390105247498, "disjunct": 0.9430843591690063, "wet": 0.9383887648582458, "fruit": 0.9312402009963989, "stranded": 0.9282867312431335, "taste": 0.918681263923645, "healthy": 0.8931386470794678, "whole": 0.8844324350357056, "farming": 0.8736447691917419, "balanced diet": 0.8708787560462952}