{"diagram": 0.9989973902702332, "graph": 0.9955883026123047, "presentation": 0.985901415348053, "facts": 0.9835532903671265, "progress": 0.983447790145874, "procedure": 0.9804927706718445, "flat": 0.9755183458328247, "designing": 0.9733542203903198, "business": 0.9647343158721924, "information": 0.950354814529419, "education": 0.9490097761154175, "data": 0.9431583881378174, "World Wide Web": 0.9425357580184937, "internet": 0.9373931884765625, "layout": 0.9355926513671875, "arrow": 0.9317981600761414, "steps": 0.9276717305183411, "vectors": 0.9254295229911804, "template": 0.9239625334739685, "set up": 0.9230170845985413}