{"research": 0.9926222562789917, "text": 0.9921013712882996, "business": 0.9892444610595703, "lens": 0.9885393977165222, "discovery": 0.982633113861084, "loupe": 0.9813382625579834, "no person": 0.9813241362571716, "magnifier": 0.9750956892967224, "magnification": 0.9749292135238647, "newspaper": 0.9740884304046631, "book": 0.9704528450965881, "knowledge": 0.9675236344337463, "exploration": 0.9668754935264587, "achievement": 0.9607557058334351, "definition": 0.9577530026435852, "glass items": 0.9531329870223999, "focus": 0.9527959227561951, "facts": 0.9503864645957947, "study composition": 0.946221113204956, "conceptual": 0.9456369280815125}