{"illustration": 0.9864411950111389, "art": 0.9830374121665955, "desktop": 0.9753377437591553, "decoration": 0.9564965963363647, "nature": 0.9560223817825317, "leaf": 0.9498862624168396, "gold": 0.9492082595825195, "color": 0.9478935599327087, "design": 0.9465290307998657, "tree": 0.9435008764266968, "flora": 0.9299007058143616, "beautiful": 0.923084020614624, "image": 0.9212902784347534, "painting": 0.9167008996009827, "light": 0.913878858089447, "bright": 0.8668128252029419, "magic": 0.8660179376602173, "garden": 0.8659689426422119, "traditional": 0.8618660569190979, "culture": 0.8600636124610901}