{"graphic design": 0.9869312644004822, "no person": 0.9866697788238525, "bright": 0.9757723808288574, "creativity": 0.96920245885849, "horizontal": 0.9628329277038574, "dynamic": 0.9588350057601929, "wallpaper": 0.9565455317497253, "contemporary": 0.9507158398628235, "elegant": 0.94928377866745, "smooth": 0.949250340461731, "futuristic": 0.9484204053878784, "artistic": 0.944525420665741, "shining": 0.939086377620697, "dark": 0.9383276700973511, "crinkled": 0.9237850308418274, "space": 0.9233887195587158, "curve": 0.921890377998352, "design": 0.9145331382751465, "abstract": 0.9140622615814209, "vortex": 0.9066966772079468}