{"leaf": 0.9921764731407166, "nature": 0.9897799491882324, "food": 0.9879075884819031, "agriculture": 0.9837623834609985, "farm": 0.9821764230728149, "flora": 0.9799180626869202, "grow": 0.9765374660491943, "outdoors": 0.9749260544776917, "growth": 0.9720757007598877, "pasture": 0.9712255597114563, "vegetable": 0.9574562907218933, "health": 0.9406266212463379, "environment": 0.9384059906005859, "corn": 0.9267306923866272, "no person": 0.910793662071228, "crop": 0.905264675617218, "farming": 0.8692135810852051, "bamboo": 0.8653944134712219, "summer": 0.8541771173477173, "maturation": 0.8458657264709473}