{"no person": 0.9983918070793152, "ingredients": 0.997825026512146, "juicy": 0.9974645376205444, "health": 0.9966890215873718, "delicious": 0.9911215305328369, "nutrition": 0.9909121990203857, "nature": 0.9789470434188843, "vitamin": 0.9771928191184998, "farming": 0.9760035276412964, "balanced diet": 0.9752334356307983, "many": 0.9729938507080078, "pasture": 0.9722126126289368, "shining": 0.972065806388855, "round out": 0.9609673619270325, "leaf": 0.949456512928009, "food": 0.9375768899917603, "taste": 0.9344775676727295, "cooking": 0.931959867477417, "abundance": 0.9126390814781189, "kind": 0.8862393498420715}