{"syringe": 0.9986864924430847, "no person": 0.9962425231933594, "health": 0.9961010217666626, "injection": 0.9926590323448181, "needle": 0.987846314907074, "plastic": 0.9864972233772278, "hypodermic": 0.9860252737998962, "treatment": 0.9853643774986267, "healthcare": 0.9851028919219971, "isolated": 0.9813165664672852, "cure": 0.9809147119522095, "equipment": 0.9798399806022644, "medicine": 0.9723246097564697, "acute": 0.9663615822792053, "vaccination": 0.9625061750411987, "science": 0.9505359530448914, "research": 0.9323845505714417, "diabetes": 0.9131616353988647, "laboratory": 0.9020732045173645, "sterile": 0.8887622952461243}