{"no person": 0.994889497756958, "dinner": 0.9875397682189941, "courgette": 0.9868735671043396, "delicious": 0.978152334690094, "lunch": 0.9773283004760742, "health": 0.9733138680458069, "barbecue": 0.9678916931152344, "food": 0.9606009125709534, "vegetable": 0.959408700466156, "ready": 0.9567354917526245, "pepper": 0.9522005915641785, "nutrition": 0.9448152184486389, "hot": 0.9342655539512634, "cooking": 0.9278296232223511, "asparagus": 0.9171634316444397, "traditional": 0.902486264705658, "roasting": 0.8969911336898804, "meal": 0.8884822726249695, "skewer": 0.8833179473876953, "tomato": 0.8733366131782532}