{"vector": 0.9977419376373291, "template": 0.996278703212738, "banner": 0.9891665577888489, "layout": 0.9876400828361511, "illustration": 0.9873121976852417, "vectors": 0.980387806892395, "abstract": 0.9784383773803711, "booklet": 0.9766243100166321, "presentation": 0.973450779914856, "design": 0.9659464359283447, "diagram": 0.9622979164123535, "element": 0.9605967402458191, "label": 0.9584669470787048, "leaf": 0.9319619536399841, "number": 0.9294043183326721, "round": 0.929043710231781, "pattern": 0.9271784424781799, "form": 0.9222140908241272, "flora": 0.9185298681259155, "set": 0.916839063167572}