{"apple": 0.9951568245887756, "no person": 0.9886572957038879, "food": 0.980914831161499, "fruit": 0.9797438383102417, "nutrition": 0.967212975025177, "juicy": 0.9655171632766724, "delicious": 0.958460807800293, "health": 0.9527515769004822, "farming": 0.9377246499061584, "bright": 0.9033840894699097, "juice": 0.8914093971252441, "grow": 0.8725920915603638, "whole": 0.8667620420455933, "color": 0.8631066083908081, "vitamin": 0.8532789349555969, "nature": 0.8524433970451355, "confection": 0.8452740907669067, "round out": 0.8412320017814636, "taste": 0.8305200338363647, "disjunct": 0.8264685869216919}