{"fruit": 0.9873495697975159, "food": 0.9831159710884094, "summer": 0.9793943762779236, "healthy": 0.9548196196556091, "sweet": 0.9522314667701721, "nature": 0.9521461129188538, "nutrition": 0.9283182621002197, "delicious": 0.9225268959999084, "diet": 0.9207348227500916, "outdoors": 0.9160473942756653, "health": 0.9133171439170837, "freshness": 0.9125947952270508, "blueberry": 0.912290632724762, "refreshment": 0.8903307318687439, "pasture": 0.8875584602355957, "closeup": 0.876715362071991, "hand": 0.8742255568504333, "no person": 0.8737532496452332, "tasty": 0.8624534606933594, "berry": 0.8609309196472168}