{"no person": 0.9923100471496582, "ingredients": 0.9896653294563293, "pasture": 0.9870162606239319, "nutrition": 0.9827441573143005, "cereal": 0.9714670181274414, "health": 0.9622165560722351, "dry": 0.961846649646759, "bean": 0.9543377757072449, "many": 0.9527381658554077, "vegetable": 0.950645387172699, "farming": 0.9456794261932373, "grow": 0.927831768989563, "corn": 0.9165272116661072, "kind": 0.91472989320755, "agriculture": 0.9146216511726379, "outdoors": 0.9139809012413025, "legume": 0.9093167781829834, "abundance": 0.8966823816299438, "wheat": 0.8853175640106201, "seed": 0.875257134437561}