{"vector": 0.9749463200569153, "business": 0.9568519592285156, "illustration": 0.954319417476654, "graphic design": 0.9462571144104004, "horizontal": 0.9424850344657898, "internet": 0.9293225407600403, "no person": 0.9088550806045532, "text": 0.8895984292030334, "design": 0.8779053092002869, "vectors": 0.8761484622955322, "creativity": 0.875296950340271, "abstract": 0.8719737529754639, "achievement": 0.8611007928848267, "facts": 0.8600592613220215, "pattern": 0.8584662675857544, "simplicity": 0.8581187129020691, "leadership": 0.8316245079040527, "designing": 0.8012391924858093, "corporation": 0.7937657237052917, "paper": 0.7690296769142151}