{"disjunct": 0.9526104927062988, "business": 0.9409377574920654, "progress": 0.926517903804779, "diagram": 0.9229528903961182, "no person": 0.9162588119506836, "science": 0.9142197370529175, "research": 0.9120485186576843, "graph": 0.9009754061698914, "achievement": 0.8957536816596985, "education": 0.8824180364608765, "growth": 0.8817795515060425, "corporation": 0.8814342617988586, "chemistry": 0.8607267141342163, "horizontal": 0.8559094071388245, "designing": 0.8361777663230896, "strategy": 0.827686607837677, "illustration": 0.8274434208869934, "writing": 0.8173180818557739, "facts": 0.8147242069244385, "data": 0.7808212637901306}