{"technology": 0.9473632574081421, "desktop": 0.943120002746582, "abstract": 0.9221414923667908, "speed": 0.9167037010192871, "car": 0.9072309136390686, "insubstantial": 0.9029280543327332, "illuminated": 0.898798406124115, "motion": 0.8884762525558472, "light": 0.8866881132125854, "design": 0.8768422603607178, "illustration": 0.8725593090057373, "dark": 0.8571786284446716, "computer": 0.8294726014137268, "business": 0.8229560852050781, "futuristic": 0.8223066926002502, "modern": 0.8154076933860779, "communication": 0.8130519390106201, "bright": 0.7980060577392578, "line": 0.7941917181015015, "art": 0.7914054989814758}