{"graph": 0.986512303352356, "diagram": 0.9707639217376709, "growth": 0.9698171615600586, "stripe": 0.9551079273223877, "leaf": 0.9250898957252502, "illustration": 0.9188171625137329, "vector": 0.9165154099464417, "business": 0.9124167561531067, "vectors": 0.9018473625183105, "progress": 0.9013866782188416, "number": 0.8937774300575256, "nature": 0.8853593468666077, "time": 0.8767059445381165, "calendar": 0.8702234029769897, "set": 0.866946816444397, "no person": 0.8608576059341431, "disjunct": 0.8554292917251587, "design": 0.8490785956382751, "template": 0.8456925749778748, "health": 0.8425963521003723}