{"text": 0.9835438132286072, "vector": 0.9733202457427979, "page": 0.9688702821731567, "illustration": 0.9579098224639893, "template": 0.9427149891853333, "card": 0.9208025336265564, "abstract": 0.9184709191322327, "label": 0.8755188584327698, "picture frame": 0.8734661936759949, "graphic": 0.8585501909255981, "paper": 0.8573487401008606, "document": 0.8556559681892395, "form": 0.8509551882743835, "vectors": 0.8484205603599548, "design": 0.8381568193435669, "element": 0.8041461110115051, "sign": 0.803925096988678, "no person": 0.8029952645301819, "vintage": 0.8025035262107849, "time": 0.7832538485527039}