{"no person": 0.992638349533081, "paper": 0.9812053442001343, "business": 0.9680972099304199, "template": 0.9668089747428894, "graphic design": 0.9594074487686157, "stationery": 0.946443498134613, "facts": 0.9443002343177795, "banner": 0.928765594959259, "set": 0.9225319623947144, "stripe": 0.9221355319023132, "page": 0.9196907877922058, "presentation": 0.9177399277687073, "contemporary": 0.9175168871879578, "devoid": 0.9071266055107117, "internet": 0.9035815596580505, "identity": 0.8947750926017761, "flat": 0.8837929964065552, "World Wide Web": 0.8743448853492737, "navigation": 0.8683147430419922, "design": 0.8598827123641968}