{"warning": 0.9952070116996765, "danger": 0.9839794635772705, "grass": 0.977161705493927, "safety": 0.9748308062553406, "no person": 0.9724417328834534, "signal": 0.9717714190483093, "traffic": 0.9651740789413452, "forbidden": 0.9617655873298645, "road": 0.9551345705986023, "caution": 0.9550373554229736, "outdoors": 0.9452975988388062, "security": 0.9346652030944824, "street": 0.9303276538848877, "summer": 0.929845929145813, "barricade": 0.9260783195495605, "park": 0.9207960963249207, "signalise": 0.9156753420829773, "caveat": 0.9115509986877441, "business": 0.9061214923858643, "achievement": 0.8832313418388367}