{"business": 0.9940007328987122, "currency": 0.9920153617858887, "savings": 0.9896842241287231, "wealth": 0.9890611171722412, "hand": 0.988666296005249, "money": 0.9886196851730347, "isolated": 0.9830961227416992, "pay": 0.9766525030136108, "finance": 0.9747527241706848, "act of giving": 0.9710139632225037, "achievement": 0.9697996377944946, "bank": 0.9576053023338318, "held up": 0.9516720175743103, "paper": 0.9498155117034912, "loan": 0.940489649772644, "investment": 0.9355503916740417, "security": 0.897392988204956, "shopping": 0.8942568898200989, "bargain": 0.8716229200363159, "cash": 0.8702380061149597}