{"isolated": 0.9643939137458801, "paper": 0.9608520269393921, "no person": 0.9569042325019836, "facts": 0.9560831785202026, "business": 0.9542254209518433, "illustration": 0.9076814651489258, "data": 0.9044777750968933, "file": 0.900077223777771, "cardboard": 0.8969864249229431, "order": 0.8729988932609558, "devoid": 0.8607357740402222, "disjunct": 0.8256466388702393, "retro": 0.8209989070892334, "organization": 0.7897761464118958, "document": 0.7788581252098083, "post": 0.773648202419281, "empty": 0.7591211199760437, "label": 0.7545554041862488, "storage": 0.7536485195159912, "art": 0.7476280331611633}