{"text": 0.9636387228965759, "outdoors": 0.8644402027130127, "horizontal": 0.8534267544746399, "flora": 0.848423182964325, "vertical": 0.8375101685523987, "bill": 0.8374242186546326, "nature": 0.7917654514312744, "cloud": 0.7875944375991821, "travel": 0.7821568250656128, "signalise": 0.774949312210083, "business": 0.7621268033981323, "abstract": 0.697961688041687, "communication": 0.6920029520988464, "page": 0.6902750134468079, "desktop": 0.6899256706237793, "facts": 0.6896564364433289, "flower": 0.6816915273666382, "leaf": 0.673917829990387, "horizontal plane": 0.6708511114120483, "growth": 0.643774151802063}