{"agriculture": 0.9921627640724182, "cropland": 0.987234890460968, "farm": 0.9837971329689026, "no person": 0.9799514412879944, "pasture": 0.9467031359672546, "outdoors": 0.9436139464378357, "growth": 0.9435242414474487, "crop": 0.9350482821464539, "tractor": 0.923938512802124, "field": 0.9121399521827698, "grow": 0.8882654905319214, "farmland": 0.8789401054382324, "rural": 0.8715105652809143, "landscape": 0.8694520592689514, "vehicle": 0.8558577299118042, "soil": 0.8521878123283386, "nature": 0.8466997146606445, "daylight": 0.8408453464508057, "food": 0.8369328379631042, "countryside": 0.8269851207733154}