{"illustration": 0.9716207385063171, "bill": 0.9708712100982666, "vector": 0.9654162526130676, "celebration": 0.9620999097824097, "Halloween": 0.9522829055786133, "no person": 0.9519551396369934, "design": 0.9437254071235657, "party": 0.9358147382736206, "desktop": 0.934715211391449, "retro": 0.911470353603363, "art": 0.9100833535194397, "business": 0.9051172137260437, "graphic": 0.8979173898696899, "Christmas": 0.8887873888015747, "silhouette": 0.8858204483985901, "vacation": 0.8827840685844421, "sign": 0.8798624873161316, "traditional": 0.8790823221206665, "bright": 0.8764729499816895, "banner": 0.875798225402832}