{"dataset": "dataset_touche_topics=55+76+81_size=900.pkl", "use_likelihood": false, "pred_topic_id": 81, "model": "GradientBoostingClassifier", "model_params": {"learning_rate": 0.1, "loss": "log_loss", "n_estimators": 200}, "best_score_f1": 0.6708881131336046, "eval_metrics": {"accuracy": 0.8296296296296296, "precision": 0.8095238095238095, "recall": 0.6, "f1": 0.6891891891891893, "f1_weighted": 0.8217477681763398}}