{"dataset": "dataset_touche_topics=55+76+81_size=900.pkl", "use_likelihood": false, "pred_topic_id": 76, "model": "GradientBoostingClassifier", "model_params": {"learning_rate": 0.1, "loss": "exponential", "n_estimators": 200}, "best_score_f1": 0.8091211571350783, "eval_metrics": {"accuracy": 0.8888888888888888, "precision": 0.961038961038961, "recall": 0.7326732673267327, "f1": 0.8314606741573034, "f1_weighted": 0.8850814934370711}}