{"dataset": "dataset_clarifai_topics=55+76+81_size=900.pkl", "use_likelihood": false, "pred_topic_id": 81, "model": "GradientBoostingClassifier", "model_params": {"learning_rate": 0.1, "loss": "log_loss", "n_estimators": 200}, "best_score_f1": 0.6708229098993811, "eval_metrics": {"accuracy": 0.7962962962962963, "precision": 0.7777777777777778, "recall": 0.49411764705882355, "f1": 0.60431654676259, "f1_weighted": 0.7814549690256108}}