{"dataset": "dataset_touche_topics=55+76+81_size=900.pkl", "use_likelihood": true, "pred_topic_id": 76, "model": "SVC", "model_params": {"C": 1, "gamma": "scale", "kernel": "rbf"}, "best_score_f1": 0.8188038658240288, "eval_metrics": {"accuracy": 0.9148148148148149, "precision": 0.9534883720930233, "recall": 0.8118811881188119, "f1": 0.8770053475935828, "f1_weighted": 0.9132081802303431}}