{"dataset": "dataset_touche_topics=51+55+76+81+100_size=900.pkl", "use_likelihood": false, "pred_topic_id": 51, "model": "SVC", "model_params": {"C": 10, "gamma": "scale", "kernel": "rbf"}, "best_score_f1": 0.6185936326905529, "eval_metrics": {"accuracy": 0.8466666666666667, "precision": 0.6086956521739131, "recall": 0.5, "f1": 0.5490196078431373, "f1_weighted": 0.840689818095913}}