{"dataset": "dataset_clarifai_topics=55+76+81_size=900.pkl", "use_likelihood": false, "pred_topic_id": 55, "model": "GradientBoostingClassifier", "model_params": {"learning_rate": 0.1, "loss": "exponential", "n_estimators": 200}, "best_score_f1": 0.675915174237213, "eval_metrics": {"accuracy": 0.8, "precision": 0.7205882352941176, "recall": 0.5833333333333334, "f1": 0.6447368421052632, "f1_weighted": 0.7935973955507325}}