{"dataset": "dataset_touche_topics=51+55+76+81+100_size=900.pkl", "use_likelihood": false, "pred_topic_id": 51, "model": "PassiveAggressiveClassifier", "model_params": {"C": 10, "fit_intercept": true, "loss": "hinge", "max_iter": 3000}, "best_score_f1": 0.5696934043203532, "eval_metrics": {"accuracy": 0.8111111111111111, "precision": 0.49523809523809526, "recall": 0.6190476190476191, "f1": 0.5502645502645503, "f1_weighted": 0.8188154399124864}}