{"dataset": "dataset_touche_topics=55+76+81_size=900.pkl", "use_likelihood": false, "pred_topic_id": 81, "model": "PassiveAggressiveClassifier", "model_params": {"C": 100, "fit_intercept": true, "loss": "hinge", "max_iter": 1000}, "best_score_f1": 0.6615760272397042, "eval_metrics": {"accuracy": 0.8074074074074075, "precision": 0.7704918032786885, "recall": 0.5529411764705883, "f1": 0.6438356164383562, "f1_weighted": 0.797443643490511}}