{"dataset": "dataset_combined_topics=55+76+81_size=900.pkl", "use_likelihood": false, "pred_topic_id": 81, "model": "GradientBoostingClassifier", "model_params": {"learning_rate": 0.1, "loss": "log_loss", "n_estimators": 200}, "best_score_f1": 0.6991583075576742, "eval_metrics": {"accuracy": 0.8148148148148148, "precision": 0.7611940298507462, "recall": 0.6, "f1": 0.6710526315789473, "f1_weighted": 0.808145435180161}}