{"dataset": "dataset_touche_topics=51+55+76+81+100_size=900.pkl", "use_likelihood": true, "pred_topic_id": 55, "model": "GradientBoostingClassifier", "model_params": {"learning_rate": 0.1, "loss": "log_loss", "n_estimators": 100}, "best_score_f1": 0.6635185287397224, "eval_metrics": {"accuracy": 0.8777777777777778, "precision": 0.75, "recall": 0.5934065934065934, "f1": 0.6625766871165644, "f1_weighted": 0.8722298527810841}}