{"dataset": "dataset_touche_topics=51+55+76+81+100_size=900.pkl", "use_likelihood": false, "pred_topic_id": 100, "model": "SVC", "model_params": {"C": 10, "gamma": "scale", "kernel": "rbf"}, "best_score_f1": 0.6347988048561806, "eval_metrics": {"accuracy": 0.86, "precision": 0.7796610169491526, "recall": 0.4791666666666667, "f1": 0.5935483870967743, "f1_weighted": 0.8467668326477594}}