{"dataset": "dataset_touche_topics=51+55+76+81+100_size=900.pkl", "use_likelihood": true, "pred_topic_id": 100, "model": "PassiveAggressiveClassifier", "model_params": {"C": 100, "fit_intercept": false, "loss": "hinge", "max_iter": 1000}, "best_score_f1": 0.5910071713454264, "eval_metrics": {"accuracy": 0.8355555555555556, "precision": 0.6222222222222222, "recall": 0.5833333333333334, "f1": 0.6021505376344085, "f1_weighted": 0.8335941688503358}}