{"dataset": "dataset_touche_topics=55+76+81_size=900.pkl", "use_likelihood": true, "pred_topic_id": 76, "model": "GradientBoostingClassifier", "model_params": {"learning_rate": 0.1, "loss": "log_loss", "n_estimators": 200}, "best_score_f1": 0.8104341611302115, "eval_metrics": {"accuracy": 0.8814814814814815, "precision": 0.9156626506024096, "recall": 0.7524752475247525, "f1": 0.826086956521739, "f1_weighted": 0.878680634713854}}