{"dataset": "dataset_combined_topics=55+76+81_size=900.pkl", "use_likelihood": false, "pred_topic_id": 76, "model": "SVC", "model_params": {"C": 1, "gamma": "scale", "kernel": "rbf"}, "best_score_f1": 0.8498962584324955, "eval_metrics": {"accuracy": 0.9222222222222223, "precision": 0.9651162790697675, "recall": 0.8217821782178217, "f1": 0.8877005347593583, "f1_weighted": 0.9207552949929221}}