{"dataset": "dataset_touche_topics=51+55+76+81+100_size=900.pkl", "use_likelihood": true, "pred_topic_id": 55, "model": "PassiveAggressiveClassifier", "model_params": {"C": 10, "fit_intercept": false, "loss": "squared_hinge", "max_iter": 3000}, "best_score_f1": 0.6332249634645492, "eval_metrics": {"accuracy": 0.8333333333333334, "precision": 0.5851063829787234, "recall": 0.6043956043956044, "f1": 0.5945945945945946, "f1_weighted": 0.8343350343350343}}