{"dataset": "dataset_combined_topics=55+76+81_size=900.pkl", "use_likelihood": false, "pred_topic_id": 81, "model": "SVC", "model_params": {"C": 10, "gamma": "scale", "kernel": "rbf"}, "best_score_f1": 0.7233793478645862, "eval_metrics": {"accuracy": 0.8222222222222222, "precision": 0.7341772151898734, "recall": 0.6823529411764706, "f1": 0.7073170731707317, "f1_weighted": 0.8203886294182091}}