{"dataset": "dataset_clarifai_topics=55+76+81_size=900.pkl", "use_likelihood": true, "pred_topic_id": 55, "model": "PassiveAggressiveClassifier", "model_params": {"C": 10, "fit_intercept": true, "loss": "squared_hinge", "max_iter": 1000}, "best_score_f1": 0.6897070452808916, "eval_metrics": {"accuracy": 0.7703703703703704, "precision": 0.6896551724137931, "recall": 0.47619047619047616, "f1": 0.5633802816901408, "f1_weighted": 0.7568484047781946}}