{"dataset": "dataset_touche_topics=51+55+76+81+100_size=900.pkl", "use_likelihood": false, "pred_topic_id": 81, "model": "GradientBoostingClassifier", "model_params": {"learning_rate": 0.1, "loss": "log_loss", "n_estimators": 200}, "best_score_f1": 0.5689468415292682, "eval_metrics": {"accuracy": 0.8822222222222222, "precision": 0.8163265306122449, "recall": 0.47619047619047616, "f1": 0.6015037593984961, "f1_weighted": 0.8694123836318305}}