{"dataset": "dataset_touche_topics=51+55+76+81+100_size=900.pkl", "use_likelihood": false, "pred_topic_id": 81, "model": "PassiveAggressiveClassifier", "model_params": {"C": 100, "fit_intercept": true, "loss": "squared_hinge", "max_iter": 1000}, "best_score_f1": 0.5499289148125216, "eval_metrics": {"accuracy": 0.8644444444444445, "precision": 0.6493506493506493, "recall": 0.5952380952380952, "f1": 0.6211180124223602, "f1_weighted": 0.8621395932615561}}