{"dataset": "dataset_clarifai_topics=55+76+81_size=900.pkl", "use_likelihood": true, "pred_topic_id": 76, "model": "SVC", "model_params": {"C": 10, "gamma": "scale", "kernel": "rbf"}, "best_score_f1": 0.8203399525101254, "eval_metrics": {"accuracy": 0.8851851851851852, "precision": 0.8888888888888888, "recall": 0.7920792079207921, "f1": 0.8376963350785341, "f1_weighted": 0.8836884019440013}}