{"dataset": "dataset_touche_topics=55+76+81_size=900.pkl", "use_likelihood": true, "pred_topic_id": 55, "model": "SVC", "model_params": {"C": 100, "gamma": "auto", "kernel": "rbf"}, "best_score_f1": 0.741675299102304, "eval_metrics": {"accuracy": 0.8444444444444444, "precision": 0.7837837837837838, "recall": 0.6904761904761905, "f1": 0.7341772151898734, "f1_weighted": 0.8415578677623876}}