{"dataset": "dataset_touche_topics=51+55+76+81+100_size=900.pkl", "use_likelihood": false, "pred_topic_id": 81, "model": "SVC", "model_params": {"C": 10, "gamma": "scale", "kernel": "rbf"}, "best_score_f1": 0.5981739607458444, "eval_metrics": {"accuracy": 0.88, "precision": 0.734375, "recall": 0.5595238095238095, "f1": 0.6351351351351351, "f1_weighted": 0.8734876365727429}}