{"dataset": "dataset_combined_topics=55+76+81_size=900.pkl", "use_likelihood": true, "pred_topic_id": 76, "model": "SVC", "model_params": {"C": 1, "gamma": "scale", "kernel": "rbf"}, "best_score_f1": 0.8514146716294821, "eval_metrics": {"accuracy": 0.9259259259259259, "precision": 0.9550561797752809, "recall": 0.8415841584158416, "f1": 0.894736842105263, "f1_weighted": 0.9248565859092175}}