{"dataset": "dataset_touche_topics=55+76+81_size=900.pkl", "use_likelihood": true, "pred_topic_id": 81, "model": "GradientBoostingClassifier", "model_params": {"learning_rate": 0.1, "loss": "log_loss", "n_estimators": 200}, "best_score_f1": 0.655404048495542, "eval_metrics": {"accuracy": 0.8296296296296296, "precision": 0.782608695652174, "recall": 0.6352941176470588, "f1": 0.7012987012987013, "f1_weighted": 0.8243102129112492}}