{"dataset": "dataset_touche_topics=55+76+81_size=900.pkl", "use_likelihood": false, "pred_topic_id": 76, "model": "PassiveAggressiveClassifier", "model_params": {"C": 100, "fit_intercept": false, "loss": "squared_hinge", "max_iter": 1000}, "best_score_f1": 0.7935202653206705, "eval_metrics": {"accuracy": 0.8703703703703703, "precision": 0.9024390243902439, "recall": 0.7326732673267327, "f1": 0.8087431693989071, "f1_weighted": 0.8670904913270712}}