{"dataset": "dataset_touche_topics=51+55+76+81+100_size=900.pkl", "use_likelihood": true, "pred_topic_id": 76, "model": "SVC", "model_params": {"C": 100, "gamma": "auto", "kernel": "rbf"}, "best_score_f1": 0.7235361805950042, "eval_metrics": {"accuracy": 0.9066666666666666, "precision": 0.9076923076923077, "recall": 0.6210526315789474, "f1": 0.7375, "f1_weighted": 0.8998085585585586}}