{"dataset": "dataset_touche_topics=51+55+76+81+100_size=900.pkl", "use_likelihood": true, "pred_topic_id": 81, "model": "SVC", "model_params": {"C": 10, "gamma": "scale", "kernel": "rbf"}, "best_score_f1": 0.5983852321395541, "eval_metrics": {"accuracy": 0.8777777777777778, "precision": 0.7164179104477612, "recall": 0.5714285714285714, "f1": 0.6357615894039734, "f1_weighted": 0.8722847534755686}}