{"dataset": "dataset_clarifai_topics=55+76+81_size=900.pkl", "use_likelihood": true, "pred_topic_id": 55, "model": "GradientBoostingClassifier", "model_params": {"learning_rate": 0.1, "loss": "log_loss", "n_estimators": 200}, "best_score_f1": 0.6837244454745791, "eval_metrics": {"accuracy": 0.7925925925925926, "precision": 0.7, "recall": 0.5833333333333334, "f1": 0.6363636363636365, "f1_weighted": 0.7869262573925787}}