{"dataset": "dataset_touche_topics=55+76+81_size=900.pkl", "use_likelihood": true, "pred_topic_id": 76, "model": "PassiveAggressiveClassifier", "model_params": {"C": 1, "fit_intercept": false, "loss": "hinge", "max_iter": 3000}, "best_score_f1": 0.7956804678455607, "eval_metrics": {"accuracy": 0.8703703703703703, "precision": 0.8586956521739131, "recall": 0.7821782178217822, "f1": 0.8186528497409327, "f1_weighted": 0.8690289937546212}}