{"dataset": "dataset_touche_topics=55+76+81_size=900.pkl", "use_likelihood": true, "pred_topic_id": 81, "model": "PassiveAggressiveClassifier", "model_params": {"C": 100, "fit_intercept": false, "loss": "hinge", "max_iter": 3000}, "best_score_f1": 0.6585988949159332, "eval_metrics": {"accuracy": 0.7222222222222222, "precision": 0.5416666666666666, "recall": 0.7647058823529411, "f1": 0.6341463414634146, "f1_weighted": 0.7314241799134411}}