{"dataset": "dataset_clarifai_topics=55+76+81_size=900.pkl", "use_likelihood": false, "pred_topic_id": 81, "model": "PassiveAggressiveClassifier", "model_params": {"C": 1, "fit_intercept": true, "loss": "squared_hinge", "max_iter": 3000}, "best_score_f1": 0.6537731424912459, "eval_metrics": {"accuracy": 0.7925925925925926, "precision": 0.6933333333333334, "recall": 0.611764705882353, "f1": 0.65, "f1_weighted": 0.7888401559454192}}