{"dataset": "dataset_clarifai_topics=55+76+81_size=900.pkl", "use_likelihood": true, "pred_topic_id": 76, "model": "GradientBoostingClassifier", "model_params": {"learning_rate": 0.1, "loss": "exponential", "n_estimators": 200}, "best_score_f1": 0.7696191554819697, "eval_metrics": {"accuracy": 0.8481481481481481, "precision": 0.8488372093023255, "recall": 0.7227722772277227, "f1": 0.7807486631016043, "f1_weighted": 0.8452841473671336}}