{"dataset": "dataset_touche_topics=51+55+76+81+100_size=900.pkl", "use_likelihood": true, "pred_topic_id": 51, "model": "SVC", "model_params": {"C": 10, "gamma": "scale", "kernel": "rbf"}, "best_score_f1": 0.6209571849664016, "eval_metrics": {"accuracy": 0.8622222222222222, "precision": 0.6527777777777778, "recall": 0.5595238095238095, "f1": 0.6025641025641025, "f1_weighted": 0.8580341880341881}}