{"dataset": "dataset_touche_topics=51+55+76+81+100_size=900.pkl", "use_likelihood": true, "pred_topic_id": 81, "model": "GradientBoostingClassifier", "model_params": {"learning_rate": 0.1, "loss": "log_loss", "n_estimators": 200}, "best_score_f1": 0.5601044807004887, "eval_metrics": {"accuracy": 0.8711111111111111, "precision": 0.76, "recall": 0.4523809523809524, "f1": 0.5671641791044777, "f1_weighted": 0.8576199940246548}}