{"dataset": "dataset_combined_topics=55+76+81_size=900.pkl", "use_likelihood": true, "pred_topic_id": 76, "model": "PassiveAggressiveClassifier", "model_params": {"C": 100, "fit_intercept": true, "loss": "hinge", "max_iter": 3000}, "best_score_f1": 0.8074010105559457, "eval_metrics": {"accuracy": 0.8777777777777778, "precision": 0.8777777777777778, "recall": 0.7821782178217822, "f1": 0.8272251308900525, "f1_weighted": 0.8761844278758725}}