{"dataset": "dataset_clarifai_topics=55+76+81_size=900.pkl", "use_likelihood": false, "pred_topic_id": 76, "model": "GradientBoostingClassifier", "model_params": {"learning_rate": 0.1, "loss": "log_loss", "n_estimators": 200}, "best_score_f1": 0.7918512366073478, "eval_metrics": {"accuracy": 0.8592592592592593, "precision": 0.8620689655172413, "recall": 0.7425742574257426, "f1": 0.7978723404255319, "f1_weighted": 0.8568177340783724}}