{"dataset": "dataset_clarifai_topics=55+76+81_size=900.pkl", "use_likelihood": true, "pred_topic_id": 81, "model": "PassiveAggressiveClassifier", "model_params": {"C": 1, "fit_intercept": false, "loss": "hinge", "max_iter": 3000}, "best_score_f1": 0.6571758103851119, "eval_metrics": {"accuracy": 0.7666666666666667, "precision": 0.6447368421052632, "recall": 0.5764705882352941, "f1": 0.6086956521739131, "f1_weighted": 0.7629153760850447}}