{"dataset": "dataset_touche_topics=55+76+81_size=900.pkl", "use_likelihood": true, "pred_topic_id": 55, "model": "GradientBoostingClassifier", "model_params": {"learning_rate": 0.1, "loss": "exponential", "n_estimators": 200}, "best_score_f1": 0.7159948190333127, "eval_metrics": {"accuracy": 0.8333333333333334, "precision": 0.7746478873239436, "recall": 0.6547619047619048, "f1": 0.7096774193548387, "f1_weighted": 0.8291579388353583}}