{"dataset": "dataset_touche_topics=51+55+76+81+100_size=900.pkl", "use_likelihood": true, "pred_topic_id": 51, "model": "GradientBoostingClassifier", "model_params": {"learning_rate": 0.1, "loss": "log_loss", "n_estimators": 200}, "best_score_f1": 0.5358663884667196, "eval_metrics": {"accuracy": 0.8666666666666667, "precision": 0.7727272727272727, "recall": 0.40476190476190477, "f1": 0.5312499999999999, "f1_weighted": 0.8492875647668393}}