{"dataset": "dataset_touche_topics=51+55+76+81+100_size=900.pkl", "use_likelihood": true, "pred_topic_id": 100, "model": "GradientBoostingClassifier", "model_params": {"learning_rate": 0.1, "loss": "log_loss", "n_estimators": 200}, "best_score_f1": 0.5878681162198324, "eval_metrics": {"accuracy": 0.8622222222222222, "precision": 0.8863636363636364, "recall": 0.40625, "f1": 0.5571428571428573, "f1_weighted": 0.8413483709273184}}