{"dataset": "dataset_touche_topics=55+76+81_size=900.pkl", "use_likelihood": false, "pred_topic_id": 55, "model": "GradientBoostingClassifier", "model_params": {"learning_rate": 0.1, "loss": "log_loss", "n_estimators": 200}, "best_score_f1": 0.7263915018912922, "eval_metrics": {"accuracy": 0.8222222222222222, "precision": 0.7432432432432432, "recall": 0.6547619047619048, "f1": 0.6962025316455696, "f1_weighted": 0.8189232774427287}}