{"dataset": "dataset_touche_topics=51+55+76+81+100_size=900.pkl", "use_likelihood": false, "pred_topic_id": 76, "model": "GradientBoostingClassifier", "model_params": {"learning_rate": 0.1, "loss": "log_loss", "n_estimators": 200}, "best_score_f1": 0.6964681936924977, "eval_metrics": {"accuracy": 0.9044444444444445, "precision": 0.9193548387096774, "recall": 0.6, "f1": 0.7261146496815286, "f1_weighted": 0.8965240094145975}}