{"dataset": "dataset_combined_topics=55+76+81_size=900.pkl", "use_likelihood": false, "pred_topic_id": 55, "model": "GradientBoostingClassifier", "model_params": {"learning_rate": 0.1, "loss": "exponential", "n_estimators": 200}, "best_score_f1": 0.7429904593628234, "eval_metrics": {"accuracy": 0.8444444444444444, "precision": 0.7763157894736842, "recall": 0.7023809523809523, "f1": 0.7374999999999999, "f1_weighted": 0.8421929824561403}}