{"dataset": "dataset_combined_topics=55+76+81_size=900.pkl", "use_likelihood": false, "pred_topic_id": 55, "model": "SVC", "model_params": {"C": 100, "gamma": "auto", "kernel": "rbf"}, "best_score_f1": 0.769136705635856, "eval_metrics": {"accuracy": 0.8518518518518519, "precision": 0.7682926829268293, "recall": 0.75, "f1": 0.7590361445783131, "f1_weighted": 0.8513555111712447}}