{"dataset": "dataset_combined_topics=55+76+81_size=900.pkl", "use_likelihood": true, "pred_topic_id": 55, "model": "GradientBoostingClassifier", "model_params": {"learning_rate": 0.1, "loss": "log_loss", "n_estimators": 200}, "best_score_f1": 0.7252849805867674, "eval_metrics": {"accuracy": 0.837037037037037, "precision": 0.7631578947368421, "recall": 0.6904761904761905, "f1": 0.725, "f1_weighted": 0.8346783625730995}}