{"dataset": "dataset_touche_topics=51+55+76+81+100_size=900.pkl", "use_likelihood": true, "pred_topic_id": 55, "model": "SVC", "model_params": {"C": 1, "gamma": "scale", "kernel": "rbf"}, "best_score_f1": 0.6923982449754511, "eval_metrics": {"accuracy": 0.8933333333333333, "precision": 0.7792207792207793, "recall": 0.6593406593406593, "f1": 0.7142857142857143, "f1_weighted": 0.8899089253187614}}