{"dataset": "dataset_touche_topics=51+55+76+81+100_size=900.pkl", "use_likelihood": false, "pred_topic_id": 51, "model": "GradientBoostingClassifier", "model_params": {"learning_rate": 0.1, "loss": "log_loss", "n_estimators": 200}, "best_score_f1": 0.5703227819151401, "eval_metrics": {"accuracy": 0.8711111111111111, "precision": 0.7708333333333334, "recall": 0.44047619047619047, "f1": 0.5606060606060607, "f1_weighted": 0.856556186868687}}