{"dataset": "dataset_combined_topics=55+76+81_size=900.pkl", "use_likelihood": true, "pred_topic_id": 81, "model": "SVC", "model_params": {"C": 10, "gamma": "scale", "kernel": "rbf"}, "best_score_f1": 0.725788398242091, "eval_metrics": {"accuracy": 0.8185185185185185, "precision": 0.725, "recall": 0.6823529411764706, "f1": 0.7030303030303031, "f1_weighted": 0.8169786756453422}}