{"dataset": "dataset_clarifai_topics=55+76+81_size=900.pkl", "use_likelihood": false, "pred_topic_id": 55, "model": "SVC", "model_params": {"C": 1, "gamma": "scale", "kernel": "rbf"}, "best_score_f1": 0.729905218789102, "eval_metrics": {"accuracy": 0.8111111111111111, "precision": 0.72, "recall": 0.6428571428571429, "f1": 0.6792452830188679, "f1_weighted": 0.8079961702900345}}