{"dataset": "dataset_clarifai_topics=55+76+81_size=900.pkl", "use_likelihood": false, "pred_topic_id": 76, "model": "PassiveAggressiveClassifier", "model_params": {"C": 1, "fit_intercept": true, "loss": "squared_hinge", "max_iter": 3000}, "best_score_f1": 0.7699728694527443, "eval_metrics": {"accuracy": 0.8407407407407408, "precision": 0.7959183673469388, "recall": 0.7722772277227723, "f1": 0.7839195979899498, "f1_weighted": 0.8402408479892675}}