{"dataset": "dataset_touche_topics=55+76+81_size=900.pkl", "use_likelihood": false, "pred_topic_id": 55, "model": "SVC", "model_params": {"C": 100, "gamma": "auto", "kernel": "rbf"}, "best_score_f1": 0.7400653845341426, "eval_metrics": {"accuracy": 0.837037037037037, "precision": 0.7702702702702703, "recall": 0.6785714285714286, "f1": 0.721518987341772, "f1_weighted": 0.8340130043225013}}