{"dataset": "dataset_touche_topics=51+55+76+81+100_size=900.pkl", "use_likelihood": true, "pred_topic_id": 51, "model": "PassiveAggressiveClassifier", "model_params": {"C": 100, "fit_intercept": true, "loss": "squared_hinge", "max_iter": 1000}, "best_score_f1": 0.5841178143475707, "eval_metrics": {"accuracy": 0.7777777777777778, "precision": 0.43846153846153846, "recall": 0.6785714285714286, "f1": 0.5327102803738317, "f1_weighted": 0.7942108752713367}}