{"dataset": "dataset_touche_topics=55+76+81_size=900.pkl", "use_likelihood": true, "pred_topic_id": 81, "model": "SVC", "model_params": {"C": 10, "gamma": "scale", "kernel": "rbf"}, "best_score_f1": 0.7034338270932652, "eval_metrics": {"accuracy": 0.8407407407407408, "precision": 0.7625, "recall": 0.7176470588235294, "f1": 0.7393939393939394, "f1_weighted": 0.8393894500561166}}