{"dataset": "dataset_clarifai_topics=55+76+81_size=900.pkl", "use_likelihood": false, "pred_topic_id": 55, "model": "PassiveAggressiveClassifier", "model_params": {"C": 10, "fit_intercept": true, "loss": "hinge", "max_iter": 3000}, "best_score_f1": 0.6902325871951801, "eval_metrics": {"accuracy": 0.7703703703703704, "precision": 0.6486486486486487, "recall": 0.5714285714285714, "f1": 0.6075949367088608, "f1_weighted": 0.7661092333635245}}