{"dataset": "dataset_combined_topics=55+76+81_size=900.pkl", "use_likelihood": false, "pred_topic_id": 55, "model": "PassiveAggressiveClassifier", "model_params": {"C": 1, "fit_intercept": true, "loss": "hinge", "max_iter": 3000}, "best_score_f1": 0.7006787110426813, "eval_metrics": {"accuracy": 0.8148148148148148, "precision": 0.7073170731707317, "recall": 0.6904761904761905, "f1": 0.6987951807228916, "f1_weighted": 0.8141943889640558}}