{"dataset": "dataset_clarifai_topics=55+76+81_size=900.pkl", "use_likelihood": true, "pred_topic_id": 55, "model": "SVC", "model_params": {"C": 1, "gamma": "scale", "kernel": "rbf"}, "best_score_f1": 0.7312564328541449, "eval_metrics": {"accuracy": 0.8185185185185185, "precision": 0.7333333333333333, "recall": 0.6547619047619048, "f1": 0.6918238993710691, "f1_weighted": 0.815525732239445}}