{"dataset": "dataset_touche_topics=55+76+81_size=900.pkl", "use_likelihood": true, "pred_topic_id": 55, "model": "PassiveAggressiveClassifier", "model_params": {"C": 1, "fit_intercept": false, "loss": "hinge", "max_iter": 3000}, "best_score_f1": 0.7001297712142168, "eval_metrics": {"accuracy": 0.762962962962963, "precision": 0.6666666666666666, "recall": 0.47619047619047616, "f1": 0.5555555555555556, "f1_weighted": 0.7503928170594838}}