{"dataset": "dataset_touche_topics=51+55+76+81+100_size=900.pkl", "use_likelihood": false, "pred_topic_id": 76, "model": "SVC", "model_params": {"C": 100, "gamma": "auto", "kernel": "rbf"}, "best_score_f1": 0.7249749359716449, "eval_metrics": {"accuracy": 0.9022222222222223, "precision": 0.8923076923076924, "recall": 0.6105263157894737, "f1": 0.725, "f1_weighted": 0.8950375375375377}}