{"dataset": "dataset_combined_topics=55+76+81_size=900.pkl", "use_likelihood": false, "pred_topic_id": 76, "model": "PassiveAggressiveClassifier", "model_params": {"C": 100, "fit_intercept": true, "loss": "squared_hinge", "max_iter": 1000}, "best_score_f1": 0.8211651067177701, "eval_metrics": {"accuracy": 0.8962962962962963, "precision": 0.9010989010989011, "recall": 0.8118811881188119, "f1": 0.8541666666666666, "f1_weighted": 0.8950856747552149}}