{"dataset": "dataset_combined_topics=55+76+81_size=900.pkl", "use_likelihood": true, "pred_topic_id": 55, "model": "PassiveAggressiveClassifier", "model_params": {"C": 10, "fit_intercept": true, "loss": "hinge", "max_iter": 1000}, "best_score_f1": 0.7061220520383736, "eval_metrics": {"accuracy": 0.825925925925926, "precision": 0.7341772151898734, "recall": 0.6904761904761905, "f1": 0.7116564417177914, "f1_weighted": 0.8244104155252876}}