{"dataset": "dataset_touche_topics=51+55+76+81+100_size=900.pkl", "use_likelihood": true, "pred_topic_id": 81, "model": "PassiveAggressiveClassifier", "model_params": {"C": 10, "fit_intercept": false, "loss": "hinge", "max_iter": 3000}, "best_score_f1": 0.5596510429809883, "eval_metrics": {"accuracy": 0.8266666666666667, "precision": 0.5340909090909091, "recall": 0.5595238095238095, "f1": 0.5465116279069768, "f1_weighted": 0.8282059800664452}}