{"dataset": "dataset_combined_topics=55+76+81_size=900.pkl", "use_likelihood": true, "pred_topic_id": 55, "model": "SVC", "model_params": {"C": 100, "gamma": "auto", "kernel": "rbf"}, "best_score_f1": 0.7704212018922746, "eval_metrics": {"accuracy": 0.8444444444444444, "precision": 0.7560975609756098, "recall": 0.7380952380952381, "f1": 0.746987951807229, "f1_weighted": 0.843923286729807}}