{"dataset": "dataset_touche_topics=55+76+81_size=900.pkl", "use_likelihood": false, "pred_topic_id": 81, "model": "SVC", "model_params": {"C": 10, "gamma": "scale", "kernel": "rbf"}, "best_score_f1": 0.6986318019281653, "eval_metrics": {"accuracy": 0.8296296296296296, "precision": 0.7407407407407407, "recall": 0.7058823529411765, "f1": 0.7228915662650603, "f1_weighted": 0.8284880460642332}}