{"dataset": "dataset_combined_topics=55+76+81_size=900.pkl", "use_likelihood": false, "pred_topic_id": 81, "model": "PassiveAggressiveClassifier", "model_params": {"C": 1, "fit_intercept": false, "loss": "hinge", "max_iter": 3000}, "best_score_f1": 0.6550279165720562, "eval_metrics": {"accuracy": 0.7888888888888889, "precision": 0.6555555555555556, "recall": 0.6941176470588235, "f1": 0.6742857142857143, "f1_weighted": 0.7904587953903023}}