{"dataset": "dataset_clarifai_topics=55+76+81_size=900.pkl", "use_likelihood": true, "pred_topic_id": 81, "model": "SVC", "model_params": {"C": 1, "gamma": "scale", "kernel": "rbf"}, "best_score_f1": 0.6894747063636777, "eval_metrics": {"accuracy": 0.8148148148148148, "precision": 0.7868852459016393, "recall": 0.5647058823529412, "f1": 0.6575342465753424, "f1_weighted": 0.8052342725870297}}