{"dataset": "dataset_touche_topics=51+55+76+81+100_size=900.pkl", "use_likelihood": false, "pred_topic_id": 55, "model": "SVC", "model_params": {"C": 100, "gamma": "auto", "kernel": "rbf"}, "best_score_f1": 0.6869230459184449, "eval_metrics": {"accuracy": 0.8911111111111111, "precision": 0.7560975609756098, "recall": 0.6813186813186813, "f1": 0.7167630057803469, "f1_weighted": 0.8889527439199463}}