{"dataset": "dataset_touche_topics=51+55+76+81+100_size=900.pkl", "use_likelihood": false, "pred_topic_id": 100, "model": "PassiveAggressiveClassifier", "model_params": {"C": 1, "fit_intercept": false, "loss": "squared_hinge", "max_iter": 1000}, "best_score_f1": 0.590483108343322, "eval_metrics": {"accuracy": 0.8288888888888889, "precision": 0.6172839506172839, "recall": 0.5208333333333334, "f1": 0.5649717514124294, "f1_weighted": 0.8234134296051449}}