{"dataset": "dataset_touche_topics=55+76+81_size=900.pkl", "use_likelihood": false, "pred_topic_id": 76, "model": "SVC", "model_params": {"C": 100, "gamma": "auto", "kernel": "rbf"}, "best_score_f1": 0.8210835210575672, "eval_metrics": {"accuracy": 0.9111111111111111, "precision": 0.9425287356321839, "recall": 0.8118811881188119, "f1": 0.8723404255319149, "f1_weighted": 0.9095690952073932}}