{"dataset": "dataset_touche_topics=51+55+76+81+100_size=900.pkl", "use_likelihood": true, "pred_topic_id": 76, "model": "GradientBoostingClassifier", "model_params": {"learning_rate": 0.1, "loss": "log_loss", "n_estimators": 200}, "best_score_f1": 0.6846698263728952, "eval_metrics": {"accuracy": 0.9111111111111111, "precision": 0.9230769230769231, "recall": 0.631578947368421, "f1": 0.7499999999999999, "f1_weighted": 0.9045795795795797}}