{"dataset": "dataset_clarifai_topics=55+76+81_size=900.pkl", "use_likelihood": true, "pred_topic_id": 76, "model": "PassiveAggressiveClassifier", "model_params": {"C": 1, "fit_intercept": true, "loss": "squared_hinge", "max_iter": 1000}, "best_score_f1": 0.76322412879662, "eval_metrics": {"accuracy": 0.8444444444444444, "precision": 0.7864077669902912, "recall": 0.801980198019802, "f1": 0.7941176470588236, "f1_weighted": 0.8447440087145969}}