{"dataset": "dataset_touche_topics=51+55+76+81+100_size=900.pkl", "use_likelihood": true, "pred_topic_id": 76, "model": "PassiveAggressiveClassifier", "model_params": {"C": 1, "fit_intercept": false, "loss": "squared_hinge", "max_iter": 1000}, "best_score_f1": 0.6722443013130834, "eval_metrics": {"accuracy": 0.8377777777777777, "precision": 0.6571428571428571, "recall": 0.4842105263157895, "f1": 0.5575757575757576, "f1_weighted": 0.8282470968185255}}