{"dataset": "dataset_touche_topics=55+76+81_size=900.pkl", "use_likelihood": false, "pred_topic_id": 55, "model": "PassiveAggressiveClassifier", "model_params": {"C": 100, "fit_intercept": true, "loss": "squared_hinge", "max_iter": 3000}, "best_score_f1": 0.7011442616608303, "eval_metrics": {"accuracy": 0.7518518518518519, "precision": 0.6103896103896104, "recall": 0.5595238095238095, "f1": 0.5838509316770186, "f1_weighted": 0.7487489324818681}}