{"dataset": "dataset_touche_topics=51+55+76+81+100_size=900.pkl", "use_likelihood": false, "pred_topic_id": 55, "model": "GradientBoostingClassifier", "model_params": {"learning_rate": 0.1, "loss": "log_loss", "n_estimators": 200}, "best_score_f1": 0.6761660448308506, "eval_metrics": {"accuracy": 0.8888888888888888, "precision": 0.7662337662337663, "recall": 0.6483516483516484, "f1": 0.7023809523809524, "f1_weighted": 0.8853217972070432}}