{"dataset": "dataset_clarifai_topics=55+76+81_size=900.pkl", "use_likelihood": false, "pred_topic_id": 76, "model": "SVC", "model_params": {"C": 10, "gamma": "scale", "kernel": "rbf"}, "best_score_f1": 0.8170604886875769, "eval_metrics": {"accuracy": 0.8888888888888888, "precision": 0.8901098901098901, "recall": 0.801980198019802, "f1": 0.84375, "f1_weighted": 0.8875917943805874}}