{"dataset": "dataset_combined_topics=55+76+81_size=900.pkl", "use_likelihood": true, "pred_topic_id": 76, "model": "GradientBoostingClassifier", "model_params": {"learning_rate": 0.1, "loss": "log_loss", "n_estimators": 200}, "best_score_f1": 0.8129775479037814, "eval_metrics": {"accuracy": 0.9111111111111111, "precision": 0.9529411764705882, "recall": 0.801980198019802, "f1": 0.8709677419354839, "f1_weighted": 0.9092967215438511}}