{"dataset": "dataset_clarifai_topics=55+76+81_size=900.pkl", "use_likelihood": true, "pred_topic_id": 81, "model": "GradientBoostingClassifier", "model_params": {"learning_rate": 0.1, "loss": "exponential", "n_estimators": 200}, "best_score_f1": 0.6607810128678143, "eval_metrics": {"accuracy": 0.8111111111111111, "precision": 0.7931034482758621, "recall": 0.5411764705882353, "f1": 0.6433566433566433, "f1_weighted": 0.7997021170824696}}