{"dataset": "dataset_combined_topics=55+76+81_size=900.pkl", "use_likelihood": true, "pred_topic_id": 81, "model": "GradientBoostingClassifier", "model_params": {"learning_rate": 0.1, "loss": "log_loss", "n_estimators": 200}, "best_score_f1": 0.6961925844805229, "eval_metrics": {"accuracy": 0.825925925925926, "precision": 0.7794117647058824, "recall": 0.6235294117647059, "f1": 0.69281045751634, "f1_weighted": 0.8200784764092258}}