{"dataset": "dataset_touche_topics=51+55+76+81+100_size=900.pkl", "use_likelihood": false, "pred_topic_id": 100, "model": "GradientBoostingClassifier", "model_params": {"learning_rate": 0.1, "loss": "log_loss", "n_estimators": 200}, "best_score_f1": 0.6024538039498876, "eval_metrics": {"accuracy": 0.8555555555555555, "precision": 0.8444444444444444, "recall": 0.3958333333333333, "f1": 0.5390070921985816, "f1_weighted": 0.8342855007054822}}