{"dataset": "dataset_combined_topics=55+76+81_size=900.pkl", "use_likelihood": true, "pred_topic_id": 81, "model": "PassiveAggressiveClassifier", "model_params": {"C": 100, "fit_intercept": false, "loss": "hinge", "max_iter": 1000}, "best_score_f1": 0.6665149739135987, "eval_metrics": {"accuracy": 0.8037037037037037, "precision": 0.7, "recall": 0.6588235294117647, "f1": 0.6787878787878787, "f1_weighted": 0.8020381593714926}}