{"dataset": "dataset_clarifai_topics=55+76+81_size=900.pkl", "use_likelihood": false, "pred_topic_id": 81, "model": "SVC", "model_params": {"C": 1, "gamma": "auto", "kernel": "linear"}, "best_score_f1": 0.6910571845232336, "eval_metrics": {"accuracy": 0.7666666666666667, "precision": 0.6486486486486487, "recall": 0.5647058823529412, "f1": 0.6037735849056605, "f1_weighted": 0.7619637167995511}}