{"dataset": "dataset_touche_topics=51+55+76+81+100_size=900.pkl", "use_likelihood": false, "pred_topic_id": 55, "model": "PassiveAggressiveClassifier", "model_params": {"C": 1, "fit_intercept": false, "loss": "squared_hinge", "max_iter": 1000}, "best_score_f1": 0.6340000319306742, "eval_metrics": {"accuracy": 0.7888888888888889, "precision": 0.4827586206896552, "recall": 0.6153846153846154, "f1": 0.5410628019323672, "f1_weighted": 0.7978292239161805}}