{"dataset": "dataset_touche_topics=51+55+76+81+100_size=900.pkl", "use_likelihood": true, "pred_topic_id": 100, "model": "SVC", "model_params": {"C": 10, "gamma": "scale", "kernel": "rbf"}, "best_score_f1": 0.6266772395548681, "eval_metrics": {"accuracy": 0.86, "precision": 0.7704918032786885, "recall": 0.4895833333333333, "f1": 0.5987261146496815, "f1_weighted": 0.8476923472580603}}